  EFIT     09/12/2024    # 48224   300ms           0 129 129
 0.115000000E+01 0.300000000E+01 0.400000000E+00 0.500000000E-01 0.000000000E+00
 0.427343861E+00 0.234376830E-01-0.711738339E-02-0.181158448E-02 0.150869643E+00
 0.143167391E+06-0.711738339E-02 0.000000000E+00 0.427343861E+00 0.000000000E+00
 0.234376830E-01 0.000000000E+00-0.181158448E-02 0.000000000E+00 0.000000000E+00
 0.722728542E-01 0.721529067E-01 0.720325119E-01 0.719116862E-01 0.717904465E-01
 0.716688095E-01 0.715467922E-01 0.714244116E-01 0.713016849E-01 0.711786293E-01
 0.710552622E-01 0.709316011E-01 0.708076636E-01 0.706834674E-01 0.705590304E-01
 0.704343706E-01 0.703095061E-01 0.701844550E-01 0.700592359E-01 0.699338670E-01
 0.698083672E-01 0.696827551E-01 0.695570496E-01 0.694312697E-01 0.693054346E-01
 0.691795637E-01 0.690536763E-01 0.689277920E-01 0.688019306E-01 0.686761119E-01
 0.685503559E-01 0.684246829E-01 0.682991131E-01 0.681736671E-01 0.680483653E-01
 0.679232286E-01 0.677982779E-01 0.676735342E-01 0.675490188E-01 0.674247531E-01
 0.673007586E-01 0.671770570E-01 0.670536701E-01 0.669306199E-01 0.668079287E-01
 0.666856186E-01 0.665637123E-01 0.664422322E-01 0.663212013E-01 0.662006424E-01
 0.660805787E-01 0.659610334E-01 0.658420300E-01 0.657235920E-01 0.656057432E-01
 0.654885074E-01 0.653719087E-01 0.652559713E-01 0.651407196E-01 0.650261779E-01
 0.649123711E-01 0.647993239E-01 0.646870612E-01 0.645756082E-01 0.644649900E-01
 0.643552321E-01 0.642463600E-01 0.641383992E-01 0.640313757E-01 0.639253153E-01
 0.638202441E-01 0.637161883E-01 0.636131741E-01 0.635112281E-01 0.634103766E-01
 0.633106464E-01 0.632120643E-01 0.631146571E-01 0.630184517E-01 0.629234753E-01
 0.628297549E-01 0.627373180E-01 0.626461916E-01 0.625564034E-01 0.624679807E-01
 0.623809512E-01 0.622953423E-01 0.622111818E-01 0.621284974E-01 0.620473169E-01
 0.619676680E-01 0.618895785E-01 0.618130764E-01 0.617381895E-01 0.616649456E-01
 0.615933727E-01 0.615234986E-01 0.614553512E-01 0.613889583E-01 0.613243478E-01
 0.612615473E-01 0.612005847E-01 0.611414876E-01 0.610842837E-01 0.610290004E-01
 0.609756653E-01 0.609243057E-01 0.608749489E-01 0.608276221E-01 0.607823523E-01
 0.607391665E-01 0.606980914E-01 0.606591537E-01 0.606223798E-01 0.605877962E-01
 0.605554289E-01 0.605253039E-01 0.604974470E-01 0.604718838E-01 0.604486395E-01
 0.604277393E-01 0.604092081E-01 0.603930706E-01 0.603793510E-01 0.603680735E-01
 0.603592620E-01 0.603529400E-01 0.603491307E-01 0.603478572E-01
 0.138003535E+03 0.137361852E+03 0.136689746E+03 0.135987778E+03 0.135256509E+03
 0.134496498E+03 0.133708307E+03 0.132892496E+03 0.132049626E+03 0.131180257E+03
 0.130284950E+03 0.129364265E+03 0.128418763E+03 0.127449005E+03 0.126455551E+03
 0.125438962E+03 0.124399797E+03 0.123338619E+03 0.122255987E+03 0.121152462E+03
 0.120028604E+03 0.118884975E+03 0.117722134E+03 0.116540642E+03 0.115341061E+03
 0.114123949E+03 0.112889869E+03 0.111639380E+03 0.110373043E+03 0.109091419E+03
 0.107795068E+03 0.106484551E+03 0.105160428E+03 0.103823261E+03 0.102473608E+03
 0.101112032E+03 0.997390927E+02 0.983553504E+02 0.969613659E+02 0.955576998E+02
 0.941449127E+02 0.927235650E+02 0.912942175E+02 0.898574306E+02 0.884137649E+02
 0.869637811E+02 0.855080396E+02 0.840471010E+02 0.825815259E+02 0.811118750E+02
 0.796387086E+02 0.781625875E+02 0.766840722E+02 0.752037233E+02 0.737221013E+02
 0.722397668E+02 0.707572804E+02 0.692752026E+02 0.677940940E+02 0.663145153E+02
 0.648370269E+02 0.633621894E+02 0.618905634E+02 0.604227095E+02 0.589591883E+02
 0.575005602E+02 0.560473860E+02 0.546002261E+02 0.531596411E+02 0.517261916E+02
 0.503004382E+02 0.488829414E+02 0.474742619E+02 0.460749601E+02 0.446855967E+02
 0.433067322E+02 0.419389272E+02 0.405827422E+02 0.392387379E+02 0.379074748E+02
 0.365895135E+02 0.352854145E+02 0.339957384E+02 0.327210459E+02 0.314618973E+02
 0.302188535E+02 0.289924748E+02 0.277833219E+02 0.265919553E+02 0.254189357E+02
 0.242648235E+02 0.231301794E+02 0.220155639E+02 0.209215376E+02 0.198486611E+02
 0.187974950E+02 0.177685997E+02 0.167625359E+02 0.157798642E+02 0.148211451E+02
 0.138869392E+02 0.129778070E+02 0.120943092E+02 0.112370063E+02 0.104064589E+02
 0.960322749E+01 0.882787272E+01 0.808095515E+01 0.736303533E+01 0.667467385E+01
 0.601643127E+01 0.538886816E+01 0.479254510E+01 0.422802265E+01 0.369586139E+01
 0.319662188E+01 0.273086470E+01 0.229915041E+01 0.190203960E+01 0.154009282E+01
 0.121387066E+01 0.923933677E+00 0.670842446E+00 0.455157538E+00 0.277439523E+00
 0.138248973E+00 0.381464586E-01-0.223074497E-01-0.425521810E-01
-0.208737439E+00-0.209184188E+00-0.209598221E+00-0.209979537E+00-0.210328136E+00
-0.210644019E+00-0.210927185E+00-0.211177634E+00-0.211395366E+00-0.211580382E+00
-0.211732681E+00-0.211852263E+00-0.211939129E+00-0.211993278E+00-0.212014710E+00
-0.212003426E+00-0.211959425E+00-0.211882707E+00-0.211773272E+00-0.211631121E+00
-0.211456253E+00-0.211248668E+00-0.211008367E+00-0.210735349E+00-0.210429614E+00
-0.210091163E+00-0.209719994E+00-0.209316109E+00-0.208879508E+00-0.208410190E+00
-0.207908155E+00-0.207373403E+00-0.206805935E+00-0.206205749E+00-0.205572848E+00
-0.204907229E+00-0.204208894E+00-0.203477842E+00-0.202714073E+00-0.201917588E+00
-0.201088386E+00-0.200226467E+00-0.199331832E+00-0.198404480E+00-0.197444411E+00
-0.196451625E+00-0.195426123E+00-0.194367904E+00-0.193276969E+00-0.192153316E+00
-0.190996947E+00-0.189807861E+00-0.188586059E+00-0.187331540E+00-0.186044304E+00
-0.184724351E+00-0.183371682E+00-0.181986296E+00-0.180568193E+00-0.179117374E+00
-0.177633838E+00-0.176117585E+00-0.174568616E+00-0.172986930E+00-0.171372527E+00
-0.169725407E+00-0.168045571E+00-0.166333018E+00-0.164587748E+00-0.162809762E+00
-0.160999059E+00-0.159155639E+00-0.157279502E+00-0.155370649E+00-0.153429079E+00
-0.151454792E+00-0.149447789E+00-0.147408069E+00-0.145335632E+00-0.143230479E+00
-0.141092609E+00-0.138922022E+00-0.136718718E+00-0.134482698E+00-0.132213961E+00
-0.129912508E+00-0.127578337E+00-0.125211450E+00-0.122811846E+00-0.120379526E+00
-0.117914489E+00-0.115416735E+00-0.112886264E+00-0.110323077E+00-0.107727173E+00
-0.105098553E+00-0.102437215E+00-0.997431610E-01-0.970163903E-01-0.942569028E-01
-0.914646986E-01-0.886397777E-01-0.857821401E-01-0.828917858E-01-0.799687148E-01
-0.770129271E-01-0.740244227E-01-0.710032016E-01-0.679492638E-01-0.648626093E-01
-0.617432381E-01-0.585911501E-01-0.554063455E-01-0.521888242E-01-0.489385862E-01
-0.456556314E-01-0.423399600E-01-0.389915719E-01-0.356104670E-01-0.321966455E-01
-0.287501072E-01-0.252708523E-01-0.217588807E-01-0.182141923E-01-0.146367872E-01
-0.110266655E-01-0.738382703E-02-0.370827187E-02-0.000000000E+00
-0.151099628E+05-0.158506596E+05-0.165778329E+05-0.172914827E+05-0.179916089E+05
-0.186782117E+05-0.193512909E+05-0.200108466E+05-0.206568788E+05-0.212893874E+05
-0.219083726E+05-0.225138342E+05-0.231057723E+05-0.236841869E+05-0.242490780E+05
-0.248004456E+05-0.253382896E+05-0.258626101E+05-0.263734071E+05-0.268706806E+05
-0.273544306E+05-0.278246570E+05-0.282813599E+05-0.287245394E+05-0.291541952E+05
-0.295703276E+05-0.299729365E+05-0.303620218E+05-0.307375836E+05-0.310996219E+05
-0.314481367E+05-0.317831280E+05-0.321045958E+05-0.324125400E+05-0.327069607E+05
-0.329878579E+05-0.332552316E+05-0.335090817E+05-0.337494084E+05-0.339762115E+05
-0.341894911E+05-0.343892472E+05-0.345754798E+05-0.347481888E+05-0.349073744E+05
-0.350530364E+05-0.351851749E+05-0.353037898E+05-0.354088813E+05-0.355004493E+05
-0.355784937E+05-0.356430146E+05-0.356940120E+05-0.357314859E+05-0.357554362E+05
-0.357658630E+05-0.357627664E+05-0.357461462E+05-0.357160024E+05-0.356723352E+05
-0.356151445E+05-0.355444302E+05-0.354601924E+05-0.353624311E+05-0.352511463E+05
-0.351263379E+05-0.349880061E+05-0.348361507E+05-0.346707718E+05-0.344918694E+05
-0.342994434E+05-0.340934940E+05-0.338740210E+05-0.336410245E+05-0.333945045E+05
-0.331344610E+05-0.328608940E+05-0.325738034E+05-0.322731893E+05-0.319590517E+05
-0.316313906E+05-0.312902060E+05-0.309354978E+05-0.305672662E+05-0.301855110E+05
-0.297902323E+05-0.293814300E+05-0.289591043E+05-0.285232551E+05-0.280738823E+05
-0.276109860E+05-0.271345662E+05-0.266446228E+05-0.261411560E+05-0.256241656E+05
-0.250936517E+05-0.245496143E+05-0.239920534E+05-0.234209690E+05-0.228363610E+05
-0.222382296E+05-0.216265746E+05-0.210013961E+05-0.203626940E+05-0.197104685E+05
-0.190447194E+05-0.183654468E+05-0.176726507E+05-0.169663311E+05-0.162464880E+05
-0.155131213E+05-0.147662312E+05-0.140058175E+05-0.132318803E+05-0.124444195E+05
-0.116434353E+05-0.108289275E+05-0.100008963E+05-0.915934146E+04-0.830426315E+04
-0.743566131E+04-0.655353596E+04-0.565788709E+04-0.474871471E+04-0.382601880E+04
-0.288979938E+04-0.194005644E+04-0.976789977E+03-0.000000000E+00
-0.243416871E-04-0.337391892E-04-0.445914131E-04-0.568569844E-04-0.704899333E-04
-0.854401286E-04-0.101653729E-03-0.119073642E-03-0.137639991E-03-0.157290560E-03
-0.177961247E-03-0.199586477E-03-0.222099608E-03-0.245433301E-03-0.269519863E-03
-0.294291559E-03-0.319680885E-03-0.345620818E-03-0.372045019E-03-0.398888005E-03
-0.426085292E-03-0.453573492E-03-0.481290388E-03-0.509174969E-03-0.537167430E-03
-0.565209151E-03-0.593242633E-03-0.621211422E-03-0.649059990E-03-0.676733605E-03
-0.704178170E-03-0.731340058E-03-0.758165910E-03-0.784602443E-03-0.810596239E-03
-0.836093528E-03-0.861039980E-03-0.885380495E-03-0.909059004E-03-0.932018290E-03
-0.954199815E-03-0.975543584E-03-0.995988026E-03-0.101546992E-02-0.103392434E-02
-0.105128465E-02-0.106748257E-02-0.108244823E-02-0.109611032E-02-0.110839627E-02
-0.111923253E-02-0.112854481E-02-0.113625846E-02-0.114229886E-02-0.114659187E-02
-0.114906433E-02-0.114964455E-02-0.114826293E-02-0.114485252E-02-0.113934961E-02
-0.113169442E-02-0.112183167E-02-0.110971121E-02-0.109528862E-02-0.107852579E-02
-0.105939148E-02-0.103786174E-02-0.101392042E-02-0.987559450E-03-0.958779212E-03
-0.927588691E-03-0.894005618E-03-0.858056495E-03-0.819776535E-03-0.779209506E-03
-0.736407484E-03-0.691430518E-03-0.644346210E-03-0.595229226E-03-0.544160730E-03
-0.491227767E-03-0.436522598E-03-0.380141995E-03-0.322186521E-03-0.262759786E-03
-0.201967717E-03-0.139917825E-03-0.767185039E-04-0.124783470E-04 0.526944862E-04
 0.118692869E-03 0.185411255E-03 0.252746170E-03 0.320596654E-03 0.388864647E-03
 0.457455316E-03 0.526277329E-03 0.595243080E-03 0.664268859E-03 0.733274977E-03
 0.802185851E-03 0.870930046E-03 0.939440285E-03 0.100765342E-02 0.107551040E-02
 0.114295615E-02 0.120993956E-02 0.127641328E-02 0.134233366E-02 0.140766061E-02
 0.147235741E-02 0.153639063E-02 0.159972994E-02 0.166234795E-02 0.172422009E-02
 0.178532440E-02 0.184564147E-02 0.190515421E-02 0.196384775E-02 0.202170927E-02
 0.207872793E-02 0.213489465E-02 0.219020209E-02 0.224464442E-02 0.229821733E-02
 0.235091782E-02 0.240274417E-02 0.245369580E-02 0.250377320E-02-0.275757897E-04
-0.382074327E-04-0.504749685E-04-0.643276774E-04-0.797094622E-04-0.965594522E-04
-0.114812624E-03-0.134400426E-03-0.155251397E-03-0.177291761E-03-0.200446005E-03
-0.224637414E-03-0.249788574E-03-0.275821833E-03-0.302659715E-03-0.330225292E-03
-0.358442509E-03-0.387236460E-03-0.416533625E-03-0.446262052E-03-0.476351509E-03
-0.506733576E-03-0.537341711E-03-0.568111258E-03-0.598979429E-03-0.629885240E-03
-0.660769407E-03-0.691574208E-03-0.722243313E-03-0.752721584E-03-0.782954833E-03
-0.812889574E-03-0.842472741E-03-0.871651393E-03-0.900372404E-03-0.928582153E-03
-0.956226207E-03-0.983249010E-03-0.100959358E-02-0.103520124E-02-0.106001131E-02
-0.108396096E-02-0.110698492E-02-0.112901538E-02-0.114998187E-02-0.116981120E-02
-0.118842745E-02-0.120575208E-02-0.122170400E-02-0.123619984E-02-0.124915418E-02
-0.126047992E-02-0.127008871E-02-0.127789144E-02-0.128379881E-02-0.128772197E-02
-0.128957320E-02-0.128926667E-02-0.128671922E-02-0.128185118E-02-0.127458721E-02
-0.126485717E-02-0.125259693E-02-0.123774925E-02-0.122026452E-02-0.120010155E-02
-0.117722822E-02-0.115162214E-02-0.112327109E-02-0.109217350E-02-0.105833872E-02
-0.102178723E-02-0.982550630E-03-0.940671638E-03-0.896203825E-03-0.849211295E-03
-0.799768217E-03-0.747958240E-03-0.693873805E-03-0.637615363E-03-0.579290515E-03
-0.519013085E-03-0.456902162E-03-0.393081098E-03-0.327676514E-03-0.260817304E-03
-0.192633670E-03-0.123256193E-03-0.528149544E-04 0.185612740E-04 0.907457780E-04
 0.163614568E-03 0.237046969E-03 0.310926128E-03 0.385139445E-03 0.459578921E-03
 0.534141432E-03 0.608728935E-03 0.683248607E-03 0.757612922E-03 0.831739681E-03
 0.905551987E-03 0.978978183E-03 0.105195175E-02 0.112441120E-02 0.119629989E-02
 0.126756587E-02 0.133816170E-02 0.140804427E-02 0.147717454E-02 0.154551740E-02
 0.161304139E-02 0.167971857E-02 0.174552423E-02 0.181043677E-02 0.187443743E-02
 0.193751014E-02 0.199964133E-02 0.206081975E-02 0.212103630E-02 0.218028388E-02
 0.223855721E-02 0.229585274E-02 0.235216846E-02 0.240750380E-02 0.246185953E-02
 0.251523758E-02 0.256764104E-02 0.261907397E-02-0.313533828E-04-0.434201740E-04
-0.573293321E-04-0.730176904E-04-0.904157832E-04-0.109448700E-03-0.130036952E-03
-0.152097322E-03-0.175543694E-03-0.200287838E-03-0.226240149E-03-0.253310326E-03
-0.281407989E-03-0.310443239E-03-0.340327149E-03-0.370972192E-03-0.402292614E-03
-0.434204738E-03-0.466627222E-03-0.499481249E-03-0.532690679E-03-0.566182131E-03
-0.599885030E-03-0.633731597E-03-0.667656785E-03-0.701598174E-03-0.735495816E-03
-0.769292027E-03-0.802931143E-03-0.836359227E-03-0.869523740E-03-0.902373175E-03
-0.934856661E-03-0.966923549E-03-0.998522966E-03-0.102960337E-02-0.106011211E-02
-0.108999495E-02-0.111919564E-02-0.114765552E-02-0.117531307E-02-0.120210362E-02
-0.122795896E-02-0.125280715E-02-0.127657224E-02-0.129917419E-02-0.132052877E-02
-0.134054760E-02-0.135913828E-02-0.137620457E-02-0.139164670E-02-0.140536180E-02
-0.141724443E-02-0.142718716E-02-0.143508135E-02-0.144081792E-02-0.144428826E-02
-0.144538526E-02-0.144400431E-02-0.144004445E-02-0.143340948E-02-0.142400914E-02
-0.141176028E-02-0.139658801E-02-0.137842680E-02-0.135722156E-02-0.133292858E-02
-0.130551642E-02-0.127496663E-02-0.124127439E-02-0.120444892E-02-0.116451377E-02
-0.112150692E-02-0.107548063E-02-0.102650122E-02-0.974648554E-03-0.920015381E-03
-0.862706521E-03-0.802837879E-03-0.740535337E-03-0.675933538E-03-0.609174582E-03
-0.540406672E-03-0.469782738E-03-0.397459048E-03-0.323593868E-03-0.248346151E-03
-0.171874313E-03-0.943350952E-04-0.158825229E-04 0.633330152E-04 0.143165575E-03
 0.223474342E-03 0.304124199E-03 0.384986177E-03 0.465937797E-03 0.546863306E-03
 0.627653829E-03 0.708207424E-03 0.788429074E-03 0.868230606E-03 0.947530568E-03
 0.102625404E-02 0.110433245E-02 0.118170327E-02 0.125830985E-02 0.133410103E-02
 0.140903095E-02 0.148305868E-02 0.155614798E-02 0.162826697E-02 0.169938788E-02
 0.176948673E-02 0.183854310E-02 0.190653984E-02 0.197346284E-02 0.203930077E-02
 0.210404490E-02 0.216768885E-02 0.223022841E-02 0.229166134E-02 0.235198721E-02
 0.241120724E-02 0.246932414E-02 0.252634196E-02 0.258226598E-02 0.263710260E-02
 0.269085919E-02 0.274354403E-02-0.358172957E-04-0.495702901E-04-0.654019090E-04
-0.832320961E-04-0.102973454E-03-0.124532476E-03-0.147810764E-03-0.172706196E-03
-0.199114033E-03-0.226927944E-03-0.256040933E-03-0.286346178E-03-0.317737772E-03
-0.350111371E-03-0.383364752E-03-0.417398287E-03-0.452115345E-03-0.487422612E-03
-0.523230351E-03-0.559452594E-03-0.596007282E-03-0.632816335E-03-0.669805677E-03
-0.706905192E-03-0.744048633E-03-0.781173460E-03-0.818220623E-03-0.855134283E-03
-0.891861474E-03-0.928351696E-03-0.964556470E-03-0.100042882E-02-0.103592276E-02
-0.107099264E-02-0.110559263E-02-0.113967602E-02-0.117319461E-02-0.120609809E-02
-0.123833338E-02-0.126984405E-02-0.130056974E-02-0.133044562E-02-0.135940188E-02
-0.138736336E-02-0.141424914E-02-0.143997230E-02-0.146443976E-02-0.148755219E-02
-0.150920407E-02-0.152928395E-02-0.154767466E-02-0.156425391E-02-0.157889482E-02
-0.159146674E-02-0.160183615E-02-0.160986773E-02-0.161542554E-02-0.161837431E-02
-0.161858088E-02-0.161591570E-02-0.161025433E-02-0.160147911E-02-0.158948075E-02
-0.157415993E-02-0.155542889E-02-0.153321290E-02-0.150745169E-02-0.147810065E-02
-0.144513200E-02-0.140853559E-02-0.136831964E-02-0.132451113E-02-0.127715598E-02
-0.122631888E-02-0.117208296E-02-0.111454906E-02-0.105383483E-02-0.990073497E-03
-0.923412482E-03-0.854011779E-03-0.782042200E-03-0.707683505E-03-0.631122467E-03
-0.552550919E-03-0.472163815E-03-0.390157370E-03-0.306727286E-03-0.222067116E-03
-0.136366786E-03-0.498112745E-04 0.374205119E-04 0.125156688E-03 0.213233156E-03
 0.301494189E-03 0.389792859E-03 0.477991310E-03 0.565960887E-03 0.653582157E-03
 0.740744819E-03 0.827347528E-03 0.913297643E-03 0.998510931E-03 0.108291121E-02
 0.116642996E-02 0.124900594E-02 0.133058475E-02 0.141111843E-02 0.149056500E-02
 0.156888810E-02 0.164605653E-02 0.172204389E-02 0.179682820E-02 0.187039153E-02
 0.194271967E-02 0.201380179E-02 0.208363018E-02 0.215219992E-02 0.221950864E-02
 0.228555629E-02 0.235034488E-02 0.241387831E-02 0.247616214E-02 0.253720344E-02
 0.259701061E-02 0.265559326E-02 0.271296203E-02 0.276912851E-02 0.282410509E-02
 0.287790490E-02-0.411669961E-04-0.569254814E-04-0.750337411E-04-0.953883185E-04
-0.117877363E-03-0.142382434E-03-0.168780224E-03-0.196944160E-03-0.226745853E-03
-0.258056399E-03-0.290747508E-03-0.324692489E-03-0.359767082E-03-0.395850162E-03
-0.432824330E-03-0.470576389E-03-0.508997740E-03-0.547984686E-03-0.587438671E-03
-0.627266458E-03-0.667380240E-03-0.707697706E-03-0.748142043E-03-0.788641880E-03
-0.829131167E-03-0.869548978E-03-0.909839235E-03-0.949950356E-03-0.989834797E-03
-0.102944853E-02-0.106875041E-02-0.110770153E-02-0.114626441E-02-0.118440224E-02
-0.122207804E-02-0.125925377E-02-0.129588948E-02-0.133194243E-02-0.136736621E-02
-0.140210989E-02-0.143611723E-02-0.146932587E-02-0.150166661E-02-0.153306279E-02
-0.156342964E-02-0.159267391E-02-0.162069344E-02-0.164737695E-02-0.167260406E-02
-0.169624534E-02-0.171816265E-02-0.173820969E-02-0.175623271E-02-0.177207146E-02
-0.178556035E-02-0.179652985E-02-0.180480798E-02-0.181022212E-02-0.181260082E-02
-0.181177588E-02-0.180758446E-02-0.179987126E-02-0.178849081E-02-0.177330969E-02
-0.175420881E-02-0.173108548E-02-0.170385552E-02-0.167245504E-02-0.163684209E-02
-0.159699801E-02-0.155292843E-02-0.150466399E-02-0.145226060E-02-0.139579929E-02
-0.133538572E-02-0.127114918E-02-0.120324125E-02-0.113183401E-02-0.105711801E-02
-0.979299852E-03-0.898599627E-03-0.815248143E-03-0.729484113E-03-0.641551320E-03
-0.551695857E-03-0.460163513E-03-0.367197338E-03-0.273035456E-03-0.177909140E-03
-0.820411763E-04 0.143554773E-04 0.111078747E-03 0.207938219E-03 0.304755663E-03
 0.401365322E-03 0.497613996E-03 0.593360957E-03 0.688477708E-03 0.782847629E-03
 0.876365530E-03 0.968937125E-03 0.106047846E-02 0.115091533E-02 0.124018262E-02
 0.132822370E-02 0.141498982E-02 0.150043948E-02 0.158453784E-02 0.166725618E-02
 0.174857133E-02 0.182846520E-02 0.190692428E-02 0.198393921E-02 0.205950434E-02
 0.213361741E-02 0.220627912E-02 0.227749287E-02 0.234726441E-02 0.241560162E-02
 0.248251424E-02 0.254801363E-02 0.261211259E-02 0.267482519E-02 0.273616654E-02
 0.279615273E-02 0.285480061E-02 0.291212773E-02 0.296815220E-02 0.302289260E-02
-0.476899139E-04-0.658682791E-04-0.867076432E-04-0.110071397E-03-0.135813805E-03
-0.163782686E-03-0.193821840E-03-0.225773186E-03-0.259478601E-03-0.294781455E-03
-0.331527890E-03-0.369567855E-03-0.408755952E-03-0.448952105E-03-0.490022092E-03
-0.531837959E-03-0.574278335E-03-0.617228669E-03-0.660581406E-03-0.704236113E-03
-0.748099574E-03-0.792085845E-03-0.836116282E-03-0.880119508E-03-0.924031325E-03
-0.967794525E-03-0.101135860E-02-0.105467933E-02-0.109771819E-02-0.114044167E-02
-0.118282044E-02-0.122482842E-02-0.126644169E-02-0.130763745E-02-0.134839284E-02
-0.138868374E-02-0.142848364E-02-0.146776244E-02-0.150648527E-02-0.154461134E-02
-0.158209285E-02-0.161887386E-02-0.165488927E-02-0.169006382E-02-0.172431118E-02
-0.175753318E-02-0.178961912E-02-0.182044534E-02-0.184987487E-02-0.187775746E-02
-0.190392981E-02-0.192821606E-02-0.195042871E-02-0.197036972E-02-0.198783203E-02
-0.200260127E-02-0.201445786E-02-0.202317928E-02-0.202854258E-02-0.203032714E-02
-0.202831751E-02-0.202230647E-02-0.201209814E-02-0.199751114E-02-0.197838180E-02
-0.195456725E-02-0.192594839E-02-0.189243270E-02-0.185395664E-02-0.181048776E-02
-0.176202634E-02-0.170860648E-02-0.165029665E-02-0.158719957E-02-0.151945154E-02
-0.144722107E-02-0.137070682E-02-0.129013510E-02-0.120575666E-02-0.111784316E-02
-0.102668321E-02-0.932578211E-03-0.835838128E-03-0.736777288E-03-0.635710355E-03
-0.532948585E-03-0.428796467E-03-0.323548781E-03-0.217488153E-03-0.110883074E-03
-0.398641234E-05 0.102965626E-03 0.209754128E-03 0.316177735E-03 0.422052588E-03
 0.527212025E-03 0.631506049E-03 0.734800651E-03 0.836977006E-03 0.937930590E-03
 0.103757024E-02 0.113581721E-02 0.123260420E-02 0.132787442E-02 0.142158068E-02
 0.151368450E-02 0.160415530E-02 0.169296961E-02 0.178011035E-02 0.186556612E-02
 0.194933062E-02 0.203140206E-02 0.211178263E-02 0.219047803E-02 0.226749702E-02
 0.234285107E-02 0.241655397E-02 0.248862150E-02 0.255907121E-02 0.262792209E-02
 0.269519440E-02 0.276090944E-02 0.282508937E-02 0.288775706E-02 0.294893595E-02
 0.300864992E-02 0.306692319E-02 0.312378021E-02 0.317924557E-02-0.558164407E-04
-0.769648079E-04-0.101128948E-03-0.128124177E-03-0.157757204E-03-0.189830097E-03
-0.224143603E-03-0.260499816E-03-0.298704234E-03-0.338567330E-03-0.379905713E-03
-0.422543011E-03-0.466310530E-03-0.511047743E-03-0.556602648E-03-0.602832002E-03
-0.649601461E-03-0.696785649E-03-0.744268180E-03-0.791941688E-03-0.839707878E-03
-0.887477619E-03-0.935171086E-03-0.982717906E-03-0.103005726E-02-0.107713786E-02
-0.112391780E-02-0.117036408E-02-0.121645194E-02-0.126216391E-02-0.130748865E-02
-0.135241952E-02-0.139695316E-02-0.144108784E-02-0.148482195E-02-0.152815238E-02
-0.157107298E-02-0.161357304E-02-0.165563578E-02-0.169723693E-02-0.173834317E-02
-0.177891078E-02-0.181888405E-02-0.185819396E-02-0.189675667E-02-0.193447226E-02
-0.197122354E-02-0.200687505E-02-0.204127234E-02-0.207424160E-02-0.210558970E-02
-0.213510462E-02-0.216255643E-02-0.218769874E-02-0.221027054E-02-0.222999861E-02
-0.224660017E-02-0.225978598E-02-0.226926365E-02-0.227474129E-02-0.227593134E-02
-0.227255466E-02-0.226434478E-02-0.225105240E-02-0.223244986E-02-0.220833579E-02
-0.217853951E-02-0.214292526E-02-0.210139607E-02-0.205389705E-02-0.200041800E-02
-0.194099531E-02-0.187571293E-02-0.180470251E-02-0.172814243E-02-0.164625602E-02
-0.155930859E-02-0.146760359E-02-0.137147781E-02-0.127129582E-02-0.116744383E-02
-0.106032320E-02-0.950343791E-03-0.837917578E-03-0.723452586E-03-0.607347461E-03
-0.489986771E-03-0.371737129E-03-0.252944178E-03-0.133930403E-03-0.149937281E-04
 0.103593195E-03 0.221583094E-03 0.338753692E-03 0.454906932E-03 0.569867891E-03
 0.683483500E-03 0.795621110E-03 0.906166985E-03 0.101502477E-02 0.112211396E-02
 0.122736844E-02 0.133073503E-02 0.143217218E-02 0.153164867E-02 0.162914249E-02
 0.172463972E-02 0.181813361E-02 0.190962360E-02 0.199911460E-02 0.208661622E-02
 0.217214211E-02 0.225570939E-02 0.233733816E-02 0.241705096E-02 0.249487247E-02
 0.257082906E-02 0.264494851E-02 0.271725974E-02 0.278779257E-02 0.285657747E-02
 0.292364544E-02 0.298902779E-02 0.305275604E-02 0.311486180E-02 0.317537665E-02
 0.323433206E-02 0.329175936E-02 0.334768960E-02-0.662224572E-04-0.910895063E-04
-0.119367260E-03-0.150799820E-03-0.185126915E-03-0.222089591E-03-0.261434244E-03
-0.302915239E-03-0.346296423E-03-0.391351941E-03-0.437866676E-03-0.485636557E-03
-0.534468814E-03-0.584182209E-03-0.634607174E-03-0.685585811E-03-0.736971719E-03
-0.788629683E-03-0.840435312E-03-0.892274737E-03-0.944044513E-03-0.995651802E-03
-0.104701487E-02-0.109806383E-02-0.114874145E-02-0.119900380E-02-0.124882060E-02
-0.129817493E-02-0.134706235E-02-0.139548948E-02-0.144347204E-02-0.149103260E-02
-0.153819822E-02-0.158499815E-02-0.163146153E-02-0.167761539E-02-0.172348271E-02
-0.176908064E-02-0.181441881E-02-0.185949758E-02-0.190430634E-02-0.194882163E-02
-0.199300520E-02-0.203680196E-02-0.208013776E-02-0.212291724E-02-0.216502169E-02
-0.220630705E-02-0.224660233E-02-0.228570842E-02-0.232339759E-02-0.235941374E-02
-0.239347347E-02-0.242526795E-02-0.245446556E-02-0.248071518E-02-0.250364995E-02
-0.252289134E-02-0.253805362E-02-0.254874845E-02-0.255458975E-02-0.255519900E-02
-0.255021081E-02-0.253927904E-02-0.252208327E-02-0.249833566E-02-0.246778782E-02
-0.243023757E-02-0.238553514E-02-0.233358854E-02-0.227436786E-02-0.220790836E-02
-0.213431231E-02-0.205374945E-02-0.196645614E-02-0.187273304E-02-0.177294108E-02
-0.166749585E-02-0.155686015E-02-0.144153515E-02-0.132205031E-02-0.119895262E-02
-0.107279590E-02-0.944130369E-03-0.813493327E-03-0.681401104E-03-0.548342542E-03
-0.414774097E-03-0.281116513E-03-0.147752917E-03-0.150281749E-04 0.116750741E-03
 0.247313573E-03 0.376424999E-03 0.503882454E-03 0.629513688E-03 0.753174203E-03
 0.874744668E-03 0.994128374E-03 0.111124880E-02 0.122604732E-02 0.133848106E-02
 0.144852093E-02 0.155614983E-02 0.166136105E-02 0.176415681E-02 0.186454692E-02
 0.196254770E-02 0.205818091E-02 0.215147286E-02 0.224245364E-02 0.233115641E-02
 0.241761684E-02 0.250187254E-02 0.258396266E-02 0.266392750E-02 0.274180812E-02
 0.281764615E-02 0.289148348E-02 0.296336210E-02 0.303332390E-02 0.310141054E-02
 0.316766336E-02 0.323212322E-02 0.329483050E-02 0.335582497E-02 0.341514579E-02
 0.347283144E-02 0.352891970E-02-0.800339388E-04-0.109665529E-03-0.143118094E-03
-0.180028824E-03-0.220045283E-03-0.262832421E-03-0.308075428E-03-0.355479574E-03
-0.404768461E-03-0.455681960E-03-0.507974721E-03-0.561415625E-03-0.615788030E-03
-0.670890430E-03-0.726536990E-03-0.782557573E-03-0.838797054E-03-0.895113986E-03
-0.951378914E-03-0.100747279E-02-0.106328599E-02-0.111871849E-02-0.117368121E-02
-0.122809872E-02-0.128191243E-02-0.133508375E-02-0.138759606E-02-0.143945515E-02
-0.149068770E-02-0.154133820E-02-0.159146488E-02-0.164113524E-02-0.169042182E-02
-0.173939845E-02-0.178813724E-02-0.183670614E-02-0.188516707E-02-0.193357426E-02
-0.198197285E-02-0.203039733E-02-0.207886980E-02-0.212739801E-02-0.217597286E-02
-0.222456558E-02-0.227312436E-02-0.232157075E-02-0.236979563E-02-0.241765531E-02
-0.246496786E-02-0.251151010E-02-0.255701576E-02-0.260117502E-02-0.264363580E-02
-0.268400671E-02-0.272186142E-02-0.275674405E-02-0.278817501E-02-0.281565685E-02
-0.283867988E-02-0.285672753E-02-0.286928172E-02-0.287582855E-02-0.287586488E-02
-0.286890606E-02-0.285449510E-02-0.283221329E-02-0.280169173E-02-0.276262300E-02
-0.271477207E-02-0.265798538E-02-0.259219754E-02-0.251743570E-02-0.243382197E-02
-0.234157452E-02-0.224100754E-02-0.213252949E-02-0.201663910E-02-0.189391786E-02
-0.176501877E-02-0.163065138E-02-0.149156407E-02-0.134852484E-02-0.120230229E-02
-0.105364790E-02-0.903281028E-03-0.751876896E-03-0.600058058E-03-0.448389053E-03
-0.297373948E-03-0.147456255E-03 0.979304896E-06 0.147603710E-03 0.292139675E-03
 0.434357180E-03 0.574068805E-03 0.711125070E-03 0.845409944E-03 0.976836620E-03
 0.110534362E-02 0.123089124E-02 0.135345839E-02 0.147303971E-02 0.158964311E-02
 0.170328758E-02 0.181400122E-02 0.192181965E-02 0.202678453E-02 0.212894236E-02
 0.222834339E-02 0.232504078E-02 0.241908978E-02 0.251054711E-02 0.259947043E-02
 0.268591791E-02 0.276994777E-02 0.285161808E-02 0.293098642E-02 0.300810975E-02
 0.308304418E-02 0.315584489E-02 0.322656600E-02 0.329526053E-02 0.336198032E-02
 0.342677601E-02 0.348969700E-02 0.355079149E-02 0.361010640E-02 0.366768748E-02
 0.372357924E-02-0.992676619E-04-0.135161444E-03-0.175213139E-03-0.218901231E-03
-0.265759433E-03-0.315379864E-03-0.367405346E-03-0.421516111E-03-0.477416222E-03
-0.534823693E-03-0.593466170E-03-0.653081910E-03-0.713424194E-03-0.774266653E-03
-0.835407206E-03-0.896669232E-03-0.957899561E-03-0.101896373E-02-0.107973951E-02
-0.114011008E-02-0.119995872E-02-0.125916695E-02-0.131761780E-02-0.137520462E-02
-0.143184372E-02-0.148748702E-02-0.154213061E-02-0.159581648E-02-0.164862731E-02
-0.170067652E-02-0.175209675E-02-0.180302915E-02-0.185361517E-02-0.190399103E-02
-0.195428459E-02-0.200461398E-02-0.205508713E-02-0.210580181E-02-0.215684564E-02
-0.220829566E-02-0.226021744E-02-0.231266340E-02-0.236567013E-02-0.241925480E-02
-0.247341029E-02-0.252809908E-02-0.258324608E-02-0.263873047E-02-0.269437725E-02
-0.274994934E-02-0.280514157E-02-0.285957791E-02-0.291281292E-02-0.296433793E-02
-0.301359085E-02-0.305996805E-02-0.310283586E-02-0.314154010E-02-0.317541268E-02
-0.320377568E-02-0.322594404E-02-0.324122821E-02-0.324893853E-02-0.324839265E-02
-0.323892748E-02-0.321991641E-02-0.319079144E-02-0.315106810E-02-0.310036900E-02
-0.303844142E-02-0.296516568E-02-0.288055522E-02-0.278475332E-02-0.267803221E-02
-0.256079737E-02-0.243359452E-02-0.229711375E-02-0.215218471E-02-0.199975979E-02
-0.184088579E-02-0.167666767E-02-0.150822917E-02-0.133667520E-02-0.116305962E-02
-0.988360628E-03-0.813464144E-03-0.639154924E-03-0.466114008E-03-0.294921096E-03
-0.126060344E-03 0.400717074E-04 0.203157119E-03 0.362947224E-03 0.519253505E-03
 0.671939033E-03 0.820910636E-03 0.966111894E-03 0.110751697E-02 0.124512525E-02
 0.137895669E-02 0.150904789E-02 0.163544874E-02 0.175821955E-02 0.187742870E-02
 0.199315063E-02 0.210546421E-02 0.221445133E-02 0.232019580E-02 0.242278239E-02
 0.252229614E-02 0.261882169E-02 0.271244282E-02 0.280324206E-02 0.289130044E-02
 0.297669718E-02 0.305950961E-02 0.313981300E-02 0.321768050E-02 0.329318312E-02
 0.336638967E-02 0.343736681E-02 0.350617905E-02 0.357288877E-02 0.363755634E-02
 0.370024007E-02 0.376099635E-02 0.381987971E-02 0.387694283E-02 0.393223667E-02
-0.127866710E-03-0.172206934E-03-0.220681897E-03-0.272555411E-03-0.327284440E-03
-0.384487009E-03-0.443882656E-03-0.505229178E-03-0.568273463E-03-0.632726165E-03
-0.698262281E-03-0.764542149E-03-0.831241569E-03-0.898078568E-03-0.964828694E-03
-0.103132707E-02-0.109745970E-02-0.116314754E-02-0.122832580E-02-0.129292000E-02
-0.135682151E-02-0.141986882E-02-0.148184620E-02-0.154251145E-02-0.160165165E-02
-0.165914490E-02-0.171499761E-02-0.176934229E-02-0.182240421E-02-0.187445681E-02
-0.192578308E-02-0.197665049E-02-0.202729948E-02-0.207794131E-02-0.212876116E-02
-0.217992315E-02-0.223157547E-02-0.228385483E-02-0.233688974E-02-0.239080255E-02
-0.244571039E-02-0.250172461E-02-0.255894893E-02-0.261747571E-02-0.267738007E-02
-0.273871127E-02-0.280148075E-02-0.286564628E-02-0.293109247E-02-0.299760876E-02
-0.306486830E-02-0.313241327E-02-0.319965321E-02-0.326588099E-02-0.333030419E-02
-0.339208297E-02-0.345036210E-02-0.350428892E-02-0.355301646E-02-0.359569619E-02
-0.363146648E-02-0.365944138E-02-0.367870237E-02-0.368829551E-02-0.368723811E-02
-0.367454168E-02-0.364925818E-02-0.361055042E-02-0.355777321E-02-0.349053400E-02
-0.340869821E-02-0.331233327E-02-0.320163450E-02-0.307689431E-02-0.293853856E-02
-0.278720203E-02-0.262379421E-02-0.244952063E-02-0.226585066E-02-0.207444295E-02
-0.187704937E-02-0.167541821E-02-0.147121212E-02-0.126594851E-02-0.106096393E-02
-0.857399468E-03-0.656202107E-03-0.458136875E-03-0.263805088E-03-0.736652811E-04
 0.111945611E-03 0.292792253E-03 0.468722879E-03 0.639653543E-03 0.805554654E-03
 0.966439666E-03 0.112235568E-02 0.127337572E-02 0.141959242E-02 0.156111292E-02
 0.169805470E-02 0.183054231E-02 0.195870468E-02 0.208267302E-02 0.220257920E-02
 0.231855439E-02 0.243072811E-02 0.253922745E-02 0.264417647E-02 0.274569584E-02
 0.284390251E-02 0.293890954E-02 0.303082599E-02 0.311975690E-02 0.320580325E-02
 0.328906209E-02 0.336962652E-02 0.344758589E-02 0.352302587E-02 0.359602857E-02
 0.366667274E-02 0.373503385E-02 0.380118428E-02 0.386519344E-02 0.392712795E-02
 0.398705173E-02 0.404502620E-02 0.410111036E-02 0.415536094E-02-0.174423602E-03
-0.230412087E-03-0.289155984E-03-0.349787319E-03-0.412088060E-03-0.476214051E-03
-0.542413225E-03-0.610820607E-03-0.681334358E-03-0.753571368E-03-0.826920206E-03
-0.900686315E-03-0.974259014E-03-0.104721292E-02-0.111932130E-02-0.119051847E-02
-0.126085132E-02-0.133043724E-02-0.139942768E-02-0.146796480E-02-0.153610997E-02
-0.160371944E-02-0.167028802E-02-0.173492835E-02-0.179670552E-02-0.185512934E-02
-0.191033553E-02-0.196291165E-02-0.201361723E-02-0.206317057E-02-0.211215286E-02
-0.216099974E-02-0.221003160E-02-0.225949031E-02-0.230956898E-02-0.236043366E-02
-0.241223741E-02-0.246512998E-02-0.251926390E-02-0.257479867E-02-0.263190345E-02
-0.269075854E-02-0.275155589E-02-0.281449799E-02-0.287979474E-02-0.294765681E-02
-0.301828332E-02-0.309184031E-02-0.316842513E-02-0.324801093E-02-0.333036953E-02
-0.341498428E-02-0.350099187E-02-0.358721289E-02-0.367229598E-02-0.375490748E-02
-0.383385531E-02-0.390810242E-02-0.397670862E-02-0.403875632E-02-0.409329346E-02
-0.413929933E-02-0.417566096E-02-0.420113911E-02-0.421431535E-02-0.421354585E-02
-0.419698248E-02-0.416274538E-02-0.410931368E-02-0.403606250E-02-0.394350624E-02
-0.383269242E-02-0.370420255E-02-0.355789177E-02-0.339342491E-02-0.321093465E-02
-0.301140656E-02-0.279673583E-02-0.256954077E-02-0.233285379E-02-0.208979887E-02
-0.184332914E-02-0.159605567E-02-0.135016549E-02-0.110740834E-02-0.869127202E-03
-0.636310973E-03-0.409654214E-03-0.189614835E-03 0.235347653E-04 0.229664676E-03
 0.428752497E-03 0.620855554E-03 0.806089191E-03 0.984609993E-03 0.115660293E-02
 0.132227158E-02 0.148183073E-02 0.163550082E-02 0.178350380E-02 0.192606006E-02
 0.206338616E-02 0.219569327E-02 0.232318604E-02 0.244606181E-02 0.256451020E-02
 0.267871284E-02 0.278884325E-02 0.289506697E-02 0.299754158E-02 0.309641701E-02
 0.319183570E-02 0.328393295E-02 0.337283720E-02 0.345867035E-02 0.354154809E-02
 0.362158024E-02 0.369887106E-02 0.377351956E-02 0.384561985E-02 0.391526137E-02
 0.398252925E-02 0.404750450E-02 0.411026434E-02 0.417088240E-02 0.422942896E-02
 0.428597116E-02 0.434057322E-02 0.439329659E-02-0.260980208E-03-0.333203487E-03
-0.400847245E-03-0.465069290E-03-0.528799099E-03-0.594553358E-03-0.664025806E-03
-0.738226995E-03-0.817423114E-03-0.900694212E-03-0.985632166E-03-0.106949130E-02
-0.115079526E-02-0.122929865E-02-0.130527010E-02-0.137914600E-02-0.145139809E-02
-0.152252438E-02-0.159308170E-02-0.166374675E-02-0.173544826E-02-0.180953017E-02
-0.188753612E-02-0.196507365E-02-0.203178690E-02-0.208751578E-02-0.213551940E-02
-0.217932149E-02-0.222188805E-02-0.226463041E-02-0.230818753E-02-0.235279982E-02
-0.239851417E-02-0.244546013E-02-0.249360960E-02-0.254312967E-02-0.259403425E-02
-0.264651744E-02-0.270067912E-02-0.275672754E-02-0.281486606E-02-0.287532938E-02
-0.293842588E-02-0.300445384E-02-0.307382556E-02-0.314695328E-02-0.322436529E-02
-0.330663278E-02-0.339441179E-02-0.348839367E-02-0.358916476E-02-0.369686605E-02
-0.381039841E-02-0.392668413E-02-0.404171995E-02-0.415267817E-02-0.425836655E-02
-0.435823330E-02-0.445193782E-02-0.453885481E-02-0.461812290E-02-0.468861979E-02
-0.474914495E-02-0.479869726E-02-0.483594093E-02-0.485889328E-02-0.486394423E-02
-0.484573758E-02-0.479679117E-02-0.470918942E-02-0.458866274E-02-0.445799750E-02
-0.431528492E-02-0.415165362E-02-0.396039230E-02-0.373871264E-02-0.348789356E-02
-0.321246752E-02-0.291887086E-02-0.261404250E-02-0.230436078E-02-0.199506975E-02
-0.169012710E-02-0.139231148E-02-0.110343976E-02-0.824599454E-03-0.556351447E-03
-0.298889913E-03-0.521612268E-04 0.184050673E-03 0.410064397E-03 0.626259745E-03
 0.833049475E-03 0.103086023E-02 0.122011983E-02 0.140124890E-02 0.157465550E-02
 0.174073186E-02 0.189985243E-02 0.205237296E-02 0.219863023E-02 0.233894215E-02
 0.247360824E-02 0.260291022E-02 0.272711280E-02 0.284646449E-02 0.296119842E-02
 0.307153325E-02 0.317767400E-02 0.327981293E-02 0.337813030E-02 0.347279520E-02
 0.356396630E-02 0.365179254E-02 0.373641384E-02 0.381796170E-02 0.389655986E-02
 0.397232478E-02 0.404536626E-02 0.411578787E-02 0.418368742E-02 0.424915741E-02
 0.431228541E-02 0.437315440E-02 0.443184317E-02 0.448842658E-02 0.454297586E-02
 0.459555889E-02 0.464624042E-02-0.474060722E-03-0.565053504E-03-0.590377904E-03
-0.625307574E-03-0.671643105E-03-0.727310781E-03-0.792505977E-03-0.868529240E-03
-0.958254089E-03-0.106899444E-02-0.117949156E-02-0.127383913E-02-0.135743752E-02
-0.143608491E-02-0.150997365E-02-0.158168867E-02-0.165082227E-02-0.171859007E-02
-0.178568760E-02-0.185170739E-02-0.191888771E-02-0.198597768E-02-0.205445981E-02
-0.211854167E-02-0.216995531E-02-0.220114968E-02-0.220662851E-02-0.222211170E-02
-0.224783648E-02-0.227896831E-02-0.231358627E-02-0.235075304E-02-0.238993221E-02
-0.243091169E-02-0.247349970E-02-0.251773097E-02-0.256357736E-02-0.261118120E-02
-0.266064373E-02-0.271217096E-02-0.276599069E-02-0.282237871E-02-0.288169641E-02
-0.294433331E-02-0.301081207E-02-0.308172066E-02-0.315783012E-02-0.324009518E-02
-0.332979049E-02-0.342869508E-02-0.353949268E-02-0.366682945E-02-0.382074404E-02
-0.399917180E-02-0.415038213E-02-0.428626474E-02-0.441214846E-02-0.453190794E-02
-0.464664033E-02-0.475641875E-02-0.486115677E-02-0.495725349E-02-0.503893677E-02
-0.510827282E-02-0.517224974E-02-0.523185986E-02-0.528521953E-02-0.532505748E-02
-0.534004229E-02-0.530655475E-02-0.521965122E-02-0.515273107E-02-0.507003654E-02
-0.493800147E-02-0.473627355E-02-0.445970965E-02-0.411761772E-02-0.372913605E-02
-0.331613112E-02-0.289717704E-02-0.248509130E-02-0.208739004E-02-0.170781483E-02
-0.134776871E-02-0.100732744E-02-0.685866430E-03-0.382424538E-03-0.959069398E-04
 0.174805591E-03 0.430800247E-03 0.673105120E-03 0.902678177E-03 0.112040481E-02
 0.132709980E-02 0.152351138E-02 0.171032612E-02 0.188817399E-02 0.205763334E-02
 0.221923540E-02 0.237346857E-02 0.252078218E-02 0.266159001E-02 0.279627338E-02
 0.292518397E-02 0.304864641E-02 0.316696055E-02 0.328040362E-02 0.338923209E-02
 0.349368345E-02 0.359397780E-02 0.369031932E-02 0.378289760E-02 0.387188884E-02
 0.395745704E-02 0.403975495E-02 0.411892508E-02 0.419510053E-02 0.426840580E-02
 0.433895749E-02 0.440686502E-02 0.447223115E-02 0.453515264E-02 0.459572065E-02
 0.465402130E-02 0.471013601E-02 0.476414195E-02 0.481611232E-02 0.486611673E-02
 0.491422146E-02-0.633247856E-03-0.742082418E-03-0.739974281E-03-0.759825648E-03
-0.792907473E-03-0.837412282E-03-0.892988628E-03-0.959718107E-03-0.103785512E-02
-0.112686507E-02-0.119540829E-02-0.126173352E-02-0.132740605E-02-0.139153163E-02
-0.145394010E-02-0.151472185E-02-0.157400040E-02-0.163188547E-02-0.168843456E-02
-0.174358365E-02-0.179710135E-02-0.184841201E-02-0.189652320E-02-0.193998083E-02
-0.197720128E-02-0.200735462E-02-0.203195807E-02-0.205492102E-02-0.207911098E-02
-0.210532463E-02-0.213351283E-02-0.216345695E-02-0.219496422E-02-0.222790821E-02
-0.226222877E-02-0.229792449E-02-0.233504540E-02-0.237368840E-02-0.241399483E-02
-0.245615047E-02-0.250038743E-02-0.254698811E-02-0.259629125E-02-0.264870039E-02
-0.270469542E-02-0.276484782E-02-0.282984052E-02-0.290049248E-02-0.297778556E-02
-0.306287893E-02-0.315705374E-02-0.326138151E-02-0.337553139E-02-0.349564233E-02
-0.361594447E-02-0.373375732E-02-0.384926850E-02-0.396371026E-02-0.407864817E-02
-0.419594442E-02-0.431809428E-02-0.444912415E-02-0.454707398E-02-0.460408514E-02
-0.467943292E-02-0.477413659E-02-0.489121603E-02-0.503570611E-02-0.521469465E-02
-0.543663265E-02-0.570507932E-02-0.599338448E-02-0.621338618E-02-0.625829124E-02
-0.607135336E-02-0.564780388E-02-0.503929533E-02-0.435476745E-02-0.368788811E-02
-0.307458888E-02-0.251910929E-02-0.201610417E-02-0.155861642E-02-0.114028608E-02
-0.755777020E-03-0.400712475E-03-0.715063373E-04 0.234801142E-03 0.520678186E-03
 0.788206187E-03 0.103915951E-02 0.127506609E-02 0.149725371E-02 0.170688552E-02
 0.190498764E-02 0.209247080E-02 0.227014754E-02 0.243874602E-02 0.259892128E-02
 0.275126445E-02 0.289631051E-02 0.303454475E-02 0.316640832E-02 0.329230296E-02
 0.341259518E-02 0.352761981E-02 0.363768321E-02 0.374306607E-02 0.384402590E-02
 0.394079930E-02 0.403360395E-02 0.412264037E-02 0.420809362E-02 0.429013470E-02
 0.436892191E-02 0.444460202E-02 0.451731136E-02 0.458717681E-02 0.465431666E-02
 0.471884142E-02 0.478085455E-02 0.484045308E-02 0.489772824E-02 0.495276596E-02
 0.500564736E-02 0.505644917E-02 0.510524411E-02 0.515210127E-02 0.519708639E-02
-0.654934602E-03-0.774821751E-03-0.812744593E-03-0.836711774E-03-0.867643620E-03
-0.907096645E-03-0.955184008E-03-0.101177264E-02-0.107651128E-02-0.114852013E-02
-0.119477494E-02-0.123912607E-02-0.128535731E-02-0.133255609E-02-0.138004718E-02
-0.142735161E-02-0.147412191E-02-0.152008264E-02-0.156498219E-02-0.160855480E-02
-0.165049349E-02-0.169044036E-02-0.172800832E-02-0.176284912E-02-0.179477049E-02
-0.182386775E-02-0.185058506E-02-0.187562320E-02-0.189972809E-02-0.192351041E-02
-0.194738862E-02-0.197162262E-02-0.199637211E-02-0.202174544E-02-0.204783223E-02
-0.207472323E-02-0.210252212E-02-0.213135284E-02-0.216136453E-02-0.219273534E-02
-0.222567575E-02-0.226043180E-02-0.229728818E-02-0.233657100E-02-0.237864962E-02
-0.242393639E-02-0.247288187E-02-0.252596166E-02-0.258364774E-02-0.264635457E-02
-0.271435058E-02-0.278764118E-02-0.286587641E-02-0.294839603E-02-0.303448600E-02
-0.312373088E-02-0.321624951E-02-0.331275490E-02-0.341453348E-02-0.352343533E-02
-0.364189545E-02-0.377292960E-02-0.386997568E-02-0.392448050E-02-0.400266667E-02
-0.411116742E-02-0.425944324E-02-0.446186160E-02-0.474147452E-02-0.513827676E-02
-0.573188713E-02-0.672597920E-02-0.779881991E-02-0.815987404E-02-0.801992696E-02
-0.729960980E-02-0.582643407E-02-0.449697730E-02-0.354704347E-02-0.279029731E-02
-0.215421921E-02-0.160263860E-02-0.111458463E-02-0.676649871E-03-0.279647652E-03
 0.830539140E-04 0.416442680E-03 0.724396158E-03 0.101001160E-02 0.127581922E-02
 0.152392492E-02 0.175610893E-02 0.197389562E-02 0.217860431E-02 0.237138696E-02
 0.255325672E-02 0.272511004E-02 0.288774401E-02 0.304187028E-02 0.318812639E-02
 0.332708513E-02 0.345926233E-02 0.358512355E-02 0.370508975E-02 0.381954218E-02
 0.392882675E-02 0.403325769E-02 0.413312096E-02 0.422867717E-02 0.432016417E-02
 0.440779945E-02 0.449178216E-02 0.457229504E-02 0.464950606E-02 0.472356995E-02
 0.479462954E-02 0.486281695E-02 0.492825470E-02 0.499105670E-02 0.505132906E-02
 0.510917093E-02 0.516467519E-02 0.521792903E-02 0.526901457E-02 0.531800930E-02
 0.536498657E-02 0.541001594E-02 0.545316356E-02 0.549449249E-02-0.695874717E-03
-0.821214475E-03-0.852679361E-03-0.877593649E-03-0.908569588E-03-0.945971864E-03
-0.989954147E-03-0.104051135E-02-0.109748797E-02-0.116027554E-02-0.119357338E-02
-0.122398565E-02-0.125631375E-02-0.129000897E-02-0.132456180E-02-0.135952233E-02
-0.139449896E-02-0.142914874E-02-0.146316549E-02-0.149626992E-02-0.152820489E-02
-0.155873860E-02-0.158767673E-02-0.161488274E-02-0.164030084E-02-0.166397269E-02
-0.168603777E-02-0.170671293E-02-0.172625695E-02-0.174493316E-02-0.176298236E-02
-0.178061074E-02-0.179799003E-02-0.181526472E-02-0.183256175E-02-0.184999993E-02
-0.186769799E-02-0.188578109E-02-0.190438592E-02-0.192366465E-02-0.194378797E-02
-0.196494724E-02-0.198735576E-02-0.201124885E-02-0.203688235E-02-0.206452889E-02
-0.209447121E-02-0.212699163E-02-0.216235754E-02-0.220080411E-02-0.224251819E-02
-0.228763142E-02-0.233623360E-02-0.238841488E-02-0.244433576E-02-0.250431082E-02
-0.256888684E-02-0.263890230E-02-0.271552718E-02-0.280028937E-02-0.289509622E-02
-0.300227957E-02-0.307252594E-02-0.309580636E-02-0.313951908E-02-0.320817130E-02
-0.330715760E-02-0.344263291E-02-0.362072096E-02-0.384470035E-02-0.410700134E-02
-0.437237813E-02-0.456581528E-02-0.460348502E-02-0.443778465E-02-0.406615671E-02
-0.353360296E-02-0.292498551E-02-0.231682581E-02-0.174618071E-02-0.122293529E-02
-0.746028362E-03-0.311138993E-03 0.865374722E-04 0.451425997E-03 0.787374830E-03
 0.109767335E-02 0.138512772E-02 0.165214190E-02 0.190078856E-02 0.213286697E-02
 0.234994919E-02 0.255341659E-02 0.274448891E-02 0.292424756E-02 0.309365450E-02
 0.325356781E-02 0.340475454E-02 0.354790170E-02 0.368362548E-02 0.381247934E-02
 0.393496092E-02 0.405151818E-02 0.416255476E-02 0.426843480E-02 0.436948711E-02
 0.446600897E-02 0.455826954E-02 0.464651285E-02 0.473096046E-02 0.481181396E-02
 0.488925707E-02 0.496345762E-02 0.503456923E-02 0.510273293E-02 0.516807847E-02
 0.523072563E-02 0.529078524E-02 0.534836024E-02 0.540354649E-02 0.545643356E-02
 0.550710544E-02 0.555564109E-02 0.560211504E-02 0.564659781E-02 0.568915634E-02
 0.572985439E-02 0.576875277E-02 0.580590973E-02-0.737242072E-03-0.866237085E-03
-0.873549364E-03-0.898375503E-03-0.929487580E-03-0.965807825E-03-0.100742263E-02
-0.105438168E-02-0.110664930E-02-0.116379268E-02-0.118835550E-02-0.120904692E-02
-0.123124754E-02-0.125461589E-02-0.127880501E-02-0.130348006E-02-0.132832573E-02
-0.135304988E-02-0.137738497E-02-0.140108904E-02-0.142394722E-02-0.144577470E-02
-0.146642113E-02-0.148577567E-02-0.150377144E-02-0.152038727E-02-0.153564552E-02
-0.154960561E-02-0.156235417E-02-0.157399406E-02-0.158463450E-02-0.159438380E-02
-0.160334544E-02-0.161161694E-02-0.161929089E-02-0.162645725E-02-0.163320616E-02
-0.163963089E-02-0.164583057E-02-0.165191251E-02-0.165799416E-02-0.166420440E-02
-0.167068439E-02-0.167758756E-02-0.168507900E-02-0.169333394E-02-0.170253556E-02
-0.171287249E-02-0.172453646E-02-0.173772163E-02-0.175262708E-02-0.176946448E-02
-0.178847268E-02-0.180993955E-02-0.183422971E-02-0.186181498E-02-0.189330342E-02
-0.192946294E-02-0.197123683E-02-0.201974928E-02-0.207630107E-02-0.214237919E-02
-0.216579338E-02-0.213446578E-02-0.211558358E-02-0.211032269E-02-0.211923797E-02
-0.214160843E-02-0.217448439E-02-0.221141172E-02-0.224117484E-02-0.224750593E-02
-0.221105779E-02-0.211395944E-02-0.194520180E-02-0.170424174E-02-0.140126021E-02
-0.105392293E-02-0.682057313E-03-0.302942030E-03 0.708957938E-04 0.431603983E-03
 0.774902498E-03 0.109889364E-02 0.140314352E-02 0.168806579E-02 0.195453571E-02
 0.220365679E-02 0.243662268E-02 0.265463675E-02 0.285886633E-02 0.305041771E-02
 0.323032367E-02 0.339953848E-02 0.355893742E-02 0.370931904E-02 0.385140889E-02
 0.398586414E-02 0.411327861E-02 0.423418783E-02 0.434907415E-02 0.445837150E-02
 0.456247010E-02 0.466172068E-02 0.475643852E-02 0.484690713E-02 0.493338160E-02
 0.501609174E-02 0.509524478E-02 0.517102799E-02 0.524361087E-02 0.531314727E-02
 0.537977714E-02 0.544362826E-02 0.550481758E-02 0.556345264E-02 0.561963263E-02
 0.567344941E-02 0.572498846E-02 0.577432960E-02 0.582154774E-02 0.586671342E-02
 0.590989339E-02 0.595115103E-02 0.599054677E-02 0.602813842E-02 0.606398145E-02
 0.609812926E-02 0.613063339E-02-0.704125969E-03-0.834571191E-03-0.879811948E-03
-0.907905020E-03-0.938990320E-03-0.974412511E-03-0.101432762E-02-0.105879281E-02
-0.110781566E-02-0.116114046E-02-0.117925386E-02-0.119273085E-02-0.120724319E-02
-0.122256359E-02-0.123845485E-02-0.125467671E-02-0.127099227E-02-0.128717304E-02
-0.130300289E-02-0.131828125E-02-0.133282580E-02-0.134647497E-02-0.135909011E-02
-0.137055727E-02-0.138078822E-02-0.138972040E-02-0.139731552E-02-0.140355692E-02
-0.140844590E-02-0.141199754E-02-0.141423655E-02-0.141519377E-02-0.141490342E-02
-0.141340147E-02-0.141072481E-02-0.140691127E-02-0.140200014E-02-0.139603309E-02
-0.138905515E-02-0.138111584E-02-0.137227022E-02-0.136257973E-02-0.135211306E-02
-0.134094671E-02-0.132916560E-02-0.131686361E-02-0.130414437E-02-0.129112258E-02
-0.127792615E-02-0.126469970E-02-0.125160996E-02-0.123885320E-02-0.122666501E-02
-0.121533193E-02-0.120520398E-02-0.119670679E-02-0.119035141E-02-0.118673964E-02
-0.118656256E-02-0.119058974E-02-0.119964652E-02-0.121458319E-02-0.118084893E-02
-0.108503604E-02-0.995125967E-03-0.911074330E-03-0.832205784E-03-0.756954740E-03
-0.682622922E-03-0.605225396E-03-0.519548776E-03-0.419552871E-03-0.299170744E-03
-0.153394336E-03 0.206491690E-04 0.222995688E-03 0.450776442E-03 0.698807037E-03
 0.960608217E-03 0.122950000E-02 0.149945767E-02 0.176559054E-02 0.202427534E-02
 0.227306229E-02 0.251047378E-02 0.273577947E-02 0.294879161E-02 0.314969729E-02
 0.333892912E-02 0.351706957E-02 0.368478226E-02 0.384276394E-02 0.399171178E-02
 0.413230188E-02 0.426517578E-02 0.439093270E-02 0.451012575E-02 0.462326088E-02
 0.473079767E-02 0.483315125E-02 0.493069508E-02 0.502376399E-02 0.511265746E-02
 0.519764292E-02 0.527895895E-02 0.535681834E-02 0.543141094E-02 0.550290628E-02
 0.557145604E-02 0.563719620E-02 0.570024906E-02 0.576072498E-02 0.581872398E-02
 0.587433717E-02 0.592764793E-02 0.597873306E-02 0.602766369E-02 0.607450613E-02
 0.611932257E-02 0.616217172E-02 0.620310934E-02 0.624218865E-02 0.627946078E-02
 0.631497504E-02 0.634877918E-02 0.638091967E-02 0.641144182E-02 0.644038995E-02
 0.646780753E-02-0.717314272E-03-0.847828533E-03-0.884565411E-03-0.911487935E-03
-0.942041357E-03-0.976499245E-03-0.101493313E-02-0.105738201E-02-0.110385923E-02
-0.115418385E-02-0.116732435E-02-0.117516289E-02-0.118358870E-02-0.119244076E-02
-0.120154970E-02-0.121073868E-02-0.121982762E-02-0.122863722E-02-0.123699239E-02
-0.124472522E-02-0.125167742E-02-0.125770233E-02-0.126266646E-02-0.126645058E-02
-0.126895023E-02-0.127007571E-02-0.126975136E-02-0.126791446E-02-0.126451352E-02
-0.125950643E-02-0.125285850E-02-0.124454051E-02-0.123452715E-02-0.122279570E-02
-0.120932507E-02-0.119409528E-02-0.117708720E-02-0.115828256E-02-0.113766418E-02
-0.111521637E-02-0.109092545E-02-0.106478033E-02-0.103677331E-02-0.100690093E-02
-0.975165134E-03-0.941574663E-03-0.906146994E-03-0.868910808E-03-0.829909263E-03
-0.789204191E-03-0.746881324E-03-0.703056559E-03-0.657883127E-03-0.611559327E-03
-0.564336267E-03-0.516524812E-03-0.468500716E-03-0.420706652E-03-0.373649700E-03
-0.327892499E-03-0.284035093E-03-0.242669545E-03-0.147460935E-03 0.155260019E-04
 0.176440134E-03 0.335098951E-03 0.491643788E-03 0.646586427E-03 0.800848508E-03
 0.955749571E-03 0.111291930E-02 0.127412262E-02 0.144100961E-02 0.161483094E-02
 0.179618257E-02 0.198484654E-02 0.217977309E-02 0.237920919E-02 0.258093694E-02
 0.278255832E-02 0.298176116E-02 0.317652008E-02 0.336521371E-02 0.354666411E-02
 0.372011754E-02 0.388518961E-02 0.404179458E-02 0.419007269E-02 0.433032397E-02
 0.446295246E-02 0.458842168E-02 0.470722099E-02 0.481984100E-02 0.492675678E-02
 0.502841681E-02 0.512523650E-02 0.521759504E-02 0.530583449E-02 0.539026054E-02
 0.547114432E-02 0.554872477E-02 0.562321148E-02 0.569478751E-02 0.576361238E-02
 0.582982478E-02 0.589354524E-02 0.595487857E-02 0.601391608E-02 0.607073757E-02
 0.612541317E-02 0.617800488E-02 0.622856799E-02 0.627715232E-02 0.632380326E-02
 0.636856267E-02 0.641146969E-02 0.645256137E-02 0.649187320E-02 0.652943963E-02
 0.656529436E-02 0.659947070E-02 0.663200178E-02 0.666292071E-02 0.669226074E-02
 0.672005534E-02 0.674633827E-02 0.677114355E-02 0.679450555E-02 0.681645892E-02
-0.750690152E-03-0.881983676E-03-0.886921385E-03-0.911718254E-03-0.941485113E-03
-0.974892094E-03-0.101191519E-02-0.105257104E-02-0.109686350E-02-0.114464616E-02
-0.115373667E-02-0.115697735E-02-0.116040620E-02-0.116390273E-02-0.116733728E-02
-0.117057174E-02-0.117346222E-02-0.117586187E-02-0.117762329E-02-0.117860074E-02
-0.117865197E-02-0.117763978E-02-0.117543317E-02-0.117190814E-02-0.116694815E-02
-0.116044420E-02-0.115229459E-02-0.114240431E-02-0.113068424E-02-0.111705015E-02
-0.110142160E-02-0.108372076E-02-0.106387137E-02-0.104179773E-02-0.101742382E-02
-0.990672645E-03-0.961465685E-03-0.929722509E-03-0.895360581E-03-0.858295197E-03
-0.818439588E-03-0.775705202E-03-0.730002188E-03-0.681240126E-03-0.629329078E-03
-0.574181028E-03-0.515711809E-03-0.453843625E-03-0.388508286E-03-0.319651241E-03
-0.247236505E-03-0.171252510E-03-0.917188875E-04-0.869408064E-05 0.777163615E-04
 0.167351065E-03 0.259984045E-03 0.355316324E-03 0.452968552E-03 0.552475453E-03
 0.653284639E-03 0.754789878E-03 0.914833689E-03 0.114745955E-02 0.138033019E-02
 0.161248746E-02 0.184301044E-02 0.207100043E-02 0.229560610E-02 0.251604560E-02
 0.273161924E-02 0.294171045E-02 0.314577600E-02 0.334332963E-02 0.353392628E-02
 0.371715392E-02 0.389263777E-02 0.406005725E-02 0.421917152E-02 0.436984630E-02
 0.451207459E-02 0.464598581E-02 0.477184153E-02 0.489001903E-02 0.500098651E-02
 0.510527423E-02 0.520344570E-02 0.529607176E-02 0.538370939E-02 0.546688565E-02
 0.554608690E-02 0.562175225E-02 0.569427076E-02 0.576398136E-02 0.583117469E-02
 0.589609621E-02 0.595895016E-02 0.601990380E-02 0.607909185E-02 0.613662068E-02
 0.619257242E-02 0.624700871E-02 0.629997408E-02 0.635149904E-02 0.640160282E-02
 0.645029570E-02 0.649758115E-02 0.654345763E-02 0.658792006E-02 0.663096122E-02
 0.667257276E-02 0.671274618E-02 0.675147352E-02 0.678874799E-02 0.682456442E-02
 0.685891965E-02 0.689181275E-02 0.692324522E-02 0.695322111E-02 0.698174706E-02
 0.700883227E-02 0.703448848E-02 0.705872989E-02 0.708157304E-02 0.710303666E-02
 0.712314158E-02 0.714191051E-02 0.715936790E-02 0.717553975E-02-0.708091703E-03
-0.838739897E-03-0.883059750E-03-0.909956433E-03-0.938995439E-03-0.971313904E-03
-0.100697183E-02-0.104597274E-02-0.108830732E-02-0.113385748E-02-0.113952005E-02
-0.113889446E-02-0.113811130E-02-0.113707349E-02-0.113567321E-02-0.113379427E-02
-0.113131398E-02-0.112810481E-02-0.112403607E-02-0.111897536E-02-0.111278979E-02
-0.110534710E-02-0.109651643E-02-0.108616892E-02-0.107417803E-02-0.106041966E-02
-0.104477195E-02-0.102711504E-02-0.100733043E-02-0.985300405E-03-0.960907219E-03
-0.934032244E-03-0.904555104E-03-0.872352787E-03-0.837298790E-03-0.799262302E-03
-0.758107458E-03-0.713692658E-03-0.665869976E-03-0.614484662E-03-0.559374775E-03
-0.500370943E-03-0.437296307E-03-0.369966695E-03-0.298191066E-03-0.221772321E-03
-0.140508568E-03-0.541949279E-04 0.373739518E-04 0.134400571E-03 0.237080240E-03
 0.345595559E-03 0.460109483E-03 0.580756725E-03 0.707633197E-03 0.840783166E-03
 0.980183722E-03 0.112572618E-02 0.127719404E-02 0.143423716E-02 0.159634259E-02
 0.176281198E-02 0.199304124E-02 0.230112933E-02 0.261190605E-02 0.292350340E-02
 0.323373197E-02 0.354007973E-02 0.383976011E-02 0.412980196E-02 0.440718349E-02
 0.466900446E-02 0.491268112E-02 0.513613920E-02 0.533797514E-02 0.551755796E-02
 0.567505372E-02 0.581136943E-02 0.592802906E-02 0.602700567E-02 0.611053840E-02
 0.618096042E-02 0.624055584E-02 0.629145469E-02 0.633556635E-02 0.637454666E-02
 0.640979086E-02 0.644244446E-02 0.647342490E-02 0.650344862E-02 0.653305966E-02
 0.656265727E-02 0.659252127E-02 0.662283443E-02 0.665370178E-02 0.668516688E-02
 0.671722548E-02 0.674983670E-02 0.678293225E-02 0.681642394E-02 0.685020975E-02
 0.688417873E-02 0.691821493E-02 0.695220054E-02 0.698601842E-02 0.701955404E-02
 0.705269699E-02 0.708534221E-02 0.711739081E-02 0.714875070E-02 0.717933709E-02
 0.720907264E-02 0.723788769E-02 0.726572017E-02 0.729251560E-02 0.731822687E-02
 0.734281400E-02 0.736624394E-02 0.738849016E-02 0.740953239E-02 0.742935617E-02
 0.744795255E-02 0.746531765E-02 0.748145227E-02 0.749636152E-02 0.751005445E-02
 0.752254364E-02 0.753384484E-02 0.754397664E-02-0.715361568E-03-0.845227663E-03
-0.882190287E-03-0.907505220E-03-0.935617672E-03-0.966849974E-03-0.100120806E-02
-0.103867909E-02-0.107924129E-02-0.112271361E-02-0.112551358E-02-0.112158075E-02
-0.111719487E-02-0.111226974E-02-0.110670839E-02-0.110040602E-02-0.109325119E-02
-0.108512684E-02-0.107591126E-02-0.106547901E-02-0.105370164E-02-0.104044841E-02
-0.102558670E-02-0.100898241E-02-0.990500095E-03-0.970002971E-03-0.947352739E-03
-0.922409278E-03-0.895030176E-03-0.865070143E-03-0.832380309E-03-0.796807430E-03
-0.758193026E-03-0.716372446E-03-0.671173904E-03-0.622417473E-03-0.569914062E-03
-0.513464387E-03-0.452857929E-03-0.387871919E-03-0.318270336E-03-0.243802959E-03
-0.164204489E-03-0.791937729E-04 0.115268076E-04 0.108271735E-03 0.211372456E-03
 0.321177067E-03 0.438049464E-03 0.562367755E-03 0.694521711E-03 0.834908941E-03
 0.983929373E-03 0.114197751E-02 0.130943174E-02 0.148663979E-02 0.167389914E-02
 0.187143094E-02 0.207934552E-02 0.229759743E-02 0.252592642E-02 0.276375640E-02
 0.307233074E-02 0.346607541E-02 0.386706024E-02 0.427261883E-02 0.467921149E-02
 0.508239578E-02 0.547683691E-02 0.585643676E-02 0.621461971E-02 0.654478652E-02
 0.684090292E-02 0.709813683E-02 0.731341833E-02 0.748579342E-02 0.761648489E-02
 0.770864921E-02 0.776689739E-02 0.779669931E-02 0.780379824E-02 0.779373051E-02
 0.777149556E-02 0.774137665E-02 0.770688405E-02 0.767078291E-02 0.763517005E-02
 0.760157244E-02 0.757104905E-02 0.754428570E-02 0.752167793E-02 0.750340029E-02
 0.748946266E-02 0.747975504E-02 0.747408247E-02 0.747219205E-02 0.747379351E-02
 0.747857477E-02 0.748621353E-02 0.749638598E-02 0.750877305E-02 0.752306501E-02
 0.753896468E-02 0.755618970E-02 0.757447392E-02 0.759356832E-02 0.761324145E-02
 0.763327952E-02 0.765348623E-02 0.767368249E-02 0.769370591E-02 0.771341019E-02
 0.773266450E-02 0.775135270E-02 0.776937264E-02 0.778663533E-02 0.780306412E-02
 0.781859396E-02 0.783317051E-02 0.784674942E-02 0.785929553E-02 0.787078210E-02
 0.788119009E-02 0.789050747E-02 0.789872852E-02 0.790585323E-02 0.791188665E-02
 0.791683836E-02 0.792072189E-02-0.752061890E-03-0.882576954E-03-0.882140145E-03
-0.904833728E-03-0.932007156E-03-0.962213353E-03-0.995371622E-03-0.103145380E-02
-0.107042784E-02-0.111203926E-02-0.111238997E-02-0.110561739E-02-0.109814016E-02
-0.108987455E-02-0.108072801E-02-0.107060091E-02-0.105938710E-02-0.104697448E-02
-0.103324551E-02-0.101807768E-02-0.100134390E-02-0.982912811E-03-0.962648996E-03
-0.940413075E-03-0.916061693E-03-0.889447368E-03-0.860418236E-03-0.828817654E-03
-0.794483687E-03-0.757248480E-03-0.716937509E-03-0.673368725E-03-0.626351594E-03
-0.575686041E-03-0.521161286E-03-0.462554596E-03-0.399629938E-03-0.332136536E-03
-0.259807336E-03-0.182357370E-03-0.994820318E-04-0.108552433E-04 0.838724571E-04
 0.185075917E-03 0.293157438E-03 0.408548885E-03 0.531713799E-03 0.663149452E-03
 0.803388749E-03 0.953001862E-03 0.111259738E-02 0.128282269E-02 0.146436327E-02
 0.165794015E-02 0.186430488E-02 0.208423077E-02 0.231849868E-02 0.256787518E-02
 0.283307968E-02 0.311473611E-02 0.341330141E-02 0.372893784E-02 0.412533471E-02
 0.461796436E-02 0.512717591E-02 0.565024083E-02 0.618283469E-02 0.671865499E-02
 0.724905840E-02 0.776290450E-02 0.824682831E-02 0.868615891E-02 0.906655425E-02
 0.937612250E-02 0.960748436E-02 0.975911524E-02 0.983550171E-02 0.984606902E-02
 0.980328030E-02 0.972055114E-02 0.961055086E-02 0.948416571E-02 0.935009554E-02
 0.921489376E-02 0.908324246E-02 0.895830814E-02 0.884208965E-02 0.873571802E-02
 0.863969766E-02 0.855409199E-02 0.847866239E-02 0.841297021E-02 0.835645053E-02
 0.830846478E-02 0.826833801E-02 0.823538481E-02 0.820892719E-02 0.818830656E-02
 0.817289160E-02 0.816208323E-02 0.815531736E-02 0.815206634E-02 0.815183927E-02
 0.815418166E-02 0.815867463E-02 0.816493371E-02 0.817260751E-02 0.818137625E-02
 0.819095011E-02 0.820106772E-02 0.821149444E-02 0.822202079E-02 0.823246085E-02
 0.824265067E-02 0.825244676E-02 0.826172456E-02 0.827037707E-02 0.827831340E-02
 0.828545747E-02 0.829174671E-02 0.829713089E-02 0.830157092E-02 0.830503781E-02
 0.830751159E-02 0.830898039E-02 0.830943950E-02 0.830889060E-02 0.830734087E-02
 0.830480239E-02-0.706094224E-03-0.835386448E-03-0.877365692E-03-0.902094057E-03
-0.928605327E-03-0.957902119E-03-0.989997869E-03-0.102485857E-02-0.106244368E-02
-0.110245530E-02-0.110069721E-02-0.109150736E-02-0.108139739E-02-0.107028207E-02
-0.105807004E-02-0.104466350E-02-0.102995841E-02-0.101384472E-02-0.996206518E-03
-0.976922218E-03-0.955864616E-03-0.932900964E-03-0.907892932E-03-0.880696517E-03
-0.851161847E-03-0.819132909E-03-0.784447164E-03-0.746935061E-03-0.706419442E-03
-0.662714827E-03-0.615626586E-03-0.564949982E-03-0.510469091E-03-0.451955585E-03
-0.389167375E-03-0.321847107E-03-0.249720493E-03-0.172494474E-03-0.898551910E-04
-0.146574646E-05 0.930362610E-04 0.194041458E-03 0.301971702E-03 0.417283401E-03
 0.540471182E-03 0.672071956E-03 0.812669398E-03 0.962898912E-03 0.112345309E-02
 0.129508770E-02 0.147862826E-02 0.167497703E-02 0.188512060E-02 0.211013759E-02
 0.235120642E-02 0.260961233E-02 0.288675295E-02 0.318414045E-02 0.350339802E-02
 0.384624594E-02 0.421447007E-02 0.460985686E-02 0.509955649E-02 0.570164795E-02
 0.633711223E-02 0.700576956E-02 0.770554055E-02 0.843122909E-02 0.917278164E-02
 0.991313319E-02 0.106263120E-01 0.112774390E-01 0.118267652E-01 0.122381681E-01
 0.124889620E-01 0.125764277E-01 0.125183218E-01 0.123471004E-01 0.121003212E-01
 0.118119548E-01 0.115079863E-01 0.112060451E-01 0.109170075E-01 0.106469605E-01
 0.103988377E-01 0.101735943E-01 0.997099148E-02 0.979010017E-02 0.962961750E-02
 0.948806208E-02 0.936389288E-02 0.925558011E-02 0.916164621E-02 0.908068836E-02
 0.901138948E-02 0.895252237E-02 0.890294967E-02 0.886162134E-02 0.882757095E-02
 0.879991117E-02 0.877782911E-02 0.876058165E-02 0.874749088E-02 0.873793972E-02
 0.873136784E-02 0.872726777E-02 0.872518123E-02 0.872469574E-02 0.872544135E-02
 0.872708758E-02 0.872934060E-02 0.873194042E-02 0.873465835E-02 0.873729454E-02
 0.873967563E-02 0.874165254E-02 0.874309842E-02 0.874390660E-02 0.874398877E-02
 0.874327322E-02 0.874170316E-02 0.873923517E-02 0.873583780E-02 0.873149017E-02
 0.872618077E-02 0.871990628E-02 0.871267050E-02 0.870448343E-02 0.869536033E-02
-0.711027233E-03-0.839692515E-03-0.876377201E-03-0.899932841E-03-0.925765923E-03
-0.954296607E-03-0.985502057E-03-0.101933767E-02-0.105575440E-02-0.109440462E-02
-0.109090145E-02-0.107969550E-02-0.106738277E-02-0.105387656E-02-0.103908547E-02
-0.102291230E-02-0.100525399E-02-0.986001544E-03-0.965039961E-03-0.942248107E-03
-0.917498597E-03-0.890657641E-03-0.861584832E-03-0.830132904E-03-0.796147412E-03
-0.759466348E-03-0.719919678E-03-0.677328780E-03-0.631505781E-03-0.582252786E-03
-0.529360980E-03-0.472609598E-03-0.411764751E-03-0.346578098E-03-0.276785336E-03
-0.202104509E-03-0.122234106E-03-0.368509117E-04 0.543923891E-04 0.151869923E-03
 0.255985672E-03 0.367176916E-03 0.485918124E-03 0.612725370E-03 0.748161374E-03
 0.892841250E-03 0.104743911E-02 0.121269571E-02 0.138942721E-02 0.157853553E-02
 0.178102029E-02 0.199799300E-02 0.223069372E-02 0.248051096E-02 0.274900536E-02
 0.303793823E-02 0.334930580E-02 0.368538086E-02 0.404876291E-02 0.444243897E-02
 0.486985702E-02 0.533502517E-02 0.590933718E-02 0.661517746E-02 0.737738142E-02
 0.820305826E-02 0.909988334E-02 0.100752161E-01 0.111337626E-01 0.122717348E-01
 0.134630975E-01 0.146327693E-01 0.156377244E-01 0.163220922E-01 0.165968093E-01
 0.164551045E-01 0.159769083E-01 0.153155667E-01 0.146128412E-01 0.139438517E-01
 0.133362083E-01 0.127956982E-01 0.123194621E-01 0.119016844E-01 0.115359340E-01
 0.112160746E-01 0.109365703E-01 0.106925427E-01 0.104797303E-01 0.102944177E-01
 0.101333593E-01 0.999371048E-02 0.987296705E-02 0.976891495E-02 0.967958839E-02
 0.960323536E-02 0.953828922E-02 0.948334532E-02 0.943714157E-02 0.939854229E-02
 0.936652468E-02 0.934016729E-02 0.931864029E-02 0.930119698E-02 0.928716646E-02
 0.927594710E-02 0.926700077E-02 0.925984763E-02 0.925406136E-02 0.924926484E-02
 0.924512608E-02 0.924135450E-02 0.923769743E-02 0.923393684E-02 0.922988621E-02
 0.922538772E-02 0.922030945E-02 0.921454290E-02 0.920800059E-02 0.920061379E-02
 0.919233054E-02 0.918311364E-02 0.917293892E-02 0.916179361E-02 0.914967480E-02
 0.913658812E-02 0.912254646E-02 0.910756886E-02 0.909167945E-02-0.753409145E-03
-0.883348001E-03-0.877447216E-03-0.898508051E-03-0.923772531E-03-0.951722286E-03
-0.982243924E-03-0.101527989E-02-0.105077205E-02-0.108833128E-02-0.108342720E-02
-0.107059275E-02-0.105648867E-02-0.104102825E-02-0.102412042E-02-0.100566905E-02
-0.985572544E-03-0.963723562E-03-0.940008660E-03-0.914307982E-03-0.886494949E-03
-0.856435954E-03-0.823990049E-03-0.789008605E-03-0.751334939E-03-0.710803889E-03
-0.667241321E-03-0.620463553E-03-0.570276686E-03-0.516475825E-03-0.458844178E-03
-0.397152016E-03-0.331155484E-03-0.260595241E-03-0.185194912E-03-0.104659329E-03
-0.186725360E-04 0.731044733E-04 0.171036325E-03 0.275516179E-03 0.386969050E-03
 0.505855593E-03 0.632676432E-03 0.767977140E-03 0.912353972E-03 0.106646051E-02
 0.123101542E-02 0.140681151E-02 0.159472643E-02 0.179573538E-02 0.201092633E-02
 0.224151834E-02 0.248888394E-02 0.275457656E-02 0.304036472E-02 0.334827497E-02
 0.368064653E-02 0.404020192E-02 0.443013939E-02 0.485425618E-02 0.531711647E-02
 0.582429612E-02 0.645035449E-02 0.722124028E-02 0.806573526E-02 0.899883970E-02
 0.100409944E-01 0.112210818E-01 0.125818184E-01 0.141900943E-01 0.161590663E-01
 0.187069413E-01 0.212514586E-01 0.226078599E-01 0.229300342E-01 0.221505951E-01
 0.201001057E-01 0.181108117E-01 0.166555889E-01 0.155319348E-01 0.146342518E-01
 0.139000082E-01 0.132892732E-01 0.127750680E-01 0.123383150E-01 0.119650059E-01
 0.116445235E-01 0.113686017E-01 0.111306537E-01 0.109253249E-01 0.107481861E-01
 0.105955176E-01 0.104641547E-01 0.103513744E-01 0.102548112E-01 0.101723939E-01
 0.101022968E-01 0.100429022E-01 0.999277128E-02 0.995062005E-02 0.991530104E-02
 0.988578774E-02 0.986116189E-02 0.984060281E-02 0.982337826E-02 0.980883649E-02
 0.979639926E-02 0.978555556E-02 0.977585590E-02 0.976690712E-02 0.975836755E-02
 0.974994249E-02 0.974138002E-02 0.973246702E-02 0.972302547E-02 0.971290895E-02
 0.970199938E-02 0.969020397E-02 0.967745236E-02 0.966369397E-02 0.964889557E-02
 0.963303901E-02 0.961611921E-02 0.959814220E-02 0.957912348E-02 0.955908644E-02
 0.953806103E-02 0.951608245E-02 0.949319013E-02-0.705484884E-03-0.834014281E-03
-0.874312507E-03-0.897792731E-03-0.922898939E-03-0.950503122E-03-0.980582384E-03
-0.101307272E-02-0.104790639E-02-0.108466729E-02-0.107869425E-02-0.106460366E-02
-0.104909969E-02-0.103209762E-02-0.101350889E-02-0.993240611E-03-0.971194818E-03
-0.947267825E-03-0.921349617E-03-0.893323349E-03-0.863064918E-03-0.830442603E-03
-0.795316735E-03-0.757539376E-03-0.716953984E-03-0.673395043E-03-0.626687625E-03
-0.576646886E-03-0.523077465E-03-0.465772782E-03-0.404514209E-03-0.339070115E-03
-0.269194756E-03-0.194626999E-03-0.115088863E-03-0.302838533E-04 0.601049412E-04
 0.156417007E-03 0.259016871E-03 0.368296897E-03 0.484680486E-03 0.608625724E-03
 0.740629557E-03 0.881232595E-03 0.103102464E-02 0.119065110E-02 0.136082043E-02
 0.154231282E-02 0.173599052E-02 0.194280985E-02 0.216383580E-02 0.240025929E-02
 0.265341833E-02 0.292482374E-02 0.321619102E-02 0.352948006E-02 0.386694535E-02
 0.423120010E-02 0.462529936E-02 0.505284912E-02 0.551815225E-02 0.602640939E-02
 0.665204289E-02 0.742032849E-02 0.825835457E-02 0.917919828E-02 0.102000250E-01
 0.113438416E-01 0.126420705E-01 0.141380575E-01 0.158907847E-01 0.179746055E-01
 0.199640901E-01 0.211125688E-01 0.214255689E-01 0.208682208E-01 0.194141114E-01
 0.178887058E-01 0.166616358E-01 0.156655895E-01 0.148467604E-01 0.141654112E-01
 0.135926535E-01 0.131072968E-01 0.126935060E-01 0.123391916E-01 0.120349242E-01
 0.117731982E-01 0.115479266E-01 0.113540889E-01 0.111874796E-01 0.110445290E-01
 0.109221697E-01 0.108177400E-01 0.107289090E-01 0.106536220E-01 0.105900568E-01
 0.105365906E-01 0.104917743E-01 0.104543112E-01 0.104230408E-01 0.103969247E-01
 0.103750351E-01 0.103565456E-01 0.103407219E-01 0.103269149E-01 0.103145536E-01
 0.103031388E-01 0.102922374E-01 0.102814767E-01 0.102705392E-01 0.102591577E-01
 0.102471107E-01 0.102342177E-01 0.102203349E-01 0.102053514E-01 0.101891855E-01
 0.101717808E-01 0.101531034E-01 0.101331384E-01 0.101118875E-01 0.100893664E-01
 0.100656025E-01 0.100406327E-01 0.100145017E-01 0.998726044E-02 0.995896442E-02
 0.992967267E-02 0.989944652E-02-0.709325098E-03-0.837793643E-03-0.875269115E-03
-0.898413414E-03-0.923493603E-03-0.951019646E-03-0.980936471E-03-0.101316472E-02
-0.104762448E-02-0.108388800E-02-0.107716128E-02-0.106215937E-02-0.104561225E-02
-0.102744156E-02-0.100756632E-02-0.985901672E-03-0.962357456E-03-0.936837066E-03
-0.909236602E-03-0.879444317E-03-0.847340253E-03-0.812796026E-03-0.775674670E-03
-0.735830501E-03-0.693108964E-03-0.647346432E-03-0.598369937E-03-0.545996813E-03
-0.490034257E-03-0.430278766E-03-0.366515476E-03-0.298517363E-03-0.226044318E-03
-0.148842060E-03-0.666408960E-04 0.208457016E-04 0.113922721E-03 0.212915457E-03
 0.318171606E-03 0.430063643E-03 0.548991515E-03 0.675385696E-03 0.809710652E-03
 0.952468776E-03 0.110420487E-02 0.126551124E-02 0.143703355E-02 0.161947744E-02
 0.181361623E-02 0.202029972E-02 0.224046433E-02 0.247514483E-02 0.272548799E-02
 0.299276834E-02 0.327840651E-02 0.358399050E-02 0.391130018E-02 0.426233531E-02
 0.463934697E-02 0.504487161E-02 0.548176583E-02 0.595324387E-02 0.653076815E-02
 0.723554091E-02 0.798893412E-02 0.879512752E-02 0.965759300E-02 0.105777060E-01
 0.115519707E-01 0.125667328E-01 0.135892728E-01 0.145574328E-01 0.153805627E-01
 0.159667019E-01 0.162586146E-01 0.162516958E-01 0.159957498E-01 0.155786747E-01
 0.150894508E-01 0.145901564E-01 0.141145173E-01 0.136776537E-01 0.132845526E-01
 0.129351617E-01 0.126271094E-01 0.123570875E-01 0.121215312E-01 0.119169395E-01
 0.117400153E-01 0.115877148E-01 0.114572548E-01 0.113461006E-01 0.112519459E-01
 0.111726924E-01 0.111064297E-01 0.110514177E-01 0.110060719E-01 0.109689499E-01
 0.109387416E-01 0.109142589E-01 0.108944291E-01 0.108782867E-01 0.108649677E-01
 0.108537038E-01 0.108438161E-01 0.108347100E-01 0.108258696E-01 0.108168522E-01
 0.108072827E-01 0.107968483E-01 0.107852933E-01 0.107724133E-01 0.107580504E-01
 0.107420880E-01 0.107244464E-01 0.107050776E-01 0.106839616E-01 0.106611023E-01
 0.106365236E-01 0.106102664E-01 0.105823852E-01 0.105529456E-01 0.105220219E-01
 0.104896947E-01 0.104560495E-01 0.104211744E-01 0.103851593E-01 0.103480945E-01
 0.103100695E-01-0.759214337E-03-0.890070424E-03-0.879451952E-03-0.900690285E-03
-0.926000968E-03-0.953785695E-03-0.983874843E-03-0.101616051E-02-0.105054346E-02
-0.108659861E-02-0.107938950E-02-0.106375850E-02-0.104645143E-02-0.102740823E-02
-0.100656687E-02-0.983859662E-03-0.959210666E-03-0.932534342E-03-0.903735010E-03
-0.872706854E-03-0.839334187E-03-0.803491816E-03-0.765045379E-03-0.723851619E-03
-0.679758566E-03-0.632605606E-03-0.582223446E-03-0.528433970E-03-0.471049989E-03
-0.409874887E-03-0.344702157E-03-0.275314829E-03-0.201484784E-03-0.122971953E-03
-0.395233824E-04 0.491278320E-04 0.143263756E-03 0.243182987E-03 0.349202199E-03
 0.461657866E-03 0.580908196E-03 0.707335277E-03 0.841347467E-03 0.983382032E-03
 0.113390805E-02 0.129342962E-02 0.146248931E-02 0.164167195E-02 0.183160860E-02
 0.203298088E-02 0.224652523E-02 0.247303734E-02 0.271337624E-02 0.296846779E-02
 0.323930696E-02 0.352695814E-02 0.383255189E-02 0.415727630E-02 0.450235965E-02
 0.486903956E-02 0.525851184E-02 0.567185630E-02 0.617721867E-02 0.679207770E-02
 0.743387282E-02 0.810097674E-02 0.878983829E-02 0.949403894E-02 0.102031451E-01
 0.109015601E-01 0.115679252E-01 0.121759777E-01 0.126977026E-01 0.131086094E-01
 0.133934503E-01 0.135500416E-01 0.135895943E-01 0.135334194E-01 0.134074335E-01
 0.132368203E-01 0.130426518E-01 0.128407587E-01 0.126420911E-01 0.124536922E-01
 0.122797337E-01 0.121223844E-01 0.119824619E-01 0.118598964E-01 0.117540476E-01
 0.116639204E-01 0.115883083E-01 0.115258902E-01 0.114752945E-01 0.114351437E-01
 0.114040845E-01 0.113808084E-01 0.113640668E-01 0.113526821E-01 0.113455543E-01
 0.113416673E-01 0.113400911E-01 0.113399847E-01 0.113405953E-01 0.113412580E-01
 0.113413938E-01 0.113405060E-01 0.113381765E-01 0.113340614E-01 0.113278856E-01
 0.113194371E-01 0.113085616E-01 0.112951561E-01 0.112791634E-01 0.112605660E-01
 0.112393809E-01 0.112156541E-01 0.111894561E-01 0.111608768E-01 0.111300219E-01
 0.110970092E-01 0.110619653E-01 0.110250226E-01 0.109863171E-01 0.109459859E-01
 0.109041661E-01 0.108609926E-01 0.108165976E-01 0.107711089E-01 0.107246499E-01
-0.709984992E-03-0.839632914E-03-0.880286414E-03-0.904852901E-03-0.931058823E-03
-0.959576570E-03-0.990279672E-03-0.102300869E-02-0.105761903E-02-0.109369284E-02
-0.108614890E-02-0.107000908E-02-0.105205401E-02-0.103227690E-02-0.101065878E-02
-0.987161853E-03-0.961728655E-03-0.934283676E-03-0.904735815E-03-0.872980686E-03
-0.838902507E-03-0.802375547E-03-0.763265165E-03-0.721428550E-03-0.676715206E-03
-0.628967252E-03-0.578019568E-03-0.523699820E-03-0.465828379E-03-0.404218148E-03
-0.338674307E-03-0.268993976E-03-0.194965803E-03-0.116369471E-03-0.329751279E-04
 0.554572597E-04 0.149178641E-03 0.248451692E-03 0.353551719E-03 0.464767635E-03
 0.582403027E-03 0.706777293E-03 0.838226845E-03 0.977106352E-03 0.112379001E-02
 0.127867277E-02 0.144217149E-02 0.161472591E-02 0.179679927E-02 0.198887854E-02
 0.219147378E-02 0.240511652E-02 0.263035650E-02 0.286775628E-02 0.311788267E-02
 0.338129391E-02 0.365852099E-02 0.395004091E-02 0.425623905E-02 0.457735713E-02
 0.491342184E-02 0.526414766E-02 0.569537035E-02 0.622269500E-02 0.676276897E-02
 0.731245479E-02 0.786729445E-02 0.842125908E-02 0.896658366E-02 0.949379573E-02
 0.999206610E-02 0.104499804E-01 0.108567249E-01 0.112035108E-01 0.114849018E-01
 0.116996660E-01 0.118508869E-01 0.119453071E-01 0.119921255E-01 0.120016129E-01
 0.119838914E-01 0.119480809E-01 0.119018487E-01 0.118512832E-01 0.118009787E-01
 0.117542246E-01 0.117132302E-01 0.116793414E-01 0.116532321E-01 0.116350635E-01
 0.116246132E-01 0.116213778E-01 0.116246545E-01 0.116336059E-01 0.116473107E-01
 0.116648058E-01 0.116851192E-01 0.117072966E-01 0.117304234E-01 0.117536407E-01
 0.117761592E-01 0.117972674E-01 0.118163384E-01 0.118328325E-01 0.118462981E-01
 0.118563697E-01 0.118627650E-01 0.118652796E-01 0.118637813E-01 0.118582032E-01
 0.118485365E-01 0.118348232E-01 0.118171487E-01 0.117956348E-01 0.117704329E-01
 0.117417175E-01 0.117096811E-01 0.116745284E-01 0.116364724E-01 0.115957302E-01
 0.115525196E-01 0.115070566E-01 0.114595527E-01 0.114102137E-01 0.113592375E-01
 0.113068136E-01 0.112531223E-01 0.111983337E-01 0.111426079E-01-0.714275763E-03
-0.845045226E-03-0.886053330E-03-0.911926430E-03-0.939622676E-03-0.969623614E-03
-0.100168384E-02-0.103548200E-02-0.107068202E-02-0.110677867E-02-0.109860381E-02
-0.108156795E-02-0.106265051E-02-0.104198081E-02-0.101959572E-02-0.995469229E-03
-0.969536114E-03-0.941706422E-03-0.911873853E-03-0.879920515E-03-0.845719682E-03
-0.809137400E-03-0.770033468E-03-0.728262029E-03-0.683671932E-03-0.636106948E-03
-0.585405884E-03-0.531402633E-03-0.473926164E-03-0.412800473E-03-0.347844495E-03
-0.278871984E-03-0.205691367E-03-0.128105562E-03-0.459117810E-04 0.410986969E-04
 0.133140765E-03 0.230435742E-03 0.333211636E-03 0.441703391E-03 0.556153127E-03
 0.676810332E-03 0.803931993E-03 0.937782624E-03 0.107863415E-02 0.122676557E-02
 0.138246233E-02 0.154601528E-02 0.171771907E-02 0.189786978E-02 0.208676153E-02
 0.228468169E-02 0.249190437E-02 0.270868144E-02 0.293523055E-02 0.317171916E-02
 0.341824368E-02 0.367480229E-02 0.394126031E-02 0.421730664E-02 0.450239909E-02
 0.479568462E-02 0.516161527E-02 0.561523422E-02 0.607418266E-02 0.653568720E-02
 0.699627423E-02 0.745177362E-02 0.789737220E-02 0.832776008E-02 0.873738840E-02
 0.912083628E-02 0.947325598E-02 0.979083374E-02 0.100711837E-01 0.103135934E-01
 0.105190663E-01 0.106901554E-01 0.108306258E-01 0.109450237E-01 0.110382310E-01
 0.111150746E-01 0.111800302E-01 0.112370291E-01 0.112893602E-01 0.113396444E-01
 0.113898598E-01 0.114413973E-01 0.114951302E-01 0.115514903E-01 0.116105423E-01
 0.116720534E-01 0.117355584E-01 0.118004177E-01 0.118658700E-01 0.119310788E-01
 0.119951737E-01 0.120572859E-01 0.121165787E-01 0.121722717E-01 0.122236610E-01
 0.122701327E-01 0.123111725E-01 0.123463701E-01 0.123754203E-01 0.123981200E-01
 0.124143624E-01 0.124241299E-01 0.124274847E-01 0.124245587E-01 0.124155431E-01
 0.124006783E-01 0.123802434E-01 0.123545473E-01 0.123239195E-01 0.122887032E-01
 0.122492478E-01 0.122059039E-01 0.121590178E-01 0.121089281E-01 0.120559623E-01
 0.120004347E-01 0.119426443E-01 0.118828737E-01 0.118213887E-01 0.117584374E-01
 0.116942506E-01 0.116290420E-01 0.115630082E-01-0.778844200E-03-0.910440735E-03
-0.896798516E-03-0.922565448E-03-0.952733242E-03-0.985549062E-03-0.102061878E-02
-0.105746967E-02-0.109524951E-02-0.113034182E-02-0.111780558E-02-0.109783783E-02
-0.107702916E-02-0.105519146E-02-0.103214025E-02-0.100770337E-02-0.981720405E-03
-0.954038462E-03-0.924508765E-03-0.892984305E-03-0.859318322E-03-0.823363320E-03
-0.784970432E-03-0.743989004E-03-0.700266343E-03-0.653647549E-03-0.603975442E-03
-0.551090517E-03-0.494830955E-03-0.435032655E-03-0.371529292E-03-0.304152398E-03
-0.232731462E-03-0.157094055E-03-0.770659801E-04 0.752855133E-05 0.968667023E-04
 0.191126750E-03 0.290487766E-03 0.395129231E-03 0.505230557E-03 0.620970496E-03
 0.742526422E-03 0.870073427E-03 0.100378322E-02 0.114382275E-02 0.129035249E-02
 0.144352434E-02 0.160347898E-02 0.177034260E-02 0.194422281E-02 0.212520352E-02
 0.231333861E-02 0.250864389E-02 0.271108723E-02 0.292057619E-02 0.313694281E-02
 0.335992505E-02 0.358914448E-02 0.382408002E-02 0.406403706E-02 0.430809720E-02
 0.461979314E-02 0.501416648E-02 0.541053226E-02 0.580690668E-02 0.620097189E-02
 0.659013143E-02 0.697157556E-02 0.734238261E-02 0.769965650E-02 0.804069264E-02
 0.836315682E-02 0.866525570E-02 0.894587452E-02 0.920466044E-02 0.944203754E-02
 0.965915104E-02 0.985774989E-02 0.100400266E-01 0.102084372E-01 0.103655234E-01
 0.105137554E-01 0.106554042E-01 0.107924497E-01 0.109265224E-01 0.110588741E-01
 0.111903728E-01 0.113215163E-01 0.114524583E-01 0.115830450E-01 0.117128572E-01
 0.118412579E-01 0.119674416E-01 0.120904852E-01 0.122093980E-01 0.123231699E-01
 0.124308152E-01 0.125314117E-01 0.126241326E-01 0.127082708E-01 0.127832567E-01
 0.128486665E-01 0.129042251E-01 0.129498025E-01 0.129854046E-01 0.130111613E-01
 0.130273113E-01 0.130341860E-01 0.130321924E-01 0.130217970E-01 0.130035094E-01
 0.129778688E-01 0.129454306E-01 0.129067556E-01 0.128624008E-01 0.128129114E-01
 0.127588149E-01 0.127006168E-01 0.126387968E-01 0.125738068E-01 0.125060695E-01
 0.124359777E-01 0.123638947E-01 0.122901543E-01 0.122150621E-01 0.121388967E-01
 0.120619106E-01 0.119843322E-01-0.724525530E-03-0.859358486E-03-0.905142641E-03
-0.936534446E-03-0.970538166E-03-0.100770771E-02-0.104791554E-02-0.109109490E-02
-0.113857525E-02-0.115229562E-02-0.113245353E-02-0.111144860E-02-0.109030254E-02
-0.106858686E-02-0.104597120E-02-0.102219953E-02-0.997059062E-03-0.970362212E-03
-0.941936373E-03-0.911617912E-03-0.879248568E-03-0.844673223E-03-0.807738510E-03
-0.768291942E-03-0.726181388E-03-0.681254780E-03-0.633359983E-03-0.582344795E-03
-0.528057029E-03-0.470344688E-03-0.409056193E-03-0.344040680E-03-0.275148348E-03
-0.202230880E-03-0.125141911E-03-0.437375753E-04 0.421228698E-04 0.132576337E-03
 0.227755097E-03 0.327785859E-03 0.432788713E-03 0.542875925E-03 0.658150565E-03
 0.778704944E-03 0.904618828E-03 0.103595743E-02 0.117276913E-02 0.131508292E-02
 0.146290555E-02 0.161621838E-02 0.177497385E-02 0.193909167E-02 0.210845466E-02
 0.228290411E-02 0.246223486E-02 0.264618968E-02 0.283445310E-02 0.302664426E-02
 0.322230868E-02 0.342090864E-02 0.362181248E-02 0.382428618E-02 0.409109183E-02
 0.443740509E-02 0.478444739E-02 0.513096892E-02 0.547560611E-02 0.581690306E-02
 0.615335326E-02 0.648345648E-02 0.680578776E-02 0.711907352E-02 0.742226736E-02
 0.771461751E-02 0.799571751E-02 0.826553355E-02 0.852440422E-02 0.877301219E-02
 0.901233061E-02 0.924355004E-02 0.946799317E-02 0.968702558E-02 0.990196926E-02
 0.101140248E-01 0.103242056E-01 0.105332868E-01 0.107417679E-01 0.109498507E-01
 0.111574304E-01 0.113641002E-01 0.115691672E-01 0.117716819E-01 0.119704784E-01
 0.121642248E-01 0.123514831E-01 0.125307738E-01 0.127006424E-01 0.128597225E-01
 0.130067917E-01 0.131408163E-01 0.132609828E-01 0.133667153E-01 0.134576797E-01
 0.135337767E-01 0.135951245E-01 0.136420361E-01 0.136749907E-01 0.136946046E-01
 0.137016005E-01 0.136967790E-01 0.136809917E-01 0.136551178E-01 0.136200439E-01
 0.135766471E-01 0.135257813E-01 0.134682672E-01 0.134048843E-01 0.133363661E-01
 0.132633968E-01 0.131866094E-01 0.131065864E-01 0.130238599E-01 0.129389137E-01
 0.128521850E-01 0.127640679E-01 0.126749150E-01 0.125850414E-01 0.124947267E-01
 0.124042187E-01-0.730327555E-03-0.868010889E-03-0.918077059E-03-0.953463894E-03
-0.991939219E-03-0.103423060E-02-0.108026112E-02-0.112989254E-02-0.116720175E-02
-0.115234864E-02-0.113589011E-02-0.111833668E-02-0.109986207E-02-0.108041031E-02
-0.105986655E-02-0.103808933E-02-0.101492634E-02-0.990222181E-03-0.963821589E-03
-0.935570532E-03-0.905316404E-03-0.872907908E-03-0.838194891E-03-0.801028222E-03
-0.761259762E-03-0.718742419E-03-0.673330304E-03-0.624878964E-03-0.573245699E-03
-0.518289958E-03-0.459873794E-03-0.397862411E-03-0.332124769E-03-0.262534276E-03
-0.188969558E-03-0.111315334E-03-0.294633749E-04 0.566864022E-04 0.147224726E-03
 0.242231611E-03 0.341774837E-03 0.445908255E-03 0.554669894E-03 0.668079872E-03
 0.786138080E-03 0.908821667E-03 0.103608232E-02 0.116784336E-02 0.130399680E-02
 0.144440029E-02 0.158887431E-02 0.173719964E-02 0.188911550E-02 0.204431865E-02
 0.220246386E-02 0.236316611E-02 0.252600480E-02 0.269053001E-02 0.285627012E-02
 0.302273990E-02 0.318944811E-02 0.335592033E-02 0.358420879E-02 0.388967421E-02
 0.419543848E-02 0.450091210E-02 0.480550555E-02 0.510861313E-02 0.540963369E-02
 0.570800274E-02 0.600323046E-02 0.629494053E-02 0.658290453E-02 0.686706728E-02
 0.714756021E-02 0.742470126E-02 0.769898126E-02 0.797103807E-02 0.824162049E-02
 0.851154399E-02 0.878164108E-02 0.905270859E-02 0.932545442E-02 0.960044574E-02
 0.987806036E-02 0.101584425E-01 0.104414642E-01 0.107266926E-01 0.110133662E-01
 0.113003804E-01 0.115862870E-01 0.118693119E-01 0.121473940E-01 0.124182503E-01
 0.126794649E-01 0.129285988E-01 0.131633088E-01 0.133814629E-01 0.135812386E-01
 0.137611949E-01 0.139203130E-01 0.140580074E-01 0.141741108E-01 0.142688391E-01
 0.143427426E-01 0.143966506E-01 0.144316117E-01 0.144488368E-01 0.144496450E-01
 0.144354160E-01 0.144075494E-01 0.143674311E-01 0.143164072E-01 0.142557642E-01
 0.141867150E-01 0.141103906E-01 0.140278345E-01 0.139400019E-01 0.138477602E-01
 0.137518922E-01 0.136530997E-01 0.135520088E-01 0.134491749E-01 0.133450887E-01
 0.132401816E-01 0.131348310E-01 0.130293658E-01 0.129240711E-01 0.128191929E-01
-0.789433105E-03-0.932194170E-03-0.935484378E-03-0.972647589E-03-0.101591125E-02
-0.106369298E-02-0.111567792E-02-0.116583648E-02-0.116333961E-02-0.115085645E-02
-0.113777796E-02-0.112369768E-02-0.110855954E-02-0.109229592E-02-0.107481782E-02
-0.105601848E-02-0.103577786E-02-0.101396658E-02-0.990449113E-03-0.965086012E-03
-0.937735461E-03-0.908254369E-03-0.876499152E-03-0.842326359E-03-0.805593218E-03
-0.766158159E-03-0.723881341E-03-0.678625219E-03-0.630255151E-03-0.578640051E-03
-0.523653116E-03-0.465172605E-03-0.403082696E-03-0.337274432E-03-0.267646742E-03
-0.194107575E-03-0.116575149E-03-0.349793245E-04 0.507368674E-04 0.140615533E-03
 0.234682033E-03 0.332942890E-03 0.435383468E-03 0.541965393E-03 0.652623721E-03
 0.767263824E-03 0.885758031E-03 0.100794203E-02 0.113361113E-02 0.126251651E-02
 0.139436166E-02 0.152879939E-02 0.166542997E-02 0.180380109E-02 0.194341099E-02
 0.208371602E-02 0.222414471E-02 0.236412000E-02 0.250309073E-02 0.264057102E-02
 0.277618265E-02 0.290970067E-02 0.310254872E-02 0.337038337E-02 0.363823660E-02
 0.390622926E-02 0.417447790E-02 0.444306620E-02 0.471206314E-02 0.498156292E-02
 0.525173212E-02 0.552285069E-02 0.579533717E-02 0.606975287E-02 0.634678572E-02
 0.662721910E-02 0.691189358E-02 0.720166815E-02 0.749738436E-02 0.779983314E-02
 0.810972265E-02 0.842764539E-02 0.875404342E-02 0.908917162E-02 0.943305877E-02
 0.978546587E-02 0.101458406E-01 0.105132675E-01 0.108864142E-01 0.112634773E-01
 0.116421345E-01 0.120195153E-01 0.123922106E-01 0.127563447E-01 0.131077293E-01
 0.134420969E-01 0.137553824E-01 0.140439966E-01 0.143050382E-01 0.145364176E-01
 0.147368908E-01 0.149060240E-01 0.150441101E-01 0.151520589E-01 0.152312751E-01
 0.152835352E-01 0.153108715E-01 0.153154676E-01 0.152995703E-01 0.152654162E-01
 0.152151763E-01 0.151509150E-01 0.150745624E-01 0.149878983E-01 0.148925441E-01
 0.147899624E-01 0.146814613E-01 0.145682016E-01 0.144512065E-01 0.143313728E-01
 0.142094817E-01 0.140862104E-01 0.139621431E-01 0.138377809E-01 0.137135516E-01
 0.135898185E-01 0.134668878E-01 0.133450165E-01 0.132244180E-01-0.749203270E-03
-0.893393709E-03-0.949229034E-03-0.993366827E-03-0.104205548E-02-0.109589328E-02
-0.115579474E-02-0.116544995E-02-0.115843865E-02-0.114992235E-02-0.114052542E-02
-0.113016698E-02-0.111876058E-02-0.110621385E-02-0.109242647E-02-0.107729000E-02
-0.106068850E-02-0.104249947E-02-0.102259497E-02-0.100084275E-02-0.977107343E-03
-0.951251011E-03-0.923134683E-03-0.892618792E-03-0.859564101E-03-0.823832510E-03
-0.785287870E-03-0.743796813E-03-0.699229620E-03-0.651461122E-03-0.600371646E-03
-0.545848015E-03-0.487784617E-03-0.426084537E-03-0.360660776E-03-0.291437570E-03
-0.218351817E-03-0.141354645E-03-0.604131271E-04 0.244878174E-04 0.113343311E-03
 0.206126166E-03 0.302784243E-03 0.403237498E-03 0.507374650E-03 0.615049441E-03
 0.726076425E-03 0.840226249E-03 0.957220380E-03 0.107672527E-02 0.119834601E-02
 0.132161954E-02 0.144600784E-02 0.157089164E-02 0.169556609E-02 0.181924071E-02
 0.194104833E-02 0.206007075E-02 0.217539387E-02 0.228620861E-02 0.239196901E-02
 0.249258250E-02 0.264902745E-02 0.287771824E-02 0.310612238E-02 0.333543757E-02
 0.356654826E-02 0.380003310E-02 0.403628898E-02 0.427569213E-02 0.451874960E-02
 0.476621433E-02 0.501913979E-02 0.527885534E-02 0.554686686E-02 0.582472108E-02
 0.611388594E-02 0.641567938E-02 0.673124450E-02 0.706154918E-02 0.740738784E-02
 0.776937345E-02 0.814791857E-02 0.854321124E-02 0.895519051E-02 0.938351827E-02
 0.982753586E-02 0.102861948E-01 0.107579584E-01 0.112406702E-01 0.117313849E-01
 0.122261565E-01 0.127198152E-01 0.132058369E-01 0.136765016E-01 0.141235131E-01
 0.145389773E-01 0.149163272E-01 0.152508375E-01 0.155397066E-01 0.157818826E-01
 0.159777902E-01 0.161290401E-01 0.162381457E-01 0.163082587E-01 0.163429304E-01
 0.163459052E-01 0.163209514E-01 0.162717304E-01 0.162017037E-01 0.161140724E-01
 0.160117449E-01 0.158973243E-01 0.157731128E-01 0.156411253E-01 0.155031096E-01
 0.153605705E-01 0.152147949E-01 0.150668761E-01 0.149177375E-01 0.147681547E-01
 0.146187749E-01 0.144701350E-01 0.143226766E-01 0.141767607E-01 0.140326787E-01
 0.138906634E-01 0.137508978E-01 0.136135225E-01-0.754701582E-03-0.902754593E-03
-0.965922312E-03-0.101561695E-02-0.107017238E-02-0.112971797E-02-0.116278631E-02
-0.115923383E-02-0.115538607E-02-0.115083423E-02-0.114550601E-02-0.113928865E-02
-0.113206927E-02-0.112373612E-02-0.111417644E-02-0.110327475E-02-0.109091186E-02
-0.107696440E-02-0.106130485E-02-0.104380181E-02-0.102432061E-02-0.100272399E-02
-0.978872915E-03-0.952627466E-03-0.923847776E-03-0.892395005E-03-0.858132352E-03
-0.820926097E-03-0.780646670E-03-0.737169752E-03-0.690377407E-03-0.640159253E-03
-0.586413672E-03-0.529049073E-03-0.467985219E-03-0.403154625E-03-0.334504058E-03
-0.261996147E-03-0.185611134E-03-0.105348800E-03-0.212305980E-04 0.666979629E-04
 0.158364623E-03 0.253667312E-03 0.352470634E-03 0.454601804E-03 0.559845903E-03
 0.667940295E-03 0.778567974E-03 0.891349561E-03 0.100583355E-02 0.112148422E-02
 0.123766656E-02 0.135362696E-02 0.146846844E-02 0.158111855E-02 0.169028828E-02
 0.179442219E-02 0.189164835E-02 0.197976695E-02 0.205641393E-02 0.211981297E-02
 0.223036652E-02 0.240859756E-02 0.258830949E-02 0.277300977E-02 0.296365746E-02
 0.316006236E-02 0.336168707E-02 0.356808300E-02 0.377922554E-02 0.399587330E-02
 0.421990486E-02 0.445432418E-02 0.470269996E-02 0.496830657E-02 0.525365808E-02
 0.556054024E-02 0.589027101E-02 0.624391650E-02 0.662239818E-02 0.702650337E-02
 0.745679717E-02 0.791354047E-02 0.839667661E-02 0.890598551E-02 0.944115081E-02
 0.100016409E-01 0.105865282E-01 0.111943621E-01 0.118230137E-01 0.124692861E-01
 0.131280338E-01 0.137902479E-01 0.144402558E-01 0.150561858E-01 0.156178912E-01
 0.161129618E-01 0.165356685E-01 0.168845419E-01 0.171609407E-01 0.173682815E-01
 0.175115046E-01 0.175965970E-01 0.176301382E-01 0.176188915E-01 0.175694699E-01
 0.174880923E-01 0.173804295E-01 0.172515275E-01 0.171057893E-01 0.169469969E-01
 0.167783569E-01 0.166025600E-01 0.164218428E-01 0.162380503E-01 0.160526925E-01
 0.158669967E-01 0.156819521E-01 0.154983500E-01 0.153168167E-01 0.151378422E-01
 0.149618036E-01 0.147889860E-01 0.146195980E-01 0.144537863E-01 0.142916472E-01
 0.141332355E-01 0.139785729E-01-0.811162488E-03-0.964305658E-03-0.985845449E-03
-0.103872002E-02-0.110016273E-02-0.115133426E-02-0.115330894E-02-0.115412562E-02
-0.115473322E-02-0.115476533E-02-0.115406390E-02-0.115250182E-02-0.114996276E-02
-0.114633409E-02-0.114150278E-02-0.113535307E-02-0.112776506E-02-0.111861407E-02
-0.110777047E-02-0.109509997E-02-0.108046409E-02-0.106372098E-02-0.104472627E-02
-0.102333410E-02-0.999398288E-03-0.972773413E-03-0.943316098E-03-0.910886223E-03
-0.875348196E-03-0.836572234E-03-0.794435647E-03-0.748824132E-03-0.699633076E-03
-0.646768874E-03-0.590150265E-03-0.529709710E-03-0.465394817E-03-0.397169837E-03
-0.325017264E-03-0.248939551E-03-0.168960995E-03-0.851298283E-04 0.247943189E-05
 0.937633069E-04 0.188586265E-03 0.286777109E-03 0.388124700E-03 0.492372818E-03
 0.599213900E-03 0.708281258E-03 0.819139244E-03 0.931270495E-03 0.104405899E-02
 0.115676684E-02 0.126850123E-02 0.137816558E-02 0.148438329E-02 0.158537111E-02
 0.167871172E-02 0.176090017E-02 0.182631191E-02 0.186456677E-02 0.188171034E-02
 0.196412930E-02 0.208315701E-02 0.222476197E-02 0.238013364E-02 0.254531590E-02
 0.271825256E-02 0.289419729E-02 0.307125364E-02 0.324648935E-02 0.341948807E-02
 0.360029648E-02 0.380744458E-02 0.404633382E-02 0.432055595E-02 0.462727813E-02
 0.496649135E-02 0.534093229E-02 0.574866461E-02 0.619346889E-02 0.667645103E-02
 0.719902812E-02 0.775839281E-02 0.835281983E-02 0.898370650E-02 0.965528508E-02
 0.103653293E-01 0.111127440E-01 0.119009797E-01 0.127278421E-01 0.135985353E-01
 0.145237595E-01 0.155260738E-01 0.164456930E-01 0.172140228E-01 0.178493713E-01
 0.183597918E-01 0.187514767E-01 0.190318130E-01 0.192103765E-01 0.192987401E-01
 0.193096593E-01 0.192560861E-01 0.191503229E-01 0.190034575E-01 0.188250896E-01
 0.186232818E-01 0.184046519E-01 0.181745374E-01 0.179371844E-01 0.176959313E-01
 0.174533759E-01 0.172115184E-01 0.169718813E-01 0.167356078E-01 0.165035414E-01
 0.162762896E-01 0.160542751E-01 0.158377761E-01 0.156269586E-01 0.154219015E-01
 0.152226171E-01 0.150290665E-01 0.148411724E-01 0.146588287E-01 0.144819083E-01
 0.143102694E-01-0.775367728E-03-0.930082581E-03-0.998020600E-03-0.105919753E-02
-0.112450977E-02-0.113760033E-02-0.114563101E-02-0.115245319E-02-0.115844457E-02
-0.116365483E-02-0.116804599E-02-0.117155055E-02-0.117408738E-02-0.117556557E-02
-0.117588510E-02-0.117493694E-02-0.117260312E-02-0.116875711E-02-0.116326441E-02
-0.115598336E-02-0.114676617E-02-0.113546010E-02-0.112190863E-02-0.110595290E-02
-0.108743307E-02-0.106618977E-02-0.104206561E-02-0.101490663E-02-0.984563837E-03
-0.950894643E-03-0.913764311E-03-0.873047352E-03-0.828628873E-03-0.780405885E-03
-0.728288564E-03-0.672201492E-03-0.612084881E-03-0.547895801E-03-0.479609429E-03
-0.407220337E-03-0.330743856E-03-0.250217535E-03-0.165702741E-03-0.772864358E-04
 0.149168145E-04 0.110762544E-03 0.210073730E-03 0.312637698E-03 0.418202479E-03
 0.526472494E-03 0.637103421E-03 0.749696071E-03 0.863789102E-03 0.978850485E-03
 0.109426790E-02 0.120933903E-02 0.132326489E-02 0.143515538E-02 0.154407312E-02
 0.164919171E-02 0.175029308E-02 0.184916707E-02 0.195190935E-02 0.206696718E-02
 0.219834306E-02 0.234536216E-02 0.250564014E-02 0.267644358E-02 0.285486860E-02
 0.303756909E-02 0.322010245E-02 0.339553398E-02 0.355110943E-02 0.369153858E-02
 0.389401773E-02 0.414783094E-02 0.444610087E-02 0.478427621E-02 0.516289458E-02
 0.558118381E-02 0.604067905E-02 0.654455359E-02 0.709497934E-02 0.770000493E-02
 0.837148849E-02 0.909872017E-02 0.986904143E-02 0.106874269E-01 0.115560261E-01
 0.124748873E-01 0.134444727E-01 0.144632250E-01 0.155286593E-01 0.166363472E-01
 0.177724936E-01 0.188290773E-01 0.197337012E-01 0.204703791E-01 0.210291262E-01
 0.214087194E-01 0.216188368E-01 0.216791161E-01 0.216155306E-01 0.214557533E-01
 0.212253718E-01 0.209458682E-01 0.206341580E-01 0.203030200E-01 0.199618476E-01
 0.196174112E-01 0.192745087E-01 0.189364785E-01 0.186055901E-01 0.182833342E-01
 0.179706375E-01 0.176680204E-01 0.173757120E-01 0.170937351E-01 0.168219679E-01
 0.165601891E-01 0.163081113E-01 0.160654044E-01 0.158317138E-01 0.156066723E-01
 0.153899097E-01 0.151810586E-01 0.149797592E-01 0.147856621E-01 0.145984304E-01
-0.774348593E-03-0.930554820E-03-0.100397885E-02-0.106455070E-02-0.110754109E-02
-0.112999666E-02-0.114735938E-02-0.115901302E-02-0.116999633E-02-0.118024865E-02
-0.118972444E-02-0.119837824E-02-0.120615248E-02-0.121297344E-02-0.121875044E-02
-0.122337655E-02-0.122672985E-02-0.122867498E-02-0.122906474E-02-0.122774173E-02
-0.122454003E-02-0.121928688E-02-0.121180444E-02-0.120191147E-02-0.118942516E-02
-0.117416297E-02-0.115594435E-02-0.113459265E-02-0.110993686E-02-0.108181333E-02
-0.105006741E-02-0.101455496E-02-0.975143694E-03-0.931714454E-03-0.884162288E-03
-0.832397461E-03-0.776346359E-03-0.715952326E-03-0.651176416E-03-0.581998090E-03
-0.508415854E-03-0.430447855E-03-0.348132461E-03-0.261528833E-03-0.170717487E-03
-0.758008495E-04 0.230962285E-04 0.125826056E-03 0.232217867E-03 0.342077932E-03
 0.455190279E-03 0.571318452E-03 0.690209036E-03 0.811598131E-03 0.935222755E-03
 0.106084040E-02 0.118826185E-02 0.131740493E-02 0.144837841E-02 0.158160177E-02
 0.171794436E-02 0.185881219E-02 0.200604726E-02 0.216156127E-02 0.232686884E-02
 0.250282028E-02 0.268962949E-02 0.288706474E-02 0.309467018E-02 0.331200079E-02
 0.353896271E-02 0.377643959E-02 0.402729954E-02 0.429706376E-02 0.459257949E-02
 0.491948288E-02 0.528140640E-02 0.568073487E-02 0.611940426E-02 0.659930978E-02
 0.712242528E-02 0.769070638E-02 0.830577459E-02 0.896846042E-02 0.970061591E-02
 0.105657424E-01 0.114864927E-01 0.124663135E-01 0.135099074E-01 0.146206361E-01
 0.157997617E-01 0.170450604E-01 0.183482164E-01 0.196903381E-01 0.210354164E-01
 0.223238030E-01 0.234719611E-01 0.243881484E-01 0.250019412E-01 0.252859406E-01
 0.252617635E-01 0.249936695E-01 0.245647824E-01 0.240472473E-01 0.234900045E-01
 0.229225181E-01 0.223616867E-01 0.218169087E-01 0.212931549E-01 0.207927642E-01
 0.203165010E-01 0.198641914E-01 0.194351138E-01 0.190282416E-01 0.186423954E-01
 0.182763378E-01 0.179288318E-01 0.175986763E-01 0.172847260E-01 0.169859016E-01
 0.167011945E-01 0.164296671E-01 0.161704507E-01 0.159227422E-01 0.156858003E-01
 0.154589409E-01 0.152415330E-01 0.150329941E-01 0.148327864E-01-0.823594685E-03
-0.981671608E-03-0.101286421E-02-0.107086487E-02-0.111395494E-02-0.113890071E-02
-0.116039807E-02-0.117644557E-02-0.119185697E-02-0.120665126E-02-0.122085412E-02
-0.123446336E-02-0.124744132E-02-0.125971745E-02-0.127119306E-02-0.128174574E-02
-0.129123305E-02-0.129949549E-02-0.130635894E-02-0.131163695E-02-0.131513272E-02
-0.131664120E-02-0.131595112E-02-0.131284711E-02-0.130711183E-02-0.129852814E-02
-0.128688130E-02-0.127196129E-02-0.125356500E-02-0.123149847E-02-0.120557876E-02
-0.117563569E-02-0.114151319E-02-0.110307036E-02-0.106018229E-02-0.101274066E-02
-0.960654269E-03-0.903849389E-03-0.842270019E-03-0.775877874E-03-0.704652195E-03
-0.628589362E-03-0.547702357E-03-0.462020093E-03-0.371586585E-03-0.276459904E-03
-0.176710854E-03-0.724212357E-04 0.363184306E-04 0.149411962E-03 0.266761642E-03
 0.388273841E-03 0.513866665E-03 0.643480356E-03 0.777091257E-03 0.914730209E-03
 0.105650596E-02 0.120263321E-02 0.135346289E-02 0.150950866E-02 0.167145948E-02
 0.184016568E-02 0.201659103E-02 0.220173757E-02 0.239656748E-02 0.260195281E-02
 0.281867388E-02 0.304746993E-02 0.328913473E-02 0.354464783E-02 0.381532924E-02
 0.410299033E-02 0.441002371E-02 0.473935998E-02 0.509426991E-02 0.547810091E-02
 0.589408813E-02 0.634530873E-02 0.683474659E-02 0.736540079E-02 0.794039300E-02
 0.856305927E-02 0.923703190E-02 0.996632266E-02 0.107769530E-01 0.117357529E-01
 0.127681838E-01 0.138793175E-01 0.150768976E-01 0.163696932E-01 0.177675253E-01
 0.192813455E-01 0.209234671E-01 0.227080947E-01 0.246521061E-01 0.267743039E-01
 0.290042319E-01 0.306375152E-01 0.314716533E-01 0.314892692E-01 0.306694398E-01
 0.292628086E-01 0.279559315E-01 0.267869239E-01 0.257366636E-01 0.247883101E-01
 0.239280915E-01 0.231446311E-01 0.224283615E-01 0.217711422E-01 0.211660027E-01
 0.206069551E-01 0.200888437E-01 0.196072197E-01 0.191582353E-01 0.187385531E-01
 0.183452696E-01 0.179758508E-01 0.176280771E-01 0.172999981E-01 0.169898932E-01
 0.166962398E-01 0.164176854E-01 0.161530250E-01 0.159011812E-01 0.156611874E-01
 0.154321745E-01 0.152133580E-01 0.150040280E-01-0.791625201E-03-0.950891943E-03
-0.102170318E-02-0.108504358E-02-0.113243864E-02-0.116213707E-02-0.118773326E-02
-0.120685591E-02-0.122529954E-02-0.124359487E-02-0.126187683E-02-0.128012824E-02
-0.129826432E-02-0.131616200E-02-0.133367182E-02-0.135062347E-02-0.136682878E-02
-0.138208374E-02-0.139617001E-02-0.140885646E-02-0.141990077E-02-0.142905128E-02
-0.143604931E-02-0.144063149E-02-0.144253226E-02-0.144148625E-02-0.143723075E-02
-0.142950886E-02-0.141807295E-02-0.140268777E-02-0.138313309E-02-0.135920572E-02
-0.133072085E-02-0.129751274E-02-0.125943454E-02-0.121635789E-02-0.116817324E-02
-0.111479012E-02-0.105613698E-02-0.992160572E-03-0.922824705E-03-0.848108653E-03
-0.768005367E-03-0.682519692E-03-0.591666476E-03-0.495468412E-03-0.393953533E-03
-0.287152293E-03-0.175094110E-03-0.578032362E-04 0.647062126E-04 0.192436254E-03
 0.325412250E-03 0.463691467E-03 0.607373056E-03 0.756609266E-03 0.911617451E-03
 0.107269188E-02 0.124021381E-02 0.141465795E-02 0.159659306E-02 0.178667582E-02
 0.198563842E-02 0.219427328E-02 0.241342023E-02 0.264396238E-02 0.288683521E-02
 0.314305077E-02 0.341373530E-02 0.370017528E-02 0.400386377E-02 0.432653667E-02
 0.467018838E-02 0.503706140E-02 0.542961344E-02 0.585047664E-02 0.630242786E-02
 0.678838573E-02 0.731144237E-02 0.787493364E-02 0.848255630E-02 0.913855897E-02
 0.984807357E-02 0.106176678E-01 0.114768544E-01 0.124945508E-01 0.135978063E-01
 0.147927567E-01 0.160902935E-01 0.175047016E-01 0.190542347E-01 0.207622653E-01
 0.226591762E-01 0.247854913E-01 0.271978689E-01 0.299849812E-01 0.331592580E-01
 0.353694295E-01 0.363798092E-01 0.361899051E-01 0.347182759E-01 0.323335007E-01
 0.303377981E-01 0.286681380E-01 0.272430824E-01 0.260098750E-01 0.249305557E-01
 0.239766424E-01 0.231262830E-01 0.223624435E-01 0.216716662E-01 0.210431883E-01
 0.204683046E-01 0.199398992E-01 0.194520985E-01 0.190000096E-01 0.185795222E-01
 0.181871562E-01 0.178199438E-01 0.174753366E-01 0.171511332E-01 0.168454204E-01
 0.165565267E-01 0.162829841E-01 0.160234976E-01 0.157769196E-01 0.155422288E-01
 0.153185129E-01 0.151049540E-01-0.790594574E-03-0.953339011E-03-0.103495489E-02
-0.110439597E-02-0.115900703E-02-0.119927901E-02-0.123102528E-02-0.124815106E-02
-0.126759473E-02-0.128863378E-02-0.131084049E-02-0.133391517E-02-0.135760686E-02
-0.138168091E-02-0.140590439E-02-0.143003871E-02-0.145383551E-02-0.147703437E-02
-0.149936160E-02-0.152052984E-02-0.154023831E-02-0.155817391E-02-0.157401489E-02
-0.158743460E-02-0.159810471E-02-0.160569675E-02-0.160988076E-02-0.161033243E-02
-0.160674134E-02-0.159881642E-02-0.158628962E-02-0.156891877E-02-0.154648923E-02
-0.151881386E-02-0.148572947E-02-0.144708768E-02-0.140276075E-02-0.135264418E-02
-0.129665707E-02-0.123474065E-02-0.116685519E-02-0.109297556E-02-0.101308697E-02
-0.927182985E-03-0.835263453E-03-0.737331861E-03-0.633392104E-03-0.523445084E-03
-0.407485019E-03-0.285495345E-03-0.157444151E-03-0.232791005E-04 0.117078174E-03
 0.263738179E-03 0.416850060E-03 0.576608280E-03 0.743259164E-03 0.917106876E-03
 0.109851835E-02 0.128792671E-02 0.148583297E-02 0.169280609E-02 0.190948207E-02
 0.213656320E-02 0.237481895E-02 0.262508985E-02 0.288829559E-02 0.316544723E-02
 0.345766294E-02 0.376618542E-02 0.409239863E-02 0.443784134E-02 0.480421562E-02
 0.519339015E-02 0.560739967E-02 0.604844428E-02 0.651889243E-02 0.702129163E-02
 0.755838864E-02 0.813315839E-02 0.874883424E-02 0.940891392E-02 0.101170415E-01
 0.108762943E-01 0.117251101E-01 0.127765850E-01 0.139020963E-01 0.151127680E-01
 0.164223027E-01 0.178466485E-01 0.194054627E-01 0.211235477E-01 0.230325251E-01
 0.251725857E-01 0.275936072E-01 0.303575281E-01 0.334703685E-01 0.356086036E-01
 0.366036887E-01 0.364010861E-01 0.349429784E-01 0.326056958E-01 0.305970366E-01
 0.288879306E-01 0.274225081E-01 0.261547988E-01 0.250475627E-01 0.240714618E-01
 0.232035582E-01 0.224258610E-01 0.217241453E-01 0.210870521E-01 0.205054148E-01
 0.199717596E-01 0.194799322E-01 0.190248176E-01 0.186021281E-01 0.182082401E-01
 0.178400689E-01 0.174949702E-01 0.171706631E-01 0.168651680E-01 0.165767578E-01
 0.163039180E-01 0.160453138E-01 0.157997640E-01 0.155662187E-01 0.153437411E-01
 0.151314924E-01-0.840119276E-03-0.100627486E-02-0.105178925E-02-0.112293988E-02
-0.118260495E-02-0.122841646E-02-0.126522870E-02-0.128673557E-02-0.131054065E-02
-0.133641116E-02-0.136407573E-02-0.139325829E-02-0.142368606E-02-0.145508753E-02
-0.148718788E-02-0.151970445E-02-0.155234280E-02-0.158479354E-02-0.161672986E-02
-0.164780658E-02-0.167765671E-02-0.170588236E-02-0.173207409E-02-0.175582295E-02
-0.177672973E-02-0.179441419E-02-0.180843356E-02-0.181834326E-02-0.182373852E-02
-0.182425183E-02-0.181955379E-02-0.180935663E-02-0.179342077E-02-0.177156582E-02
-0.174367689E-02-0.170954731E-02-0.166901617E-02-0.162196488E-02-0.156831491E-02
-0.150802462E-02-0.144108175E-02-0.136748575E-02-0.128722724E-02-0.120030154E-02
-0.110671080E-02-0.100645976E-02-0.899549578E-03-0.785974634E-03-0.665719423E-03
-0.538754896E-03-0.405034651E-03-0.264490975E-03-0.117030683E-03 0.374691743E-04
 0.199165657E-03 0.368254240E-03 0.544972928E-03 0.729606044E-03 0.922487568E-03
 0.112400396E-02 0.133459647E-02 0.155476311E-02 0.178506057E-02 0.202610633E-02
 0.227858163E-02 0.254323537E-02 0.282088932E-02 0.311244454E-02 0.341888870E-02
 0.374130375E-02 0.408087339E-02 0.443888974E-02 0.481675887E-02 0.521600529E-02
 0.563827601E-02 0.608534485E-02 0.655911800E-02 0.706164142E-02 0.759511006E-02
 0.816187791E-02 0.876446782E-02 0.940558319E-02 0.100881398E-01 0.108153785E-01
 0.116285613E-01 0.126398931E-01 0.137161744E-01 0.148622467E-01 0.160871236E-01
 0.174012464E-01 0.188169326E-01 0.203491245E-01 0.220166967E-01 0.238450647E-01
 0.258722013E-01 0.281667180E-01 0.307795370E-01 0.325761070E-01 0.334258688E-01
 0.333248853E-01 0.321967996E-01 0.303099298E-01 0.287373191E-01 0.273935445E-01
 0.262169080E-01 0.251729809E-01 0.242387648E-01 0.233972660E-01 0.226351528E-01
 0.219416077E-01 0.213076852E-01 0.207259025E-01 0.201899516E-01 0.196944817E-01
 0.192349297E-01 0.188073846E-01 0.184084787E-01 0.180352982E-01 0.176853109E-01
 0.173563069E-01 0.170463492E-01 0.167537334E-01 0.164769539E-01 0.162146756E-01
 0.159657109E-01 0.157289993E-01 0.155035911E-01 0.152886330E-01 0.150833563E-01
-0.814148722E-03-0.982164194E-03-0.106236860E-02-0.113868841E-02-0.120227122E-02
-0.125218784E-02-0.129400399E-02-0.132173342E-02-0.135200256E-02-0.138467872E-02
-0.141958672E-02-0.145651513E-02-0.149522580E-02-0.153545983E-02-0.157693999E-02
-0.161937044E-02-0.166243455E-02-0.170579217E-02-0.174906988E-02-0.179188850E-02
-0.183387477E-02-0.187441446E-02-0.191293215E-02-0.194887994E-02-0.198173164E-02
-0.201097883E-02-0.203612627E-02-0.205669696E-02-0.207223926E-02-0.208233146E-02
-0.208658534E-02-0.208464893E-02-0.207620869E-02-0.206099047E-02-0.203875766E-02
-0.200930480E-02-0.197246787E-02-0.192813396E-02-0.187625289E-02-0.181685411E-02
-0.175007387E-02-0.167607364E-02-0.159475520E-02-0.150610000E-02-0.141013971E-02
-0.130692095E-02-0.119646132E-02-0.107876739E-02-0.953836141E-03-0.821648980E-03
-0.682168929E-03-0.535337930E-03-0.381073829E-03-0.219267370E-03-0.497792356E-04
 0.127562817E-03 0.312966683E-03 0.506678457E-03 0.708984788E-03 0.920215016E-03
 0.114074314E-02 0.137098968E-02 0.161142347E-02 0.186256365E-02 0.212498171E-02
 0.239930392E-02 0.268621399E-02 0.298645603E-02 0.330083754E-02 0.363023249E-02
 0.397558406E-02 0.433790715E-02 0.471829036E-02 0.511789776E-02 0.553797040E-02
 0.597982802E-02 0.644487131E-02 0.693458512E-02 0.745054333E-02 0.799441585E-02
 0.856797895E-02 0.917312959E-02 0.981190324E-02 0.104864910E-01 0.112353706E-01
 0.121646306E-01 0.131421131E-01 0.141676981E-01 0.152438939E-01 0.163726731E-01
 0.175548985E-01 0.187893135E-01 0.200706873E-01 0.213862679E-01 0.227089181E-01
 0.239851009E-01 0.251229728E-01 0.260068267E-01 0.265454543E-01 0.267042065E-01
 0.265112396E-01 0.260537421E-01 0.254437849E-01 0.247694128E-01 0.240820045E-01
 0.234081190E-01 0.227607684E-01 0.221458144E-01 0.215652917E-01 0.210191598E-01
 0.205062620E-01 0.200248676E-01 0.195729864E-01 0.191485520E-01 0.187495275E-01
 0.183739647E-01 0.180200343E-01 0.176860390E-01 0.173704162E-01 0.170717342E-01
 0.167886856E-01 0.165200787E-01 0.162648279E-01 0.160219448E-01 0.157905291E-01
 0.155697602E-01 0.153588898E-01 0.151572344E-01 0.149641691E-01-0.809657199E-03
-0.980414385E-03-0.107204760E-02-0.115248365E-02-0.121956978E-02-0.127339730E-02
-0.132041060E-02-0.135503362E-02-0.139277971E-02-0.143352131E-02-0.147707643E-02
-0.152323109E-02-0.157175162E-02-0.162238794E-02-0.167487238E-02-0.172891648E-02
-0.178420427E-02-0.184043128E-02-0.189699268E-02-0.195325801E-02-0.200860931E-02
-0.206242114E-02-0.211407291E-02-0.216295576E-02-0.220847664E-02-0.225006116E-02
-0.228715591E-02-0.231923134E-02-0.234578480E-02-0.236634340E-02-0.238046655E-02
-0.238774802E-02-0.238781781E-02-0.238034352E-02-0.236503170E-02-0.234162939E-02
-0.230992722E-02-0.226976325E-02-0.222102690E-02-0.216366215E-02-0.209766800E-02
-0.202309189E-02-0.194002573E-02-0.184864533E-02-0.174925412E-02-0.164223671E-02
-0.152749993E-02-0.140505027E-02-0.127493428E-02-0.113716012E-02-0.991715044E-03
-0.838567822E-03-0.677664323E-03-0.508925595E-03-0.332245952E-03-0.147491246E-03
 0.455027554E-04 0.246931872E-03 0.457024911E-03 0.676044939E-03 0.904290422E-03
 0.114209626E-02 0.138983470E-02 0.164791618E-02 0.191679008E-02 0.219694535E-02
 0.248891104E-02 0.279325668E-02 0.311059229E-02 0.344156819E-02 0.378687419E-02
 0.414723840E-02 0.452342529E-02 0.491623325E-02 0.532649141E-02 0.575505598E-02
 0.620280613E-02 0.667063981E-02 0.715946997E-02 0.767022226E-02 0.820383628E-02
 0.876127359E-02 0.934353417E-02 0.995165515E-02 0.106212196E-01 0.114520663E-01
 0.123142298E-01 0.132037659E-01 0.141185844E-01 0.150553300E-01 0.160087244E-01
 0.169707030E-01 0.179293301E-01 0.188675745E-01 0.197622907E-01 0.205842141E-01
 0.213001555E-01 0.218780745E-01 0.222939206E-01 0.225375041E-01 0.226149033E-01
 0.225464530E-01 0.223611214E-01 0.220897667E-01 0.217600630E-01 0.213942224E-01
 0.210088562E-01 0.206158378E-01 0.202233872E-01 0.198370377E-01 0.194603961E-01
 0.190957059E-01 0.187442564E-01 0.184066741E-01 0.180831303E-01 0.177734887E-01
 0.174774094E-01 0.171944225E-01 0.169239802E-01 0.166654930E-01 0.164183543E-01
 0.161819586E-01 0.159557121E-01 0.157390409E-01 0.155313951E-01 0.153322521E-01
 0.151411172E-01 0.149575241E-01 0.147810348E-01-0.854645841E-03-0.102737306E-02
-0.108435425E-02-0.116450041E-02-0.123436053E-02-0.129194289E-02-0.134438559E-02
-0.138638276E-02-0.143275948E-02-0.148293295E-02-0.153655177E-02-0.159336459E-02
-0.165315141E-02-0.171569440E-02-0.178076398E-02-0.184812734E-02-0.191720989E-02
-0.198735596E-02-0.205789458E-02-0.212814484E-02-0.219742326E-02-0.226504839E-02
-0.233034617E-02-0.239265489E-02-0.245132948E-02-0.250574512E-02-0.255530037E-02
-0.259941989E-02-0.263755692E-02-0.266919535E-02-0.269385163E-02-0.271107639E-02
-0.272045584E-02-0.272161316E-02-0.271420983E-02-0.269794720E-02-0.267256830E-02
-0.263785997E-02-0.259365511E-02-0.253983497E-02-0.247633135E-02-0.240312899E-02
-0.232026931E-02-0.222785678E-02-0.212606325E-02-0.201512431E-02-0.189533249E-02
-0.176710741E-02-0.163107763E-02-0.148715359E-02-0.133532699E-02-0.117561975E-02
-0.100801538E-02-0.832474656E-03-0.648933806E-03-0.457304290E-03-0.257472371E-03
-0.492985729E-04 0.167382824E-03 0.392764170E-03 0.627064699E-03 0.870530610E-03
 0.112343495E-02 0.138607730E-02 0.165878317E-02 0.194190310E-02 0.223581148E-02
 0.254090474E-02 0.285759926E-02 0.318632841E-02 0.352753897E-02 0.388168661E-02
 0.424923029E-02 0.463062546E-02 0.502631583E-02 0.543672344E-02 0.586223667E-02
 0.630319591E-02 0.675987581E-02 0.723246332E-02 0.772102901E-02 0.822548716E-02
 0.874553036E-02 0.928045168E-02 0.986545480E-02 0.106061372E-01 0.113621553E-01
 0.121290376E-01 0.129035773E-01 0.136813262E-01 0.144563863E-01 0.152211632E-01
 0.159661733E-01 0.166800068E-01 0.173495811E-01 0.179608216E-01 0.184998369E-01
 0.189544900E-01 0.193160570E-01 0.195805300E-01 0.197491653E-01 0.198281089E-01
 0.198272341E-01 0.197585694E-01 0.196347577E-01 0.194678633E-01 0.192686425E-01
 0.190462270E-01 0.188080952E-01 0.185602077E-01 0.183072148E-01 0.180526788E-01
 0.177992816E-01 0.175490054E-01 0.173032839E-01 0.170631242E-01 0.168292055E-01
 0.166019558E-01 0.163816131E-01 0.161682722E-01 0.159619215E-01 0.157624715E-01
 0.155697762E-01 0.153836502E-01 0.152038813E-01 0.150302403E-01 0.148624882E-01
 0.147003821E-01 0.145436791E-01-0.832209147E-03-0.100618010E-02-0.109153702E-02
-0.117481676E-02-0.124581631E-02-0.130273174E-02-0.135958999E-02-0.141441072E-02
-0.147225225E-02-0.153362259E-02-0.159864939E-02-0.166731881E-02-0.173955264E-02
-0.181523382E-02-0.189410400E-02-0.197550684E-02-0.205875931E-02-0.214315295E-02
-0.222796243E-02-0.231245333E-02-0.239588916E-02-0.247753768E-02-0.255667646E-02
-0.263259788E-02-0.270461338E-02-0.277205710E-02-0.283428892E-02-0.289069699E-02
-0.294069975E-02-0.298374761E-02-0.301932427E-02-0.304694782E-02-0.306617166E-02
-0.307658535E-02-0.307781544E-02-0.306952648E-02-0.305142215E-02-0.302324665E-02
-0.298478641E-02-0.293587205E-02-0.287638079E-02-0.280623934E-02-0.272542732E-02
-0.263398141E-02-0.253199964E-02-0.241964600E-02-0.229715622E-02-0.216484668E-02
-0.202311748E-02-0.187243737E-02-0.171344203E-02-0.154667196E-02-0.137203667E-02
-0.118954573E-02-0.999175103E-03-0.800881608E-03-0.594602583E-03-0.380255333E-03
-0.157737073E-03 0.730748228E-04 0.312322326E-03 0.560166035E-03 0.816784198E-03
 0.108237143E-02 0.135713710E-02 0.164130327E-02 0.193510219E-02 0.223877316E-02
 0.255255873E-02 0.287670002E-02 0.321143113E-02 0.355697228E-02 0.391352165E-02
 0.428124550E-02 0.466026627E-02 0.505064839E-02 0.545238111E-02 0.586535780E-02
 0.628935075E-02 0.672398007E-02 0.716867433E-02 0.762262016E-02 0.808470114E-02
 0.855345056E-02 0.906454727E-02 0.972342381E-02 0.103883143E-01 0.110539307E-01
 0.117172642E-01 0.123745094E-01 0.130210145E-01 0.136512810E-01 0.142590254E-01
 0.148373316E-01 0.153789207E-01 0.158765454E-01 0.163234924E-01 0.167141354E-01
 0.170444522E-01 0.173124080E-01 0.175181233E-01 0.176637929E-01 0.177533782E-01
 0.177921469E-01 0.177861531E-01 0.177417478E-01 0.176651778E-01 0.175622997E-01
 0.174384065E-01 0.172981463E-01 0.171455094E-01 0.169838585E-01 0.168159853E-01
 0.166441768E-01 0.164702847E-01 0.162957914E-01 0.161218701E-01 0.159494375E-01
 0.157791996E-01 0.156116904E-01 0.154473040E-01 0.152863218E-01 0.151289350E-01
 0.149752622E-01 0.148253650E-01 0.146792596E-01 0.145369274E-01 0.143983222E-01
 0.142633774E-01-0.825125135E-03-0.100174870E-02-0.110027951E-02-0.118754586E-02
-0.126168581E-02-0.132256910E-02-0.138544777E-02-0.144872377E-02-0.151640909E-02
-0.158849377E-02-0.166498012E-02-0.174585716E-02-0.183109165E-02-0.192040604E-02
-0.201313716E-02-0.210857652E-02-0.220598197E-02-0.230458754E-02-0.240361246E-02
-0.250226939E-02-0.259977190E-02-0.269534103E-02-0.278821108E-02-0.287763464E-02
-0.296288670E-02-0.304326820E-02-0.311810873E-02-0.318676872E-02-0.324864106E-02
-0.330315224E-02-0.334976314E-02-0.338796953E-02-0.341730238E-02-0.343732811E-02
-0.344764883E-02-0.344790262E-02-0.343776413E-02-0.341694530E-02-0.338519654E-02
-0.334230826E-02-0.328811289E-02-0.322248750E-02-0.314535697E-02-0.305669777E-02
-0.295654247E-02-0.284498478E-02-0.272218530E-02-0.258837784E-02-0.244387577E-02
-0.228907859E-02-0.212448149E-02-0.195067474E-02-0.176836970E-02-0.157853748E-02
-0.138109145E-02-0.117603336E-02-0.963352652E-03-0.743021287E-03-0.514995341E-03
-0.279216451E-03-0.356130691E-04 0.215898155E-03 0.475410771E-03 0.743026645E-03
 0.101885371E-02 0.130300326E-02 0.159558676E-02 0.189671200E-02 0.220647849E-02
 0.252497205E-02 0.285225835E-02 0.318837518E-02 0.353332335E-02 0.388705571E-02
 0.424946423E-02 0.462036446E-02 0.499947712E-02 0.538640644E-02 0.578061526E-02
 0.618139754E-02 0.658785125E-02 0.699885707E-02 0.741307243E-02 0.782894995E-02
 0.828040721E-02 0.886780660E-02 0.945598170E-02 0.100398932E-01 0.106169779E-01
 0.111842965E-01 0.117385037E-01 0.122758720E-01 0.127923649E-01 0.132837598E-01
 0.137458136E-01 0.141744666E-01 0.145660672E-01 0.149175959E-01 0.152268624E-01
 0.154926468E-01 0.157147664E-01 0.158940579E-01 0.160322797E-01 0.161319529E-01
 0.161961643E-01 0.162283607E-01 0.162321541E-01 0.162111570E-01 0.161688531E-01
 0.161085067E-01 0.160331057E-01 0.159453332E-01 0.158475610E-01 0.157418578E-01
 0.156300081E-01 0.155135356E-01 0.153937306E-01 0.152716766E-01 0.151482768E-01
 0.150242784E-01 0.149002944E-01 0.147768239E-01 0.146542691E-01 0.145329505E-01
 0.144131199E-01 0.142949721E-01 0.141786538E-01 0.140642719E-01 0.139519009E-01
-0.868793040E-03-0.104776784E-02-0.111535892E-02-0.120350228E-02-0.128181255E-02
-0.134783149E-02-0.141724402E-02-0.148869284E-02-0.156564759E-02-0.164800136E-02
-0.173571588E-02-0.182877017E-02-0.192693481E-02-0.202951314E-02-0.213576189E-02
-0.224490005E-02-0.235611827E-02-0.246858824E-02-0.258147151E-02-0.269392778E-02
-0.280512233E-02-0.291423257E-02-0.302045383E-02-0.312300412E-02-0.322112815E-02
-0.331410047E-02-0.340122782E-02-0.348185091E-02-0.355534545E-02-0.362112280E-02
-0.367863013E-02-0.372735031E-02-0.376680156E-02-0.379653707E-02-0.381614450E-02
-0.382524573E-02-0.382349667E-02-0.381058746E-02-0.378624297E-02-0.375022383E-02
-0.370232793E-02-0.364239259E-02-0.357029734E-02-0.348596741E-02-0.338937806E-02
-0.328055953E-02-0.315960293E-02-0.302666675E-02-0.288198413E-02-0.272587084E-02
-0.255873399E-02-0.238108095E-02-0.219352982E-02-0.199681869E-02-0.179179412E-02
-0.157956858E-02-0.136021623E-02-0.113375054E-02-0.900174546E-03-0.659483928E-03
-0.411666631E-03-0.156704488E-03 0.105425089E-03 0.374747116E-03 0.651286666E-03
 0.935066058E-03 0.122610156E-02 0.152439952E-02 0.182995193E-02 0.214273112E-02
 0.246268376E-02 0.278972376E-02 0.312372395E-02 0.346450648E-02 0.381183123E-02
 0.416538214E-02 0.452475052E-02 0.488941434E-02 0.525871174E-02 0.563180615E-02
 0.600763913E-02 0.638486878E-02 0.676180556E-02 0.713641276E-02 0.754045798E-02
 0.806939546E-02 0.859504537E-02 0.911347526E-02 0.962315821E-02 0.101221921E-01
 0.106083381E-01 0.110791069E-01 0.115318550E-01 0.119638859E-01 0.123725563E-01
 0.127553878E-01 0.131101783E-01 0.134351051E-01 0.137288124E-01 0.139904738E-01
 0.142198233E-01 0.144171531E-01 0.145832784E-01 0.147194752E-01 0.148273977E-01
 0.149089858E-01 0.149663699E-01 0.150017819E-01 0.150174771E-01 0.150156692E-01
 0.149984812E-01 0.149679092E-01 0.149258004E-01 0.148738406E-01 0.148135506E-01
 0.147462886E-01 0.146732571E-01 0.145955128E-01 0.145139782E-01 0.144294535E-01
 0.143426293E-01 0.142540982E-01 0.141643664E-01 0.140738640E-01 0.139829545E-01
 0.138919437E-01 0.138010871E-01 0.137105970E-01 0.136206482E-01-0.853665582E-03
-0.103526049E-02-0.112793569E-02-0.122137631E-02-0.130444641E-02-0.137576211E-02
-0.145189555E-02-0.153195379E-02-0.161824645E-02-0.171079746E-02-0.180962678E-02
-0.191468049E-02-0.202524286E-02-0.214054017E-02-0.225975311E-02-0.238202814E-02
-0.250648806E-02-0.263224192E-02-0.275839415E-02-0.288405301E-02-0.300833796E-02
-0.313038623E-02-0.324935837E-02-0.336444283E-02-0.347485960E-02-0.357986299E-02
-0.367874355E-02-0.377082926E-02-0.385548609E-02-0.393211800E-02-0.400016648E-02
-0.405910982E-02-0.410846209E-02-0.414777205E-02-0.417662206E-02-0.419462705E-02
-0.420143379E-02-0.419672033E-02-0.418019598E-02-0.415160164E-02-0.411071080E-02
-0.405733112E-02-0.399130675E-02-0.391252142E-02-0.382090235E-02-0.371642501E-02
-0.359911874E-02-0.346907337E-02-0.332644654E-02-0.317147194E-02-0.300446832E-02
-0.282584902E-02-0.263613193E-02-0.243594945E-02-0.222605805E-02-0.200734980E-02
-0.178084404E-02-0.154784737E-02-0.130838735E-02-0.106251520E-02-0.810266141E-03
-0.551674887E-03-0.286775708E-03-0.156040114E-04 0.261801482E-03 0.545396157E-03
 0.835126533E-03 0.113092690E-02 0.143271550E-02 0.174039033E-02 0.205382430E-02
 0.237285996E-02 0.269730366E-02 0.302691892E-02 0.336141935E-02 0.370046061E-02
 0.404363165E-02 0.439044461E-02 0.474032285E-02 0.509258511E-02 0.544642002E-02
 0.580083278E-02 0.615448716E-02 0.650495427E-02 0.687596904E-02 0.735146952E-02
 0.782043361E-02 0.828264295E-02 0.873713536E-02 0.918232586E-02 0.961641004E-02
 0.100374870E-01 0.104436282E-01 0.108329353E-01 0.112035963E-01 0.115539417E-01
 0.118824991E-01 0.121880426E-01 0.124696339E-01 0.127266522E-01 0.129588097E-01
 0.131661523E-01 0.133490454E-01 0.135081465E-01 0.136443676E-01 0.137588302E-01
 0.138528175E-01 0.139277251E-01 0.139850160E-01 0.140261791E-01 0.140526939E-01
 0.140660022E-01 0.140674858E-01 0.140584507E-01 0.140401164E-01 0.140136099E-01
 0.139799637E-01 0.139401161E-01 0.138949142E-01 0.138451183E-01 0.137914069E-01
 0.137343831E-01 0.136745803E-01 0.136124689E-01 0.135484617E-01 0.134829203E-01
 0.134161602E-01 0.133484558E-01 0.132800452E-01-0.846556583E-03-0.103198805E-02
-0.114131320E-02-0.124076838E-02-0.132913801E-02-0.140654997E-02-0.148970107E-02
-0.157776663E-02-0.167304118E-02-0.177553497E-02-0.188527284E-02-0.200170242E-02
-0.212402059E-02-0.225137260E-02-0.238286323E-02-0.251756805E-02-0.265454427E-02
-0.279284097E-02-0.293150855E-02-0.306960725E-02-0.320621458E-02-0.334043185E-02
-0.347138950E-02-0.359825139E-02-0.372021817E-02-0.383652954E-02-0.394646575E-02
-0.404934822E-02-0.414453956E-02-0.423144292E-02-0.430950096E-02-0.437819442E-02
-0.443704046E-02-0.448559097E-02-0.452343071E-02-0.455017577E-02-0.456547203E-02
-0.456899411E-02-0.456044459E-02-0.453955384E-02-0.450608032E-02-0.445981164E-02
-0.440056629E-02-0.432819624E-02-0.424259035E-02-0.414367870E-02-0.403143790E-02
-0.390589738E-02-0.376714656E-02-0.361534310E-02-0.345072194E-02-0.327360518E-02
-0.308441258E-02-0.288367261E-02-0.267203372E-02-0.245027568E-02-0.221932045E-02
-0.198024469E-02-0.173427161E-02-0.148271213E-02-0.122554164E-02-0.962846927E-03
-0.694707951E-03-0.421205644E-03-0.142425032E-03 0.141542161E-03 0.430594939E-03
 0.724620347E-03 0.102349060E-02 0.132706003E-02 0.163516188E-02 0.194760505E-02
 0.226417078E-02 0.258460963E-02 0.290863887E-02 0.323594090E-02 0.356616347E-02
 0.389892305E-02 0.423381425E-02 0.457043017E-02 0.490840436E-02 0.524749538E-02
 0.558774870E-02 0.592971676E-02 0.628842180E-02 0.670414526E-02 0.712154664E-02
 0.753651429E-02 0.794651364E-02 0.834945101E-02 0.874348833E-02 0.912693875E-02
 0.949822516E-02 0.985587282E-02 0.101985193E-01 0.105249332E-01 0.108340357E-01
 0.111249227E-01 0.113968831E-01 0.116494128E-01 0.118822218E-01 0.120952351E-01
 0.122885857E-01 0.124626014E-01 0.126177856E-01 0.127547949E-01 0.128744123E-01
 0.129775206E-01 0.130650752E-01 0.131380786E-01 0.131975568E-01 0.132445392E-01
 0.132800408E-01 0.133050483E-01 0.133205093E-01 0.133273239E-01 0.133263396E-01
 0.133183476E-01 0.133040816E-01 0.132842179E-01 0.132593763E-01 0.132301221E-01
 0.131969691E-01 0.131603821E-01 0.131207806E-01 0.130785417E-01 0.130340041E-01
 0.129874705E-01 0.129392116E-01-0.889387774E-03-0.107769684E-02-0.115966028E-02
-0.126101743E-02-0.135458458E-02-0.143806051E-02-0.152818738E-02-0.162425337E-02
-0.172836090E-02-0.184057513E-02-0.196067967E-02-0.208786757E-02-0.222126557E-02
-0.235994870E-02-0.250295376E-02-0.264929195E-02-0.279796072E-02-0.294795462E-02
-0.309827519E-02-0.324793971E-02-0.339598878E-02-0.354149278E-02-0.368355706E-02
-0.382132600E-02-0.395398596E-02-0.408076722E-02-0.420094491E-02-0.431383920E-02
-0.441881465E-02-0.451527908E-02-0.460268183E-02-0.468051179E-02-0.474829510E-02
-0.480559276E-02-0.485199831E-02-0.488713545E-02-0.491065608E-02-0.492223853E-02
-0.492158619E-02-0.490842673E-02-0.488251183E-02-0.484361762E-02-0.479154584E-02
-0.472612588E-02-0.464721759E-02-0.455471517E-02-0.444855193E-02-0.432870613E-02
-0.419520790E-02-0.404814708E-02-0.388768217E-02-0.371405025E-02-0.352757759E-02
-0.332869119E-02-0.311793065E-02-0.289596043E-02-0.266358201E-02-0.242174569E-02
-0.217156120E-02-0.191430913E-02-0.165146310E-02-0.138397156E-02-0.111190618E-02
-0.835371966E-03-0.554482454E-03-0.269359263E-03 0.198669712E-04 0.313054953E-03
 0.610050817E-03 0.910686118E-03 0.121477583E-02 0.152211645E-02 0.183248434E-02
 0.214563445E-02 0.246129967E-02 0.277919115E-02 0.309899994E-02 0.342040053E-02
 0.374305675E-02 0.406662999E-02 0.439078840E-02 0.471521163E-02 0.503957825E-02
 0.536351601E-02 0.570006696E-02 0.608735920E-02 0.647363593E-02 0.685653096E-02
 0.723463578E-02 0.760653592E-02 0.797086139E-02 0.832630826E-02 0.867164880E-02
 0.900573951E-02 0.932753025E-02 0.963607489E-02 0.993054266E-02 0.102102290E-01
 0.104745647E-01 0.107231232E-01 0.109556237E-01 0.111719317E-01 0.113720551E-01
 0.115561376E-01 0.117244481E-01 0.118773682E-01 0.120153775E-01 0.121390377E-01
 0.122489764E-01 0.123458711E-01 0.124304339E-01 0.125033972E-01 0.125655014E-01
 0.126174834E-01 0.126600678E-01 0.126939591E-01 0.127198355E-01 0.127383451E-01
 0.127501023E-01 0.127556858E-01 0.127556378E-01 0.127504637E-01 0.127406327E-01
 0.127265785E-01 0.127087007E-01 0.126873665E-01 0.126629124E-01 0.126356461E-01
 0.126058483E-01-0.880193498E-03-0.107160983E-02-0.117418779E-02-0.128105974E-02
-0.137992626E-02-0.146942835E-02-0.156638676E-02-0.167013917E-02-0.178276368E-02
-0.190432646E-02-0.203418219E-02-0.217145434E-02-0.231520253E-02-0.246443723E-02
-0.261813377E-02-0.277524567E-02-0.293471714E-02-0.309549443E-02-0.325653620E-02
-0.341682248E-02-0.357536244E-02-0.373120075E-02-0.388342269E-02-0.403115801E-02
-0.417358348E-02-0.430992450E-02-0.443945553E-02-0.456149982E-02-0.467542819E-02
-0.478065736E-02-0.487664768E-02-0.496290049E-02-0.503895535E-02-0.510438699E-02
-0.515880241E-02-0.520183801E-02-0.523315697E-02-0.525244692E-02-0.525941807E-02
-0.525380177E-02-0.523534973E-02-0.520383387E-02-0.515904688E-02-0.510080371E-02
-0.502894378E-02-0.494333430E-02-0.484387451E-02-0.473050094E-02-0.460319382E-02
-0.446198456E-02-0.430696426E-02-0.413829340E-02-0.395621232E-02-0.376105276E-02
-0.355324997E-02-0.333335535E-02-0.310204924E-02-0.286015350E-02-0.260864335E-02
-0.234865787E-02-0.208150806E-02-0.180867900E-02-0.153193080E-02-0.125156261E-02
-0.967720065E-03-0.680548404E-03-0.390197065E-03-0.968230461E-04 0.199406925E-03
 0.498314729E-03 0.799709448E-03 0.110338612E-02 0.140912463E-02 0.171668883E-02
 0.202582576E-02 0.233626517E-02 0.264771904E-02 0.295988093E-02 0.327242466E-02
 0.358500134E-02 0.389723336E-02 0.420870414E-02 0.451894352E-02 0.482741303E-02
 0.514651562E-02 0.551285934E-02 0.587707795E-02 0.623729862E-02 0.659261249E-02
 0.694207268E-02 0.728471981E-02 0.761960623E-02 0.794581611E-02 0.826248156E-02
 0.856879587E-02 0.886402468E-02 0.914751546E-02 0.941870547E-02 0.967712803E-02
 0.992241700E-02 0.101543091E-01 0.103726445E-01 0.105773645E-01 0.107685082E-01
 0.109462064E-01 0.111106741E-01 0.112622025E-01 0.114011489E-01 0.115279267E-01
 0.116429956E-01 0.117468511E-01 0.118400149E-01 0.119230263E-01 0.119964335E-01
 0.120607868E-01 0.121166320E-01 0.121645053E-01 0.122049287E-01 0.122384069E-01
 0.122654243E-01 0.122864431E-01 0.123019025E-01 0.123122173E-01 0.123177780E-01
 0.123189511E-01 0.123160791E-01 0.123094815E-01 0.122994556E-01 0.122862772E-01
-0.870844544E-03-0.106616345E-02-0.118743611E-02-0.130042236E-02-0.140436272E-02
-0.149955457E-02-0.160304360E-02-0.171424894E-02-0.183510668E-02-0.196544389E-02
-0.210439825E-02-0.225103388E-02-0.240435279E-02-0.256330942E-02-0.272682544E-02
-0.289380392E-02-0.306314256E-02-0.323374572E-02-0.340453514E-02-0.357445923E-02
-0.374250099E-02-0.390768434E-02-0.406907914E-02-0.422580480E-02-0.437703257E-02
-0.452198674E-02-0.465994468E-02-0.479023608E-02-0.491224125E-02-0.502538892E-02
-0.512915348E-02-0.522305180E-02-0.530663987E-02-0.537950934E-02-0.544128399E-02
-0.549161643E-02-0.553018486E-02-0.555669034E-02-0.557085429E-02-0.557241664E-02
-0.556113440E-02-0.553678108E-02-0.549914663E-02-0.544803840E-02-0.538328280E-02
-0.530472798E-02-0.521224753E-02-0.510574518E-02-0.498516060E-02-0.485047638E-02
-0.470172605E-02-0.453900329E-02-0.436247220E-02-0.417237853E-02-0.396906188E-02
-0.375296847E-02-0.352466453E-02-0.328484975E-02-0.303437064E-02-0.277423338E-02
-0.250561571E-02-0.222987774E-02-0.194857220E-02-0.166344007E-02-0.137572984E-02
-0.108557874E-02-0.793132087E-03-0.498547963E-03-0.201995012E-03 0.963481445E-04
 0.396292700E-03 0.697639104E-03 0.100017635E-02 0.130368119E-02 0.160791731E-02
 0.191263432E-02 0.221756648E-02 0.252243086E-02 0.282692448E-02 0.313071988E-02
 0.343345783E-02 0.373473477E-02 0.403407714E-02 0.433087833E-02 0.463681600E-02
 0.498702062E-02 0.533443647E-02 0.567765968E-02 0.601608124E-02 0.634901203E-02
 0.667573418E-02 0.699552804E-02 0.730769025E-02 0.761154771E-02 0.790646885E-02
 0.819187293E-02 0.846723769E-02 0.873210550E-02 0.898608810E-02 0.922886986E-02
 0.946020973E-02 0.967994175E-02 0.988797416E-02 0.100842873E-01 0.102689301E-01
 0.104420160E-01 0.106037174E-01 0.107542600E-01 0.108939164E-01 0.110229990E-01
 0.111418542E-01 0.112508550E-01 0.113503951E-01 0.114408829E-01 0.115227357E-01
 0.115963754E-01 0.116622236E-01 0.117206978E-01 0.117722086E-01 0.118171567E-01
 0.118559307E-01 0.118889056E-01 0.119164416E-01 0.119388830E-01 0.119565579E-01
 0.119697776E-01 0.119788369E-01 0.119840144E-01 0.119855722E-01-0.910625145E-03
-0.110841057E-02-0.120456130E-02-0.131903351E-02-0.142749611E-02-0.152779461E-02
-0.163735350E-02-0.175585215E-02-0.188454192E-02-0.202299184E-02-0.217030936E-02
-0.232551508E-02-0.248756305E-02-0.265535916E-02-0.282777798E-02-0.300367826E-02
-0.318191706E-02-0.336136237E-02-0.354090430E-02-0.371946463E-02-0.389600480E-02
-0.406953226E-02-0.423910538E-02-0.440383680E-02-0.456289550E-02-0.471550757E-02
-0.486095592E-02-0.499857904E-02-0.512776892E-02-0.524796831E-02-0.535866750E-02
-0.545940071E-02-0.554974220E-02-0.562930239E-02-0.569772384E-02-0.575467747E-02
-0.579985892E-02-0.583298529E-02-0.585379225E-02-0.586203163E-02-0.585746963E-02
-0.583988561E-02-0.580907168E-02-0.576483300E-02-0.570698899E-02-0.563537543E-02
-0.554984759E-02-0.545028437E-02-0.533659349E-02-0.520871791E-02-0.506664330E-02
-0.491040677E-02-0.474010661E-02-0.455591326E-02-0.435808120E-02-0.414696171E-02
-0.392301635E-02-0.368683078E-02-0.343912873E-02-0.318078555E-02-0.291284089E-02
-0.263650972E-02-0.235319081E-02-0.206447095E-02-0.177212476E-02-0.147818002E-02
-0.118274635E-02-0.885998648E-03-0.588111889E-03-0.289264272E-03 0.103608227E-04
 0.310573487E-03 0.611176322E-03 0.911963727E-03 0.121272134E-02 0.151322556E-02
 0.181324304E-02 0.211253017E-02 0.241083241E-02 0.270788381E-02 0.300340747E-02
 0.329711951E-02 0.358874403E-02 0.387805758E-02 0.417557743E-02 0.451153148E-02
 0.484538967E-02 0.517553691E-02 0.550128635E-02 0.582199679E-02 0.613704880E-02
 0.644584177E-02 0.674779786E-02 0.704236796E-02 0.732903780E-02 0.760733348E-02
 0.787682629E-02 0.813713666E-02 0.838793724E-02 0.862895509E-02 0.885997299E-02
 0.908082989E-02 0.929142044E-02 0.949169377E-02 0.968165148E-02 0.986134496E-02
 0.100308721E-01 0.101903734E-01 0.103400281E-01 0.104800498E-01 0.106106816E-01
 0.107321919E-01 0.108448699E-01 0.109490213E-01 0.110449641E-01 0.111330251E-01
 0.112135359E-01 0.112868306E-01 0.113532423E-01 0.114131009E-01 0.114667313E-01
 0.115144515E-01 0.115565710E-01 0.115933900E-01 0.116251984E-01 0.116522750E-01
 0.116748874E-01 0.116932915E-01 0.117077315E-01-0.905441439E-03-0.110599445E-02
-0.121741399E-02-0.133649068E-02-0.144945248E-02-0.155482665E-02-0.167008896E-02
-0.179494276E-02-0.193061845E-02-0.207634785E-02-0.223117939E-02-0.239408028E-02
-0.256395471E-02-0.273966161E-02-0.292003176E-02-0.310388365E-02-0.329003804E-02
-0.347733099E-02-0.366462532E-02-0.385082024E-02-0.403485944E-02-0.421573739E-02
-0.439250406E-02-0.456426808E-02-0.473019850E-02-0.488952525E-02-0.504153849E-02
-0.518558694E-02-0.532107541E-02-0.544746166E-02-0.556425272E-02-0.567100088E-02
-0.576729940E-02-0.585277818E-02-0.592709938E-02-0.598995319E-02-0.604105382E-02
-0.608013584E-02-0.610695084E-02-0.612126465E-02-0.612285510E-02-0.611151039E-02
-0.608702819E-02-0.604921550E-02-0.599788938E-02-0.593287852E-02-0.585402586E-02
-0.576119216E-02-0.565426072E-02-0.553314314E-02-0.539778628E-02-0.524818042E-02
-0.508436854E-02-0.490645680E-02-0.471462610E-02-0.450914460E-02-0.429038117E-02
-0.405881940E-02-0.381507199E-02-0.355989517E-02-0.329420266E-02-0.301907885E-02
-0.273579036E-02-0.244579593E-02-0.215075402E-02-0.185252848E-02-0.155318266E-02
-0.125335431E-02-0.953203449E-03-0.652894366E-03-0.352596039E-03-0.524825181E-04
 0.247266813E-03 0.546467228E-03 0.844928944E-03 0.114245773E-02 0.143885586E-02
 0.173392335E-02 0.202745930E-02 0.231926307E-02 0.260913448E-02 0.289687174E-02
 0.318226500E-02 0.346508205E-02 0.375533532E-02 0.408216414E-02 0.440670454E-02
 0.472763623E-02 0.504441438E-02 0.535648759E-02 0.566331430E-02 0.596437269E-02
 0.625916699E-02 0.654723163E-02 0.682813440E-02 0.710147889E-02 0.736690666E-02
 0.762409898E-02 0.787277827E-02 0.811270919E-02 0.834369920E-02 0.856559881E-02
 0.877830122E-02 0.898174155E-02 0.917589558E-02 0.936077805E-02 0.953644057E-02
 0.970296922E-02 0.986048178E-02 0.100091249E-01 0.101490710E-01 0.102805152E-01
 0.104036719E-01 0.105187723E-01 0.106260608E-01 0.107257922E-01 0.108182295E-01
 0.109036410E-01 0.109822980E-01 0.110544729E-01 0.111204375E-01 0.111804610E-01
 0.112348090E-01 0.112837423E-01 0.113275155E-01 0.113663768E-01 0.114005671E-01
 0.114303194E-01 0.114558585E-01-0.892374856E-03-0.109634073E-02-0.122795188E-02
-0.135260393E-02-0.146980042E-02-0.157986859E-02-0.170034776E-02-0.183095518E-02
-0.197278555E-02-0.212493130E-02-0.228638773E-02-0.245607142E-02-0.263283888E-02
-0.281550481E-02-0.300285937E-02-0.319368438E-02-0.338676812E-02-0.358091852E-02
-0.377497473E-02-0.396781684E-02-0.415837391E-02-0.434563016E-02-0.452862950E-02
-0.470647850E-02-0.487834788E-02-0.504347259E-02-0.520115087E-02-0.535074223E-02
-0.549166459E-02-0.562339074E-02-0.574544439E-02-0.585739568E-02-0.595885662E-02
-0.604947638E-02-0.612893652E-02-0.619694649E-02-0.625323924E-02-0.629756715E-02
-0.632969842E-02-0.634941387E-02-0.635650429E-02-0.635076844E-02-0.633201175E-02
-0.630004573E-02-0.625468829E-02-0.619576490E-02-0.612311071E-02-0.603657369E-02
-0.593601880E-02-0.582133332E-02-0.569243323E-02-0.554927084E-02-0.539184357E-02
-0.522020396E-02-0.503447079E-02-0.483484131E-02-0.462160442E-02-0.439515475E-02
-0.415600716E-02-0.390481169E-02-0.364236827E-02-0.336964094E-02-0.308777090E-02
-0.279808787E-02-0.250211878E-02-0.220159312E-02-0.189844335E-02-0.159480009E-02
-0.129162658E-02-0.989070560E-03-0.687283989E-03-0.386423458E-03-0.866503479E-04
 0.211869464E-03 0.508966471E-03 0.804469135E-03 0.109820641E-02 0.139001148E-02
 0.167972682E-02 0.196721087E-02 0.225234516E-02 0.253503918E-02 0.281522549E-02
 0.309283275E-02 0.337769528E-02 0.369812383E-02 0.401648748E-02 0.433147797E-02
 0.464252941E-02 0.494908850E-02 0.525063776E-02 0.554670121E-02 0.583684310E-02
 0.612066499E-02 0.639780336E-02 0.666792811E-02 0.693074180E-02 0.718597953E-02
 0.743340906E-02 0.767283103E-02 0.790407919E-02 0.812702035E-02 0.834155428E-02
 0.854761317E-02 0.874516093E-02 0.893419215E-02 0.911473079E-02 0.928682864E-02
 0.945056358E-02 0.960603761E-02 0.975337482E-02 0.989271922E-02 0.100242325E-01
 0.101480918E-01 0.102644877E-01 0.103736218E-01 0.104757046E-01 0.105709542E-01
 0.106595935E-01 0.107418493E-01 0.108179504E-01 0.108881261E-01 0.109526052E-01
 0.110116147E-01 0.110653789E-01 0.111141185E-01 0.111580501E-01 0.111973853E-01
 0.112323304E-01-0.928018941E-03-0.113370940E-02-0.124194836E-02-0.136734104E-02
-0.148814479E-02-0.160239193E-02-0.172751282E-02-0.186323246E-02-0.201043063E-02
-0.216815719E-02-0.233536406E-02-0.251092522E-02-0.269365633E-02-0.288233370E-02
-0.307571213E-02-0.327254154E-02-0.347158204E-02-0.367161740E-02-0.387146665E-02
-0.406999387E-02-0.426611616E-02-0.445880969E-02-0.464711413E-02-0.483013529E-02
-0.500704638E-02-0.517708789E-02-0.533956624E-02-0.549385148E-02-0.563937412E-02
-0.577562130E-02-0.590213242E-02-0.601849453E-02-0.612433731E-02-0.621932813E-02
-0.630316707E-02-0.637558202E-02-0.643632405E-02-0.648516306E-02-0.652188377E-02
-0.654628220E-02-0.655816263E-02-0.655733521E-02-0.654361422E-02-0.651681718E-02
-0.647676472E-02-0.642328147E-02-0.635619782E-02-0.627535271E-02-0.618059741E-02
-0.607180043E-02-0.594885343E-02-0.581167838E-02-0.566023587E-02-0.549453459E-02
-0.531464203E-02-0.512069631E-02-0.491291915E-02-0.469162961E-02-0.445725879E-02
-0.421036485E-02-0.395164822E-02-0.368196655E-02-0.340234881E-02-0.311400804E-02
-0.281835184E-02-0.251699009E-02-0.221173882E-02-0.190461968E-02-0.159785411E-02
-0.129245414E-02-0.988552023E-03-0.686285798E-03-0.385800647E-03-0.872490861E-04
 0.209209553E-03 0.503410410E-03 0.795185441E-03 0.108436744E-02 0.137079700E-02
 0.165433491E-02 0.193488562E-02 0.221244388E-02 0.248718950E-02 0.275964136E-02
 0.304027723E-02 0.335701999E-02 0.367270025E-02 0.398529921E-02 0.429390909E-02
 0.459789936E-02 0.489678953E-02 0.519018179E-02 0.547772910E-02 0.575912011E-02
 0.603407190E-02 0.630232668E-02 0.656365043E-02 0.681783259E-02 0.706468624E-02
 0.730404852E-02 0.753578103E-02 0.775977012E-02 0.797592709E-02 0.818418814E-02
 0.838451408E-02 0.857688987E-02 0.876132392E-02 0.893784717E-02 0.910651201E-02
 0.926739104E-02 0.942057567E-02 0.956617471E-02 0.970431272E-02 0.983512854E-02
 0.995877356E-02 0.100754102E-01 0.101852104E-01 0.102883539E-01 0.103850268E-01
 0.104754205E-01 0.105597300E-01 0.106381529E-01 0.107108880E-01 0.107781349E-01
 0.108400925E-01 0.108969583E-01 0.109489279E-01 0.109961941E-01 0.110389466E-01
-0.925888161E-03-0.113363608E-02-0.125146783E-02-0.138013986E-02-0.150419940E-02
-0.162207167E-02-0.175119621E-02-0.189130373E-02-0.204308701E-02-0.220556572E-02
-0.237765744E-02-0.255820123E-02-0.274597878E-02-0.293973425E-02-0.313819277E-02
-0.334007745E-02-0.354412486E-02-0.374909858E-02-0.395380102E-02-0.415708317E-02
-0.435785251E-02-0.455507903E-02-0.474779936E-02-0.493511938E-02-0.511621513E-02
-0.529033244E-02-0.545678538E-02-0.561495364E-02-0.576427912E-02-0.590426181E-02
-0.603445524E-02-0.615446154E-02-0.626392631E-02-0.636253342E-02-0.644999982E-02
-0.652607052E-02-0.659051365E-02-0.664311592E-02-0.668367828E-02-0.671201196E-02
-0.672793502E-02-0.673126940E-02-0.672183863E-02-0.669946656E-02-0.666397700E-02
-0.661519444E-02-0.655294576E-02-0.647706288E-02-0.638738633E-02-0.628376983E-02
-0.616608589E-02-0.603423246E-02-0.588814082E-02-0.572778459E-02-0.555318994E-02
-0.536444705E-02-0.516172268E-02-0.494527374E-02-0.471546182E-02-0.447276831E-02
-0.421780987E-02-0.395135386E-02-0.367433332E-02-0.338786070E-02-0.309324002E-02
-0.279197638E-02-0.248578226E-02-0.217657969E-02-0.186649755E-02-0.155786323E-02
-0.125141339E-02-0.947259012E-03-0.645527788E-03-0.346362240E-03-0.499194320E-04
 0.243628571E-03 0.534093709E-03 0.821270323E-03 0.110493237E-02 0.138482798E-02
 0.166066738E-02 0.193209156E-02 0.219857334E-02 0.245898855E-02 0.272795158E-02
 0.305478686E-02 0.337541383E-02 0.369025317E-02 0.399961377E-02 0.430346640E-02
 0.460167982E-02 0.489408494E-02 0.518049820E-02 0.546073246E-02 0.573460300E-02
 0.600193155E-02 0.626254923E-02 0.651629894E-02 0.676303726E-02 0.700263612E-02
 0.723498404E-02 0.745998715E-02 0.767756995E-02 0.788767575E-02 0.809026691E-02
 0.828532485E-02 0.847284979E-02 0.865286035E-02 0.882539293E-02 0.899050100E-02
 0.914825417E-02 0.929873724E-02 0.944204908E-02 0.957830155E-02 0.970761826E-02
 0.983013338E-02 0.994599046E-02 0.100553412E-01 0.101583443E-01 0.102551643E-01
 0.103459705E-01 0.104309360E-01 0.105102365E-01 0.105840496E-01 0.106525541E-01
 0.107159287E-01 0.107743519E-01 0.108280010E-01 0.108770515E-01-0.908208166E-03
-0.111851522E-02-0.125768283E-02-0.139089558E-02-0.151777959E-02-0.163871016E-02
-0.177117285E-02-0.191487999E-02-0.207043975E-02-0.223683345E-02-0.241294551E-02
-0.259758434E-02-0.278950301E-02-0.298741903E-02-0.319003314E-02-0.339604662E-02
-0.360417685E-02-0.381317112E-02-0.402181845E-02-0.422895939E-02-0.443349391E-02
-0.463438721E-02-0.483067385E-02-0.502146006E-02-0.520592453E-02-0.538331781E-02
-0.555296048E-02-0.571424038E-02-0.586660893E-02-0.600957685E-02-0.614270937E-02
-0.626562122E-02-0.637797131E-02-0.647945748E-02-0.656981128E-02-0.664879286E-02
-0.671618610E-02-0.677179390E-02-0.681543364E-02-0.684693283E-02-0.686612476E-02
-0.687284453E-02-0.686692538E-02-0.684819651E-02-0.681648298E-02-0.677160710E-02
-0.671339082E-02-0.664165871E-02-0.655624159E-02-0.645698087E-02-0.634373378E-02
-0.621637956E-02-0.607482679E-02-0.591902192E-02-0.574895903E-02-0.556469081E-02
-0.536634078E-02-0.515411665E-02-0.492832460E-02-0.468938444E-02-0.443784525E-02
-0.417440112E-02-0.389990668E-02-0.361539178E-02-0.332207466E-02-0.302137291E-02
-0.271491135E-02-0.240452587E-02-0.209226203E-02-0.178036724E-02-0.147118883E-02
-0.116484776E-02-0.861468414E-03-0.561187001E-03-0.264156884E-03 0.294471655E-04
 0.319424679E-03 0.605544268E-03 0.887536603E-03 0.116508448E-02 0.143780889E-02
 0.170525126E-02 0.196686014E-02 0.222201481E-02 0.248799986E-02 0.281565286E-02
 0.313827600E-02 0.345460980E-02 0.376480937E-02 0.406896486E-02 0.436709602E-02
 0.465916847E-02 0.494511066E-02 0.522482702E-02 0.549820768E-02 0.576513572E-02
 0.602549265E-02 0.627916269E-02 0.652603609E-02 0.676601177E-02 0.699899937E-02
 0.722492089E-02 0.744371185E-02 0.765532227E-02 0.785971716E-02 0.805687693E-02
 0.824679746E-02 0.842949002E-02 0.860498101E-02 0.877331152E-02 0.893453680E-02
 0.908872556E-02 0.923595926E-02 0.937633123E-02 0.950994582E-02 0.963691743E-02
 0.975736963E-02 0.987143412E-02 0.997924983E-02 0.100809619E-01 0.101767209E-01
 0.102666818E-01 0.103510031E-01 0.104298460E-01 0.105033740E-01 0.105717515E-01
 0.106351439E-01 0.106937161E-01 0.107476330E-01-0.938945851E-03-0.114995201E-02
-0.126701220E-02-0.139976366E-02-0.152870860E-02-0.165201866E-02-0.178710988E-02
-0.193369095E-02-0.209224296E-02-0.226172664E-02-0.244100407E-02-0.262886104E-02
-0.282402868E-02-0.302520386E-02-0.323106839E-02-0.344030650E-02-0.365162070E-02
-0.386374565E-02-0.407546002E-02-0.428559636E-02-0.449304885E-02-0.469677912E-02
-0.489582018E-02-0.508927864E-02-0.527633526E-02-0.545624423E-02-0.562833112E-02
-0.579198987E-02-0.594667899E-02-0.609191708E-02-0.622727790E-02-0.635238523E-02
-0.646690755E-02-0.657055286E-02-0.666306357E-02-0.674421177E-02-0.681379479E-02
-0.687163107E-02-0.691755620E-02-0.695141856E-02-0.697307411E-02-0.698237915E-02
-0.697918095E-02-0.696330896E-02-0.693458001E-02-0.689280500E-02-0.683779422E-02
-0.676936134E-02-0.668732678E-02-0.659152136E-02-0.648179069E-02-0.635800046E-02
-0.622004306E-02-0.606784550E-02-0.590137859E-02-0.572066754E-02-0.552580388E-02
-0.531695851E-02-0.509439589E-02-0.485848917E-02-0.460973585E-02-0.434877392E-02
-0.407639776E-02-0.379357355E-02-0.350145343E-02-0.320138789E-02-0.289493559E-02
-0.258386995E-02-0.227018188E-02-0.195607841E-02-0.164397734E-02-0.133522819E-02
-0.102989616E-02-0.728076926E-03-0.429894178E-03-0.135499911E-03 0.154923553E-03
 0.441160168E-03 0.722955857E-03 0.100001414E-02 0.127199382E-02 0.153851280E-02
 0.179916507E-02 0.205355725E-02 0.231894391E-02 0.264553062E-02 0.296747397E-02
 0.328334601E-02 0.359315005E-02 0.389690344E-02 0.419460978E-02 0.448624809E-02
 0.477177238E-02 0.505111591E-02 0.532419690E-02 0.559092416E-02 0.585120198E-02
 0.610493433E-02 0.635202821E-02 0.659239641E-02 0.682595970E-02 0.705264852E-02
 0.727240438E-02 0.748518080E-02 0.769094404E-02 0.788967361E-02 0.808136247E-02
 0.826601714E-02 0.844365758E-02 0.861431694E-02 0.877804121E-02 0.893488873E-02
 0.908492961E-02 0.922824513E-02 0.936492698E-02 0.949507655E-02 0.961880410E-02
 0.973622803E-02 0.984747398E-02 0.995267406E-02 0.100519660E-01 0.101454925E-01
 0.102334001E-01 0.103158389E-01 0.103929615E-01 0.104649225E-01 0.105318778E-01
 0.105939840E-01 0.106513978E-01-0.939186011E-03-0.115125702E-02-0.127195603E-02
-0.140631664E-02-0.153687153E-02-0.166192258E-02-0.179893735E-02-0.194761940E-02
-0.210836196E-02-0.228010654E-02-0.246169720E-02-0.265190268E-02-0.284943797E-02
-0.305298495E-02-0.326121163E-02-0.347278992E-02-0.368641154E-02-0.390080196E-02
-0.411473238E-02-0.432702951E-02-0.453658332E-02-0.474235283E-02-0.494336986E-02
-0.513874116E-02-0.532764881E-02-0.550934933E-02-0.568317147E-02-0.584851299E-02
-0.600483665E-02-0.615166553E-02-0.628857797E-02-0.641520212E-02-0.653121067E-02
-0.663631550E-02-0.673026292E-02-0.681282949E-02-0.688381890E-02-0.694306013E-02
-0.699040726E-02-0.702574025E-02-0.704896489E-02-0.706000471E-02-0.705876700E-02
-0.704503728E-02-0.701857629E-02-0.697915226E-02-0.692654862E-02-0.686056376E-02
-0.678100968E-02-0.668771188E-02-0.658051105E-02-0.645926686E-02-0.632386347E-02
-0.617421685E-02-0.601028359E-02-0.583207126E-02-0.563965015E-02-0.543316623E-02
-0.521285532E-02-0.497905816E-02-0.473223627E-02-0.447298815E-02-0.420206550E-02
-0.392038898E-02-0.362906284E-02-0.332938782E-02-0.302287153E-02-0.271123528E-02
-0.239641659E-02-0.208056608E-02-0.176603741E-02-0.145510840E-02-0.114783650E-02
-0.844296760E-03-0.544584769E-03-0.248818902E-03 0.428573148E-04 0.330271977E-03
 0.613219880E-03 0.891454432E-03 0.116467382E-02 0.143249739E-02 0.169443075E-02
 0.194984773E-02 0.221556473E-02 0.254130576E-02 0.286194821E-02 0.317640633E-02
 0.348489559E-02 0.378751845E-02 0.408429416E-02 0.437519002E-02 0.466014158E-02
 0.493906525E-02 0.521186648E-02 0.547844536E-02 0.573870088E-02 0.599253415E-02
 0.623985094E-02 0.648056375E-02 0.671459349E-02 0.694187078E-02 0.716233700E-02
 0.737594506E-02 0.758266003E-02 0.778245947E-02 0.797533368E-02 0.816128576E-02
 0.834033148E-02 0.851249917E-02 0.867782933E-02 0.883637425E-02 0.898819753E-02
 0.913337352E-02 0.927198670E-02 0.940413099E-02 0.952990909E-02 0.964943175E-02
 0.976281701E-02 0.987018944E-02 0.997167945E-02 0.100674225E-01 0.101575583E-01
 0.102422305E-01 0.103215852E-01 0.103957714E-01 0.104649393E-01 0.105292404E-01
 0.105888269E-01-0.916317849E-03-0.112985876E-02-0.127286017E-02-0.141044331E-02
-0.154213402E-02-0.166831069E-02-0.180655985E-02-0.195658362E-02-0.211871974E-02
-0.229189873E-02-0.247495409E-02-0.266664428E-02-0.286567438E-02-0.307071684E-02
-0.328043096E-02-0.349348078E-02-0.370855110E-02-0.392436152E-02-0.413967841E-02
-0.435332471E-02-0.456418765E-02-0.477122444E-02-0.497346602E-02-0.517001903E-02
-0.536006613E-02-0.554286494E-02-0.571774568E-02-0.588410779E-02-0.604141566E-02
-0.618919370E-02-0.632702084E-02-0.645452474E-02-0.657137580E-02-0.667728114E-02
-0.677197891E-02-0.685523327E-02-0.692683098E-02-0.698658130E-02-0.703432271E-02
-0.706994400E-02-0.709343522E-02-0.710500093E-02-0.710530341E-02-0.709340712E-02
-0.706879378E-02-0.703114219E-02-0.698022222E-02-0.691584490E-02-0.683784047E-02
-0.674605040E-02-0.664032675E-02-0.652053559E-02-0.638656301E-02-0.623832295E-02
-0.607576654E-02-0.589889285E-02-0.570776082E-02-0.550250252E-02-0.528333740E-02
-0.505058754E-02-0.480469355E-02-0.454623101E-02-0.427592679E-02-0.399467504E-02
-0.370355215E-02-0.340382995E-02-0.309698644E-02-0.278471331E-02-0.246891900E-02
-0.215172683E-02-0.183546686E-02-0.152266101E-02-0.121362187E-02-0.908386323E-03
-0.607009740E-03-0.309564457E-03-0.161382986E-04 0.273166933E-03 0.558237089E-03
 0.838947484E-03 0.111516491E-02 0.138674981E-02 0.165355848E-02 0.191544465E-02
 0.218619228E-02 0.250557804E-02 0.282141428E-02 0.313242916E-02 0.343844586E-02
 0.373929214E-02 0.403480109E-02 0.432481127E-02 0.460916708E-02 0.488771905E-02
 0.516032440E-02 0.542684770E-02 0.568716163E-02 0.594114774E-02 0.618869724E-02
 0.642971174E-02 0.666410393E-02 0.689179817E-02 0.711273097E-02 0.732685140E-02
 0.753412130E-02 0.773451550E-02 0.792802184E-02 0.811464110E-02 0.829438686E-02
 0.846728519E-02 0.863337437E-02 0.879270443E-02 0.894533664E-02 0.909134297E-02
 0.923080547E-02 0.936381565E-02 0.949047375E-02 0.961088805E-02 0.972517417E-02
 0.983345431E-02 0.993585652E-02 0.100325140E-01 0.101235644E-01 0.102091490E-01
 0.102894124E-01 0.103645012E-01 0.104345643E-01 0.104997514E-01 0.105602133E-01
-0.941730985E-03-0.115480391E-02-0.127667346E-02-0.141237348E-02-0.154443535E-02
-0.167115188E-02-0.180996522E-02-0.196057104E-02-0.212329729E-02-0.229707993E-02
-0.248075111E-02-0.267306547E-02-0.287272362E-02-0.307839357E-02-0.328873047E-02
-0.350239464E-02-0.371806765E-02-0.393446638E-02-0.415035492E-02-0.436455447E-02
-0.457595091E-02-0.478350057E-02-0.498623381E-02-0.518325705E-02-0.537375297E-02
-0.555697940E-02-0.573226687E-02-0.589901512E-02-0.605668866E-02-0.620481164E-02
-0.634296202E-02-0.647076519E-02-0.658788703E-02-0.669402615E-02-0.678890508E-02
-0.687225941E-02-0.694382324E-02-0.700330764E-02-0.705036573E-02-0.708453162E-02
-0.710510844E-02-0.711095614E-02-0.711738339E-02-0.710893696E-02-0.708635562E-02
-0.704997184E-02-0.699989864E-02-0.693612902E-02-0.685859058E-02-0.676717716E-02
-0.666176884E-02-0.654224623E-02-0.640850233E-02-0.626045342E-02-0.609805020E-02
-0.592128944E-02-0.573022655E-02-0.552498913E-02-0.530579146E-02-0.507294988E-02
-0.482689888E-02-0.456820754E-02-0.429759601E-02-0.401595160E-02-0.372434379E-02
-0.342403752E-02-0.311650410E-02-0.280342883E-02-0.248671443E-02-0.216847978E-02
-0.185105308E-02-0.153695962E-02-0.122658942E-02-0.919954532E-03-0.617082293E-03
-0.318010646E-03-0.227834093E-04 0.268555426E-03 0.555969386E-03 0.839440870E-03
 0.111898902E-02 0.139469839E-02 0.166675999E-02 0.193549665E-02 0.221170299E-02
 0.252537872E-02 0.283703340E-02 0.314519935E-02 0.344930278E-02 0.374889590E-02
 0.404362531E-02 0.433319997E-02 0.461737089E-02 0.489591935E-02 0.516865006E-02
 0.543538720E-02 0.569597206E-02 0.595026169E-02 0.619812810E-02 0.643945790E-02
 0.667415211E-02 0.690212605E-02 0.712330937E-02 0.733764603E-02 0.754509422E-02
 0.774562632E-02 0.793922872E-02 0.812590156E-02 0.830565850E-02 0.847852627E-02
 0.864454429E-02 0.880376411E-02 0.895624886E-02 0.910207261E-02 0.924131974E-02
 0.937408420E-02 0.950046878E-02 0.962058440E-02 0.973454930E-02 0.984248833E-02
 0.994453212E-02 0.100408164E-01 0.101314813E-01 0.102166706E-01 0.102965308E-01
 0.103712110E-01 0.104408619E-01 0.105056353E-01 0.105656834E-01-0.944017196E-03
-0.115702184E-02-0.127642032E-02-0.141185579E-02-0.154384092E-02-0.167056276E-02
-0.180927386E-02-0.195960933E-02-0.212209371E-02-0.229564462E-02-0.247908671E-02
-0.267117162E-02-0.287059879E-02-0.307603597E-02-0.328613851E-02-0.349956716E-02
-0.371500399E-02-0.393116635E-02-0.414681878E-02-0.436078275E-02-0.457194436E-02
-0.477925995E-02-0.498175979E-02-0.517855007E-02-0.536881313E-02-0.555180638E-02
-0.572685991E-02-0.589337304E-02-0.605081007E-02-0.619869526E-02-0.633660737E-02
-0.646417377E-02-0.658106447E-02-0.668698607E-02-0.678167601E-02-0.686489762E-02
-0.693643659E-02-0.699610091E-02-0.704372757E-02-0.707920367E-02-0.710251728E-02
-0.711387076E-02-0.711392397E-02-0.710173871E-02-0.707679381E-02-0.703876499E-02
-0.698741885E-02-0.692256299E-02-0.684402415E-02-0.675164020E-02-0.664525961E-02
-0.652474495E-02-0.638997898E-02-0.624087256E-02-0.607737410E-02-0.589948047E-02
-0.570724903E-02-0.550081103E-02-0.528038604E-02-0.504629728E-02-0.479898776E-02
-0.453903667E-02-0.426717595E-02-0.398430620E-02-0.369151161E-02-0.339007304E-02
-0.308147842E-02-0.276742963E-02-0.244984476E-02-0.213085440E-02-0.181279069E-02
-0.149816690E-02-0.118706192E-02-0.879501990E-03-0.575518575E-03-0.275146938E-03
 0.215767852E-04 0.314619709E-03 0.603957212E-03 0.889578309E-03 0.117149002E-02
 0.144971784E-02 0.172429725E-02 0.199525103E-02 0.227309836E-02 0.258797611E-02
 0.290025212E-02 0.320879331E-02 0.351325191E-02 0.381327809E-02 0.410854069E-02
 0.439873579E-02 0.468358803E-02 0.496284900E-02 0.523629482E-02 0.550372379E-02
 0.576495461E-02 0.601982502E-02 0.626819083E-02 0.650992532E-02 0.674491876E-02
 0.697307816E-02 0.719432699E-02 0.740860502E-02 0.761586806E-02 0.781608769E-02
 0.800925100E-02 0.819536016E-02 0.837443198E-02 0.854649742E-02 0.871160098E-02
 0.886980007E-02 0.902116430E-02 0.916577475E-02 0.930372318E-02 0.943511119E-02
 0.956004943E-02 0.967865673E-02 0.979105926E-02 0.989738969E-02 0.999778637E-02
 0.100923925E-01 0.101813553E-01 0.102648255E-01 0.103429563E-01 0.104159028E-01
 0.104838215E-01 0.105468695E-01 0.106052041E-01-0.915763187E-03-0.112904569E-02
-0.127169341E-02-0.140889884E-02-0.154030031E-02-0.166628399E-02-0.180415551E-02
-0.195354977E-02-0.211504764E-02-0.228757881E-02-0.246997514E-02-0.266099457E-02
-0.285934279E-02-0.306369374E-02-0.327270867E-02-0.348505370E-02-0.369941571E-02
-0.391451613E-02-0.412912284E-02-0.434205989E-02-0.455221518E-02-0.475854612E-02
-0.496008338E-02-0.515593288E-02-0.534527618E-02-0.552736943E-02-0.570154117E-02
-0.586718901E-02-0.602377554E-02-0.617082363E-02-0.630791124E-02-0.643466602E-02
-0.655075987E-02-0.665590366E-02-0.674984233E-02-0.683235074E-02-0.690323047E-02
-0.696230799E-02-0.700943439E-02-0.704448625E-02-0.706736541E-02-0.707799105E-02
-0.707626559E-02-0.706196924E-02-0.703485697E-02-0.699469085E-02-0.694124777E-02
-0.687431931E-02-0.679371043E-02-0.669923949E-02-0.659074006E-02-0.646806484E-02
-0.633109139E-02-0.617972959E-02-0.601393076E-02-0.583369822E-02-0.563909927E-02
-0.543027854E-02-0.520747241E-02-0.497102441E-02-0.472140133E-02-0.445920976E-02
-0.418521248E-02-0.390034438E-02-0.360572718E-02-0.330268226E-02-0.299274090E-02
-0.267765101E-02-0.235937964E-02-0.204011064E-02-0.172223720E-02-0.140761151E-02
-0.109625355E-02-0.788198121E-03-0.483490762E-03-0.182184322E-03 0.115664367E-03
 0.409998132E-03 0.700763655E-03 0.987916503E-03 0.127142713E-02 0.155128752E-02
 0.182751516E-02 0.210014227E-02 0.237985209E-02 0.269714800E-02 0.301185875E-02
 0.332277092E-02 0.362949593E-02 0.393166845E-02 0.422895376E-02 0.452104604E-02
 0.480766541E-02 0.508855557E-02 0.536348206E-02 0.563223112E-02 0.589460892E-02
 0.615044099E-02 0.639957199E-02 0.664186545E-02 0.687720367E-02 0.710548762E-02
 0.732663675E-02 0.754058889E-02 0.774729994E-02 0.794674357E-02 0.813891080E-02
 0.832380951E-02 0.850146381E-02 0.867191340E-02 0.883521277E-02 0.899143041E-02
 0.914064791E-02 0.928295905E-02 0.941846877E-02 0.954729229E-02 0.966955402E-02
 0.978538660E-02 0.989492992E-02 0.999833015E-02 0.100957388E-01 0.101873118E-01
 0.102732086E-01 0.103535915E-01 0.104286247E-01 0.104984737E-01 0.105633045E-01
 0.106232831E-01 0.106785750E-01-0.935869246E-03-0.114754211E-02-0.126995866E-02
-0.140388151E-02-0.153386834E-02-0.165835955E-02-0.179465999E-02-0.194243780E-02
-0.210222570E-02-0.227296702E-02-0.245351153E-02-0.264263408E-02-0.283905571E-02
-0.304146411E-02-0.324853285E-02-0.345893892E-02-0.367137856E-02-0.388458114E-02
-0.409732097E-02-0.430842709E-02-0.451679091E-02-0.472137203E-02-0.492120197E-02
-0.511538632E-02-0.530310525E-02-0.548361256E-02-0.565623365E-02-0.582036236E-02
-0.597545705E-02-0.612103606E-02-0.625667270E-02-0.638199002E-02-0.649665541E-02
-0.660037536E-02-0.669289028E-02-0.677396974E-02-0.684340795E-02-0.690101958E-02
-0.694663579E-02-0.698009987E-02-0.700126191E-02-0.700997167E-02-0.700606916E-02
-0.698937586E-02-0.695969996E-02-0.691684313E-02-0.686060591E-02-0.679079173E-02
-0.670721052E-02-0.660968244E-02-0.649804249E-02-0.637214602E-02-0.623187566E-02
-0.607714947E-02-0.590793059E-02-0.572423815E-02-0.552615966E-02-0.531386452E-02
-0.508761871E-02-0.484780041E-02-0.459491619E-02-0.432961756E-02-0.405271729E-02
-0.376520507E-02-0.346826184E-02-0.316327193E-02-0.285183228E-02-0.253575779E-02
-0.221708151E-02-0.189804865E-02-0.158110278E-02-0.126699578E-02-0.955788561E-03
-0.647553844E-03-0.342375358E-03-0.403467424E-04 0.258429683E-03 0.553844350E-03
 0.845782230E-03 0.113412550E-02 0.141875856E-02 0.169958012E-02 0.197654055E-02
 0.224980370E-02 0.253132950E-02 0.285308911E-02 0.317265866E-02 0.348813735E-02
 0.379905133E-02 0.410505389E-02 0.440584027E-02 0.470112730E-02 0.499064797E-02
 0.527415048E-02 0.555139868E-02 0.582217304E-02 0.608627155E-02 0.634351071E-02
 0.659372627E-02 0.683677387E-02 0.707252955E-02 0.730089007E-02 0.752177303E-02
 0.773511687E-02 0.794088071E-02 0.813904394E-02 0.832960580E-02 0.851258466E-02
 0.868801728E-02 0.885595789E-02 0.901647719E-02 0.916966129E-02 0.931561053E-02
 0.945443830E-02 0.958626981E-02 0.971124087E-02 0.982949663E-02 0.994119037E-02
 0.100464823E-01 0.101455386E-01 0.102385299E-01 0.103256306E-01 0.104070180E-01
 0.104828709E-01 0.105533692E-01 0.106186930E-01 0.106790218E-01 0.107345340E-01
 0.107854064E-01-0.940369734E-03-0.115091232E-02-0.126481414E-02-0.139668349E-02
-0.152478117E-02-0.164713775E-02-0.178117150E-02-0.192660642E-02-0.208390808E-02
-0.225205085E-02-0.242991003E-02-0.261628341E-02-0.280991311E-02-0.300950611E-02
-0.321375349E-02-0.342134787E-02-0.363099916E-02-0.384144835E-02-0.405147926E-02
-0.425992832E-02-0.446569231E-02-0.466773414E-02-0.486508678E-02-0.505685547E-02
-0.524221835E-02-0.542042577E-02-0.559079831E-02-0.575272384E-02-0.590565376E-02
-0.604909861E-02-0.618262314E-02-0.630584119E-02-0.641841032E-02-0.652002645E-02
-0.661041852E-02-0.668934336E-02-0.675658075E-02-0.681192860E-02-0.685519845E-02
-0.688621100E-02-0.690479182E-02-0.691076726E-02-0.690396094E-02-0.688419144E-02
-0.685127235E-02-0.680501368E-02-0.674522440E-02-0.667171551E-02-0.658430388E-02
-0.648281678E-02-0.636709740E-02-0.623701133E-02-0.609245431E-02-0.593336113E-02
-0.575971594E-02-0.557156374E-02-0.536902324E-02-0.515230084E-02-0.492170565E-02
-0.467766535E-02-0.442074256E-02-0.415165133E-02-0.387127334E-02-0.358067322E-02
-0.328111224E-02-0.297405982E-02-0.266120182E-02-0.234444502E-02-0.202591684E-02
-0.170795988E-02-0.139224546E-02-0.107886644E-02-0.767928039E-03-0.459547896E-03
-0.153856457E-03 0.149002519E-03 0.448871147E-03 0.745576071E-03 0.103892610E-02
 0.132870789E-02 0.161467748E-02 0.189654324E-02 0.217393080E-02 0.244632594E-02
 0.272758325E-02 0.305885644E-02 0.338599848E-02 0.370794776E-02 0.402463418E-02
 0.433588421E-02 0.464147252E-02 0.494115121E-02 0.523466551E-02 0.552176303E-02
 0.580219982E-02 0.607574465E-02 0.634218230E-02 0.660131602E-02 0.685296953E-02
 0.709698854E-02 0.733324189E-02 0.756162228E-02 0.778204674E-02 0.799445675E-02
 0.819881807E-02 0.839512032E-02 0.858337632E-02 0.876362120E-02 0.893591130E-02
 0.910032297E-02 0.925695116E-02 0.940590801E-02 0.954732124E-02 0.968133263E-02
 0.980809637E-02 0.992777750E-02 0.100405503E-01 0.101465970E-01 0.102461058E-01
 0.103392701E-01 0.104262868E-01 0.105073553E-01 0.105826764E-01 0.106524511E-01
 0.107168797E-01 0.107761615E-01 0.108304934E-01 0.108800695E-01 0.109250808E-01
-0.907041627E-03-0.111677012E-02-0.125510831E-02-0.138745847E-02-0.151333428E-02
-0.163307177E-02-0.176420550E-02-0.190645943E-02-0.206044005E-02-0.222513931E-02
-0.239945340E-02-0.258220334E-02-0.277215506E-02-0.296803884E-02-0.316856767E-02
-0.337245420E-02-0.357842609E-02-0.378523961E-02-0.399169124E-02-0.419662741E-02
-0.439895221E-02-0.459763327E-02-0.479170576E-02-0.498027476E-02-0.516251605E-02
-0.533767560E-02-0.550506777E-02-0.566407258E-02-0.581413216E-02-0.595474647E-02
-0.608546861E-02-0.620589977E-02-0.631568398E-02-0.641450279E-02-0.650207003E-02
-0.657812662E-02-0.664243563E-02-0.669477762E-02-0.673494628E-02-0.676274442E-02
-0.677798046E-02-0.678046550E-02-0.677001104E-02-0.674642773E-02-0.670952507E-02
-0.665911225E-02-0.659499993E-02-0.651700315E-02-0.642494503E-02-0.631866171E-02
-0.619800823E-02-0.606286563E-02-0.591314928E-02-0.574881845E-02-0.556988719E-02
-0.537643645E-02-0.516862744E-02-0.494671605E-02-0.471106830E-02-0.446217633E-02
-0.420067488E-02-0.392735764E-02-0.364319304E-02-0.334933890E-02-0.304715510E-02
-0.273821359E-02-0.242430488E-02-0.210743983E-02-0.178984607E-02-0.147371897E-02
-0.115919287E-02-0.846408417E-03-0.535515738E-03-0.226676703E-03 0.799332809E-04
 0.384123664E-03 0.685687143E-03 0.984397894E-03 0.128000952E-02 0.157225266E-02
 0.186083266E-02 0.214542824E-02 0.242569418E-02 0.270127250E-02 0.298667816E-02
 0.332419506E-02 0.365800864E-02 0.398666451E-02 0.430988372E-02 0.462738436E-02
 0.493887732E-02 0.524406865E-02 0.554266452E-02 0.583437667E-02 0.611892746E-02
 0.639605434E-02 0.666551361E-02 0.692708362E-02 0.718056738E-02 0.742579458E-02
 0.766262317E-02 0.789094036E-02 0.811066321E-02 0.832173875E-02 0.852414368E-02
 0.871788369E-02 0.890299246E-02 0.907953029E-02 0.924758256E-02 0.940725796E-02
 0.955868649E-02 0.970201746E-02 0.983741731E-02 0.996506752E-02 0.100851624E-01
 0.101979072E-01 0.103035157E-01 0.104022087E-01 0.104942120E-01 0.105797549E-01
 0.106590684E-01 0.107323841E-01 0.107999328E-01 0.108619433E-01 0.109186419E-01
 0.109702509E-01 0.110169885E-01 0.110590679E-01 0.110966969E-01-0.922360782E-03
-0.112956120E-02-0.124874168E-02-0.137670288E-02-0.149968821E-02-0.161624038E-02
-0.174384148E-02-0.188221109E-02-0.203210292E-02-0.219254265E-02-0.236245947E-02
-0.254070672E-02-0.272608164E-02-0.291734421E-02-0.311323503E-02-0.331249187E-02
-0.351386475E-02-0.371612924E-02-0.391809800E-02-0.411863033E-02-0.431664001E-02
-0.451110110E-02-0.470105213E-02-0.488559861E-02-0.506391400E-02-0.523523941E-02
-0.539888204E-02-0.555421271E-02-0.570066251E-02-0.583771879E-02-0.596492069E-02
-0.608185429E-02-0.618814754E-02-0.628346521E-02-0.636750369E-02-0.643998612E-02
-0.650065759E-02-0.654928072E-02-0.658563161E-02-0.660949625E-02-0.662066746E-02
-0.661894246E-02-0.660412118E-02-0.657600535E-02-0.653439853E-02-0.647910701E-02
-0.640994181E-02-0.632672162E-02-0.622927690E-02-0.611745508E-02-0.599112692E-02
-0.585019412E-02-0.569459826E-02-0.552433091E-02-0.533944512E-02-0.514006811E-02
-0.492641514E-02-0.469880435E-02-0.445767246E-02-0.420359094E-02-0.393728235E-02
-0.365963636E-02-0.337172490E-02-0.307481576E-02-0.277038395E-02-0.246011983E-02
-0.214593340E-02-0.182995339E-02-0.151451765E-02-0.119984079E-02-0.886078790E-03
-0.573399433E-03-0.261983507E-03 0.479738316E-04 0.356261659E-03 0.662651933E-03
 0.966898224E-03 0.126873458E-02 0.156787465E-02 0.186401114E-02 0.215681612E-02
 0.244594240E-02 0.273102685E-02 0.301169622E-02 0.330288874E-02 0.364811297E-02
 0.398979687E-02 0.432633689E-02 0.465733669E-02 0.498240420E-02 0.530115162E-02
 0.561319740E-02 0.591816958E-02 0.621570982E-02 0.650547776E-02 0.678715522E-02
 0.706045012E-02 0.732510001E-02 0.758087504E-02 0.782758034E-02 0.806505779E-02
 0.829318713E-02 0.851188651E-02 0.872111232E-02 0.892085857E-02 0.911115562E-02
 0.929206851E-02 0.946369489E-02 0.962616259E-02 0.977962695E-02 0.992426798E-02
 0.100602874E-01 0.101879055E-01 0.103073587E-01 0.104188957E-01 0.105227758E-01
 0.106192655E-01 0.107086363E-01 0.107911626E-01 0.108671197E-01 0.109367818E-01
 0.110004207E-01 0.110583040E-01 0.111106945E-01 0.111578490E-01 0.112000176E-01
 0.112374427E-01 0.112703591E-01 0.112989933E-01-0.929726613E-03-0.113500903E-02
-0.123990657E-02-0.136438424E-02-0.148412863E-02-0.159701378E-02-0.172049694E-02
-0.185427861E-02-0.199931603E-02-0.215467825E-02-0.231933879E-02-0.249219291E-02
-0.267207685E-02-0.285778682E-02-0.304809685E-02-0.324177517E-02-0.343759900E-02
-0.363436764E-02-0.383091381E-02-0.402611312E-02-0.421889179E-02-0.440823256E-02
-0.459317899E-02-0.477283811E-02-0.494638161E-02-0.511304580E-02-0.527213037E-02
-0.542299613E-02-0.556506203E-02-0.569780143E-02-0.582073791E-02-0.593344074E-02
-0.603552008E-02-0.612662216E-02-0.620642445E-02-0.627463096E-02-0.633096779E-02
-0.637517898E-02-0.640702282E-02-0.642626854E-02-0.643269372E-02-0.642608218E-02
-0.640622271E-02-0.637290857E-02-0.632593782E-02-0.626511464E-02-0.619025165E-02
-0.610117325E-02-0.599772012E-02-0.587975491E-02-0.574716916E-02-0.559989144E-02
-0.543789686E-02-0.526121781E-02-0.506995603E-02-0.486429579E-02-0.464451827E-02
-0.441101667E-02-0.416431212E-02-0.390506980E-02-0.363411494E-02-0.335244819E-02
-0.306125979E-02-0.276194172E-02-0.245609718E-02-0.214554660E-02-0.183232943E-02
-0.151871999E-02-0.120492501E-02-0.891106531E-03-0.577438644E-03-0.264109184E-03
 0.486786628E-04 0.360704840E-03 0.671730983E-03 0.981499104E-03 0.128973043E-02
 0.159612444E-02 0.190035812E-02 0.220208550E-02 0.250093735E-02 0.279652071E-02
 0.308841690E-02 0.337617482E-02 0.367513476E-02 0.403023315E-02 0.438185650E-02
 0.472830052E-02 0.506906943E-02 0.540365864E-02 0.573156539E-02 0.605229592E-02
 0.636537163E-02 0.667033487E-02 0.696675451E-02 0.725423126E-02 0.753240257E-02
 0.780094693E-02 0.805958758E-02 0.830809538E-02 0.854629081E-02 0.877404520E-02
 0.899128090E-02 0.919797073E-02 0.939413650E-02 0.957984686E-02 0.975521442E-02
 0.992039239E-02 0.100755708E-01 0.102209724E-01 0.103568485E-01 0.104834744E-01
 0.106011453E-01 0.107101722E-01 0.108108778E-01 0.109035929E-01 0.109886532E-01
 0.110663957E-01 0.111371567E-01 0.112012689E-01 0.112590598E-01 0.113108497E-01
 0.113569504E-01 0.113976641E-01 0.114332827E-01 0.114640871E-01 0.114903465E-01
 0.115123188E-01 0.115302498E-01-0.892074040E-03-0.109571356E-02-0.122668248E-02
-0.135073870E-02-0.146711268E-02-0.157603594E-02-0.169489595E-02-0.182331288E-02
-0.196266183E-02-0.211208757E-02-0.227060912E-02-0.243716300E-02-0.261062591E-02
-0.278983361E-02-0.297359799E-02-0.316072269E-02-0.335001720E-02-0.354030943E-02
-0.373045664E-02-0.391935468E-02-0.410594567E-02-0.428922386E-02-0.446824007E-02
-0.464210450E-02-0.480998823E-02-0.497112343E-02-0.512480246E-02-0.527037599E-02
-0.540725033E-02-0.553488414E-02-0.565278453E-02-0.576050295E-02-0.585763070E-02
-0.594379449E-02-0.601865191E-02-0.608188713E-02-0.613320669E-02-0.617233581E-02
-0.619901496E-02-0.621299696E-02-0.621404475E-02-0.620192968E-02-0.617643064E-02
-0.613733397E-02-0.608443422E-02-0.601753592E-02-0.593645633E-02-0.584102935E-02
-0.573111044E-02-0.560658298E-02-0.546736565E-02-0.531342126E-02-0.514476683E-02
-0.496148491E-02-0.476373618E-02-0.455177315E-02-0.432595483E-02-0.408676209E-02
-0.383481357E-02-0.357088148E-02-0.329590705E-02-0.301101488E-02-0.271752550E-02
-0.241696538E-02-0.211107361E-02-0.180180431E-02-0.149119499E-02-0.117938146E-02
-0.866518021E-03-0.552771598E-03-0.238323683E-03 0.766277468E-04 0.391866419E-03
 0.707156026E-03 0.102223858E-02 0.133683293E-02 0.165063340E-02 0.196330868E-02
 0.227450092E-02 0.258382523E-02 0.289086963E-02 0.319519602E-02 0.349634374E-02
 0.379384054E-02 0.410338573E-02 0.447080547E-02 0.483504926E-02 0.519416258E-02
 0.554747137E-02 0.589430887E-02 0.623401661E-02 0.656595033E-02 0.688948730E-02
 0.720403422E-02 0.750903495E-02 0.780397793E-02 0.808840299E-02 0.836190733E-02
 0.862415056E-02 0.887485842E-02 0.911382543E-02 0.934091596E-02 0.955606407E-02
 0.975927198E-02 0.995060729E-02 0.101301991E-01 0.102982331E-01 0.104549463E-01
 0.106006207E-01 0.107355773E-01 0.108601691E-01 0.109747753E-01 0.110797947E-01
 0.111756404E-01 0.112627337E-01 0.113415001E-01 0.114123643E-01 0.114757469E-01
 0.115320609E-01 0.115817097E-01 0.116250841E-01 0.116625614E-01 0.116945038E-01
 0.117212576E-01 0.117431527E-01 0.117605025E-01 0.117736036E-01 0.117827361E-01
 0.117881641E-01-0.903528901E-03-0.110408343E-02-0.121730744E-02-0.133633778E-02
-0.144888964E-02-0.155362799E-02-0.166746806E-02-0.178980378E-02-0.192265411E-02
-0.206532272E-02-0.221685112E-02-0.237621261E-02-0.254232682E-02-0.271407442E-02
-0.289031172E-02-0.306988455E-02-0.325164124E-02-0.343444437E-02-0.361718121E-02
-0.379877268E-02-0.397818086E-02-0.415441497E-02-0.432653587E-02-0.449365918E-02
-0.465495704E-02-0.480965871E-02-0.495705000E-02-0.509647191E-02-0.522731831E-02
-0.534903307E-02-0.546110669E-02-0.556307247E-02-0.565450261E-02-0.573500400E-02
-0.580421424E-02-0.586179762E-02-0.590744138E-02-0.594085238E-02-0.596175406E-02
-0.596988395E-02-0.596499185E-02-0.594683854E-02-0.591519536E-02-0.586984458E-02
-0.581058060E-02-0.573721227E-02-0.564956615E-02-0.554749092E-02-0.543086298E-02
-0.529959325E-02-0.515363527E-02-0.499299457E-02-0.481773929E-02-0.462801210E-02
-0.442404319E-02-0.420616434E-02-0.397482378E-02-0.373060163E-02-0.347422554E-02
-0.320658612E-02-0.292875152E-02-0.264198068E-02-0.234773408E-02-0.204768087E-02
-0.174370221E-02-0.143734273E-02-0.112871824E-02-0.817957217E-03-0.505202817E-03
-0.190614238E-03 0.125631493E-03 0.443337548E-03 0.762285228E-03 0.108223188E-02
 0.140290883E-02 0.172401951E-02 0.204523766E-02 0.236620587E-02 0.268653415E-02
 0.300579883E-02 0.332354125E-02 0.363926608E-02 0.395243880E-02 0.426248175E-02
 0.458560434E-02 0.496935967E-02 0.535013485E-02 0.572578502E-02 0.609545942E-02
 0.645829506E-02 0.681343072E-02 0.716001998E-02 0.749724371E-02 0.782432203E-02
 0.814052591E-02 0.844518812E-02 0.873771342E-02 0.901758746E-02 0.928438417E-02
 0.953777127E-02 0.977751376E-02 0.100034750E-01 0.102156160E-01 0.104139915E-01
 0.105987457E-01 0.107701048E-01 0.109283689E-01 0.110739028E-01 0.112071266E-01
 0.113285050E-01 0.114385383E-01 0.115377520E-01 0.116266888E-01 0.117058999E-01
 0.117759383E-01 0.118373522E-01 0.118906801E-01 0.119364462E-01 0.119751569E-01
 0.120072987E-01 0.120333358E-01 0.120537089E-01 0.120688348E-01 0.120791058E-01
 0.120848900E-01 0.120865317E-01 0.120843522E-01 0.120786504E-01 0.120697040E-01
-0.914837059E-03-0.111309650E-02-0.120663803E-02-0.132119741E-02-0.142959476E-02
-0.152953809E-02-0.163787081E-02-0.175394227E-02-0.187978501E-02-0.201503015E-02
-0.215878834E-02-0.231009840E-02-0.246794311E-02-0.263126375E-02-0.279897384E-02
-0.296997205E-02-0.314315452E-02-0.331742602E-02-0.349171019E-02-0.366495832E-02
-0.383615696E-02-0.400433401E-02-0.416856351E-02-0.432796903E-02-0.448172588E-02
-0.462906205E-02-0.476925823E-02-0.490164676E-02-0.502560994E-02-0.514057758E-02
-0.524602414E-02-0.534146540E-02-0.542645498E-02-0.550058067E-02-0.556346086E-02
-0.561474097E-02-0.565409021E-02-0.568119859E-02-0.569577441E-02-0.569754220E-02
-0.568624132E-02-0.566162518E-02-0.562346127E-02-0.557153202E-02-0.550563659E-02
-0.542559360E-02-0.533124504E-02-0.522246121E-02-0.509914688E-02-0.496124870E-02
-0.480876380E-02-0.464174974E-02-0.446033558E-02-0.426473414E-02-0.405525535E-02
-0.383232038E-02-0.359647646E-02-0.334841202E-02-0.308897174E-02-0.281917127E-02
-0.254021103E-02-0.225348906E-02-0.196061297E-02-0.166339869E-02-0.136273212E-02
-0.105869916E-02-0.751396186E-03-0.440931977E-03-0.127429989E-03 0.188969201E-03
 0.508105274E-03 0.829795391E-03 0.115383132E-02 0.147997648E-02 0.180796310E-02
 0.213748939E-02 0.246821709E-02 0.279976948E-02 0.313172991E-02 0.346364120E-02
 0.379500532E-02 0.412528252E-02 0.445388668E-02 0.478017281E-02 0.512097602E-02
 0.552583739E-02 0.592815795E-02 0.632549072E-02 0.671670527E-02 0.710065026E-02
 0.747617654E-02 0.784215478E-02 0.819749143E-02 0.854114486E-02 0.887214193E-02
 0.918959472E-02 0.949271643E-02 0.978083574E-02 0.100534087E-01 0.103100276E-01
 0.105504261E-01 0.107744804E-01 0.109822066E-01 0.111737543E-01 0.113493970E-01
 0.115095196E-01 0.116546042E-01 0.117852145E-01 0.119019794E-01 0.120055778E-01
 0.120967226E-01 0.121761472E-01 0.122445926E-01 0.123027968E-01 0.123514851E-01
 0.123913628E-01 0.124231094E-01 0.124473738E-01 0.124647714E-01 0.124758824E-01
 0.124812501E-01 0.124813814E-01 0.124767467E-01 0.124677814E-01 0.124548865E-01
 0.124384310E-01 0.124187529E-01 0.123961615E-01 0.123709394E-01-0.874185811E-03
-0.107040285E-02-0.119225511E-02-0.130595709E-02-0.141027610E-02-0.150532844E-02
-0.160786422E-02-0.171709714E-02-0.183529416E-02-0.196237524E-02-0.209752725E-02
-0.223987263E-02-0.238847674E-02-0.254235838E-02-0.270050180E-02-0.286186915E-02
-0.302541262E-02-0.319008580E-02-0.335485405E-02-0.351870353E-02-0.368064905E-02
-0.383974049E-02-0.399506792E-02-0.414576542E-02-0.429101372E-02-0.443004160E-02
-0.456212643E-02-0.468659364E-02-0.480281553E-02-0.491020944E-02-0.500823529E-02
-0.509639291E-02-0.517421903E-02-0.524128413E-02-0.529718937E-02-0.534156354E-02
-0.537406030E-02-0.539435572E-02-0.540214618E-02-0.539714690E-02-0.537909095E-02
-0.534772905E-02-0.530283006E-02-0.524418239E-02-0.517159629E-02-0.508490720E-02
-0.498398010E-02-0.486871507E-02-0.473905394E-02-0.459498822E-02-0.443656817E-02
-0.426391307E-02-0.407722269E-02-0.387678968E-02-0.366301289E-02-0.343641130E-02
-0.319763835E-02-0.294749610E-02-0.268694880E-02-0.241713497E-02-0.213937663E-02
-0.185518559E-02-0.156635318E-02-0.127298884E-02-0.975149561E-03-0.672893793E-03
-0.366286106E-03-0.554010939E-04 0.259673052E-03 0.578831016E-03 0.901946712E-03
 0.122886945E-02 0.155941987E-02 0.189338569E-02 0.223051719E-02 0.257052276E-02
 0.291306444E-02 0.325775392E-02 0.360414978E-02 0.395175695E-02 0.430003119E-02
 0.464839354E-02 0.499626306E-02 0.534310382E-02 0.570674633E-02 0.613898245E-02
 0.656971710E-02 0.699583940E-02 0.741572450E-02 0.782780525E-02 0.823054560E-02
 0.862243534E-02 0.900200200E-02 0.936783222E-02 0.971859836E-02 0.100530869E-01
 0.103702265E-01 0.106691138E-01 0.109490343E-01 0.112094781E-01 0.114501482E-01
 0.116709620E-01 0.118720449E-01 0.120537172E-01 0.122164758E-01 0.123609707E-01
 0.124879793E-01 0.125983793E-01 0.126931220E-01 0.127732059E-01 0.128396541E-01
 0.128934932E-01 0.129357363E-01 0.129673686E-01 0.129893364E-01 0.130025393E-01
 0.130078242E-01 0.130059823E-01 0.129977478E-01 0.129837972E-01 0.129647511E-01
 0.129411759E-01 0.129135863E-01 0.128824484E-01 0.128481831E-01 0.128111692E-01
 0.127717466E-01 0.127302200E-01 0.126868618E-01-0.883611254E-03-0.107691792E-02
-0.118318909E-02-0.129205468E-02-0.139230222E-02-0.148244897E-02-0.157900442E-02
-0.168107303E-02-0.179101165E-02-0.190897948E-02-0.203449335E-02-0.216680417E-02
-0.230508297E-02-0.244843713E-02-0.259592701E-02-0.274658109E-02-0.289940961E-02
-0.305341674E-02-0.320761133E-02-0.336101632E-02-0.351267680E-02-0.366166678E-02
-0.380709458E-02-0.394810712E-02-0.408389286E-02-0.421368379E-02-0.433675634E-02
-0.445243151E-02-0.456007411E-02-0.465909151E-02-0.474893180E-02-0.482908164E-02
-0.489906379E-02-0.495843455E-02-0.500678124E-02-0.504371970E-02-0.506889204E-02
-0.508196476E-02-0.508262716E-02-0.507059037E-02-0.504558697E-02-0.500737124E-02
-0.495572023E-02-0.489043567E-02-0.481134682E-02-0.471831429E-02-0.461123496E-02
-0.449004791E-02-0.435474162E-02-0.420536217E-02-0.404202268E-02-0.386491376E-02
-0.367431499E-02-0.347060726E-02-0.325428581E-02-0.302597373E-02-0.278643565E-02
-0.253659144E-02-0.227752970E-02-0.201052152E-02-0.173702129E-02-0.145807692E-02
-0.117365510E-02-0.883740757E-03-0.588326206E-03-0.287410475E-03 0.189995502E-04
 0.330886901E-03 0.648221563E-03 0.970956909E-03 0.129902560E-02 0.163233493E-02
 0.197076158E-02 0.231414582E-02 0.266228491E-02 0.301492581E-02 0.337175705E-02
 0.373239946E-02 0.409639576E-02 0.446319826E-02 0.483215366E-02 0.520248079E-02
 0.557322421E-02 0.594307245E-02 0.633245846E-02 0.680507672E-02 0.727513843E-02
 0.774008629E-02 0.819833209E-02 0.864805587E-02 0.908732057E-02 0.951412816E-02
 0.992646879E-02 0.103223719E-01 0.106999601E-01 0.110575051E-01 0.113934810E-01
 0.117066144E-01 0.119959247E-01 0.122607535E-01 0.125007801E-01 0.127160215E-01
 0.129068178E-01 0.130738048E-01 0.132178756E-01 0.133401356E-01 0.134418538E-01
 0.135244142E-01 0.135892698E-01 0.136379011E-01 0.136717807E-01 0.136923447E-01
 0.137009704E-01 0.136989601E-01 0.136875304E-01 0.136678063E-01 0.136408189E-01
 0.136075056E-01 0.135687132E-01 0.135252017E-01 0.134776504E-01 0.134266627E-01
 0.133727732E-01 0.133164533E-01 0.132581173E-01 0.131981282E-01 0.131368031E-01
 0.130744183E-01 0.130112137E-01-0.901133286E-03-0.109289590E-02-0.117544210E-02
-0.128069264E-02-0.137816024E-02-0.146486325E-02-0.155564471E-02-0.164907835E-02
-0.174912340E-02-0.185641668E-02-0.197091507E-02-0.209194470E-02-0.221873707E-02
-0.235045801E-02-0.248622516E-02-0.262512187E-02-0.276620964E-02-0.290853933E-02
-0.305116143E-02-0.319313515E-02-0.333353643E-02-0.347146470E-02-0.360604849E-02
-0.373644988E-02-0.386186784E-02-0.398154058E-02-0.409474689E-02-0.420080675E-02
-0.429908117E-02-0.438897138E-02-0.446991766E-02-0.454139765E-02-0.460292460E-02
-0.465404531E-02-0.469433823E-02-0.472341152E-02-0.474090142E-02-0.474647088E-02
-0.473980857E-02-0.472062851E-02-0.468867015E-02-0.464369922E-02-0.458550929E-02
-0.451392425E-02-0.442880154E-02-0.433003653E-02-0.421756775E-02-0.409138326E-02
-0.395152806E-02-0.379811251E-02-0.363132182E-02-0.345142637E-02-0.325879293E-02
-0.305389642E-02-0.283733198E-02-0.260982713E-02-0.237225342E-02-0.212563694E-02
-0.187116319E-02-0.161027953E-02-0.134306458E-02-0.106947233E-02-0.789444611E-03
-0.502917155E-03-0.209822783E-03 0.899059714E-04 0.396334222E-03 0.709521774E-03
 0.102951971E-02 0.135636644E-02 0.169008308E-02 0.203066816E-02 0.237809153E-02
 0.273228727E-02 0.309314556E-02 0.346050323E-02 0.383413269E-02 0.421372865E-02
 0.459889213E-02 0.498911031E-02 0.538373107E-02 0.578193090E-02 0.618267895E-02
 0.658471340E-02 0.701098823E-02 0.752994391E-02 0.804863530E-02 0.856325073E-02
 0.907163379E-02 0.957136734E-02 0.100598126E-01 0.105341688E-01 0.109915458E-01
 0.114290477E-01 0.118438689E-01 0.122333967E-01 0.125953173E-01 0.129277148E-01
 0.132291551E-01 0.134987456E-01 0.137361645E-01 0.139416569E-01 0.141159981E-01
 0.142604304E-01 0.143765797E-01 0.144663617E-01 0.145318868E-01 0.145753702E-01
 0.145990529E-01 0.146051374E-01 0.145957369E-01 0.145728399E-01 0.145382875E-01
 0.144937607E-01 0.144407764E-01 0.143806902E-01 0.143147025E-01 0.142438691E-01
 0.141691117E-01 0.140912306E-01 0.140109165E-01 0.139287630E-01 0.138452772E-01
 0.137608904E-01 0.136759679E-01 0.135908170E-01 0.135056951E-01 0.134208165E-01
 0.133363582E-01-0.859490425E-03-0.104989626E-02-0.116474499E-02-0.127105473E-02
-0.136730000E-02-0.145389835E-02-0.153982591E-02-0.162070328E-02-0.170897730E-02
-0.180436659E-02-0.190675699E-02-0.201550951E-02-0.212986972E-02-0.224904211E-02
-0.237219102E-02-0.249844789E-02-0.262692075E-02-0.275670416E-02-0.288688864E-02
-0.301656942E-02-0.314485413E-02-0.327086946E-02-0.339376672E-02-0.351272646E-02
-0.362696194E-02-0.373572178E-02-0.383829172E-02-0.393399560E-02-0.402219570E-02
-0.410229251E-02-0.417372403E-02-0.423596476E-02-0.428852449E-02-0.433094690E-02
-0.436280820E-02-0.438371587E-02-0.439330761E-02-0.439125054E-02-0.437724088E-02
-0.435100402E-02-0.431229524E-02-0.426090105E-02-0.419664123E-02-0.411937176E-02
-0.402898849E-02-0.392543175E-02-0.380869199E-02-0.367881620E-02-0.353591545E-02
-0.338017325E-02-0.321185478E-02-0.303131690E-02-0.283901876E-02-0.263553277E-02
-0.242155571E-02-0.219791942E-02-0.196560218E-02-0.172576130E-02-0.147903039E-02
-0.122529422E-02-0.964447734E-03-0.696376335E-03-0.420954746E-03-0.138047470E-03
 0.152489964E-03 0.450809239E-03 0.757067017E-03 0.107142223E-02 0.139403282E-02
 0.172505189E-02 0.206462309E-02 0.241287531E-02 0.276991633E-02 0.313582557E-02
 0.351064558E-02 0.389437232E-02 0.428694390E-02 0.468822777E-02 0.509800590E-02
 0.551595752E-02 0.594163816E-02 0.637445278E-02 0.681361892E-02 0.725811605E-02
 0.773226386E-02 0.830792992E-02 0.888717056E-02 0.946541530E-02 0.100396736E-01
 0.106065532E-01 0.111622881E-01 0.117027852E-01 0.122237015E-01 0.127205610E-01
 0.131889128E-01 0.136245264E-01 0.140236094E-01 0.143830260E-01 0.147004891E-01
 0.149746986E-01 0.152054049E-01 0.153933884E-01 0.155403609E-01 0.156488044E-01
 0.157217733E-01 0.157626871E-01 0.157751355E-01 0.157627124E-01 0.157288864E-01
 0.156769094E-01 0.156097593E-01 0.155301114E-01 0.154403311E-01 0.153424826E-01
 0.152383468E-01 0.151294450E-01 0.150170659E-01 0.149022923E-01 0.147860273E-01
 0.146690182E-01 0.145518792E-01 0.144351104E-01 0.143191154E-01 0.142042166E-01
 0.140906678E-01 0.139786658E-01 0.138683595E-01 0.137598585E-01 0.136532393E-01
-0.867604215E-03-0.105582441E-02-0.115804870E-02-0.126093455E-02-0.135444928E-02
-0.143715240E-02-0.151704975E-02-0.158942706E-02-0.166738370E-02-0.175124822E-02
-0.184121628E-02-0.193720361E-02-0.203857656E-02-0.214461737E-02-0.225454914E-02
-0.236755352E-02-0.248278442E-02-0.259937935E-02-0.271646916E-02-0.283318655E-02
-0.294867342E-02-0.306208728E-02-0.317260665E-02-0.327943550E-02-0.338180695E-02
-0.347898598E-02-0.357027155E-02-0.365499794E-02-0.373253553E-02-0.380229108E-02
-0.386370762E-02-0.391626404E-02-0.395947440E-02-0.399288729E-02-0.401608499E-02
-0.402868294E-02-0.403032921E-02-0.402070440E-02-0.399952183E-02-0.396652819E-02
-0.392150482E-02-0.386426944E-02-0.379467867E-02-0.371263126E-02-0.361807205E-02
-0.351099676E-02-0.339145761E-02-0.325956973E-02-0.311551845E-02-0.295956721E-02
-0.279206626E-02-0.261346195E-02-0.242430620E-02-0.222526652E-02-0.201713690E-02
-0.180083701E-02-0.157728014E-02-0.134628943E-02-0.110776051E-02-0.861561286E-03
-0.607536989E-03-0.345511582E-03-0.752886731E-04 0.203347576E-03 0.490631371E-03
 0.786813933E-03 0.109216180E-02 0.140695473E-02 0.173148303E-02 0.206604438E-02
 0.241093989E-02 0.276646935E-02 0.313292556E-02 0.351058759E-02 0.389971282E-02
 0.430052783E-02 0.471321805E-02 0.513791665E-02 0.557469337E-02 0.602354511E-02
 0.648439154E-02 0.695707963E-02 0.744139407E-02 0.793702625E-02 0.847028997E-02
 0.911695288E-02 0.977388366E-02 0.104355722E-01 0.110980576E-01 0.117568199E-01
 0.124066866E-01 0.130417707E-01 0.136554890E-01 0.142406884E-01 0.147898979E-01
 0.152957132E-01 0.157512911E-01 0.161508974E-01 0.164904203E-01 0.167677499E-01
 0.169829443E-01 0.171381463E-01 0.172372741E-01 0.172855596E-01 0.172890275E-01
 0.172540043E-01 0.171867170E-01 0.170930065E-01 0.169781529E-01 0.168467940E-01
 0.167029123E-01 0.165498646E-01 0.163904381E-01 0.162269169E-01 0.160611507E-01
 0.158946210E-01 0.157285007E-01 0.155637072E-01 0.154009472E-01 0.152407563E-01
 0.150835303E-01 0.149295529E-01 0.147790174E-01 0.146320450E-01 0.144886999E-01
 0.143490012E-01 0.142129330E-01 0.140804521E-01 0.139514948E-01-0.889849199E-03
-0.107679869E-02-0.115064616E-02-0.125041444E-02-0.134274222E-02-0.142578265E-02
-0.150080023E-02-0.155974124E-02-0.162524186E-02-0.169671326E-02-0.177396730E-02
-0.185686678E-02-0.194502009E-02-0.203771426E-02-0.213419554E-02-0.223367900E-02
-0.233535776E-02-0.243841135E-02-0.254201331E-02-0.264533816E-02-0.274756773E-02
-0.284789681E-02-0.294553808E-02-0.303972642E-02-0.312972248E-02-0.321481557E-02
-0.329432601E-02-0.336760682E-02-0.343404500E-02-0.349306225E-02-0.354411550E-02
-0.358669702E-02-0.362033447E-02-0.364459076E-02-0.365906402E-02-0.366338756E-02
-0.365723008E-02-0.364029610E-02-0.361232672E-02-0.357310083E-02-0.352243678E-02
-0.346019458E-02-0.338627870E-02-0.330064145E-02-0.320328707E-02-0.309427645E-02
-0.297373248E-02-0.284184610E-02-0.269888284E-02-0.254518998E-02-0.238120387E-02
-0.220745897E-02-0.202459318E-02-0.183335134E-02-0.163467847E-02-0.142838501E-02
-0.121438162E-02-0.992538959E-03-0.762699810E-03-0.524677811E-03-0.278257066E-03
-0.231920030E-04 0.240792649E-03 0.514001765E-03 0.796769574E-03 0.108945923E-02
 0.139246213E-02 0.170619691E-02 0.203110809E-02 0.236766411E-02 0.271635487E-02
 0.307768840E-02 0.345218660E-02 0.384037991E-02 0.424280044E-02 0.465997345E-02
 0.509240660E-02 0.554057666E-02 0.600491278E-02 0.648577619E-02 0.698343609E-02
 0.749804479E-02 0.802962948E-02 0.857824434E-02 0.917726018E-02 0.991687608E-02
 0.106756103E-01 0.114469662E-01 0.122272912E-01 0.130119038E-01 0.137947307E-01
 0.145680265E-01 0.153221724E-01 0.160456371E-01 0.167252290E-01 0.173467776E-01
 0.178963074E-01 0.183616091E-01 0.187338970E-01 0.190091106E-01 0.191884626E-01
 0.192780626E-01 0.192877538E-01 0.192295405E-01 0.191160458E-01 0.189593185E-01
 0.187701028E-01 0.185575209E-01 0.183290442E-01 0.180906286E-01 0.178469210E-01
 0.176014819E-01 0.173569924E-01 0.171154349E-01 0.168782439E-01 0.166464284E-01
 0.164206694E-01 0.162013976E-01 0.159888536E-01 0.157831354E-01 0.155842346E-01
 0.153920650E-01 0.152064842E-01 0.150273101E-01 0.148543344E-01 0.146873312E-01
 0.145260654E-01 0.143702975E-01 0.142197881E-01-0.843277599E-03-0.102766904E-02
-0.113558743E-02-0.123524289E-02-0.132490865E-02-0.140522783E-02-0.147429048E-02
-0.152285652E-02-0.157745847E-02-0.163776785E-02-0.170342194E-02-0.177409585E-02
-0.184950673E-02-0.192921027E-02-0.201248322E-02-0.209858301E-02-0.218675316E-02
-0.227622680E-02-0.236623157E-02-0.245599481E-02-0.254474884E-02-0.263173593E-02
-0.271621290E-02-0.279745530E-02-0.287476095E-02-0.294745314E-02-0.301488315E-02
-0.307643244E-02-0.313151433E-02-0.317957535E-02-0.322009625E-02-0.325259284E-02
-0.327661662E-02-0.329175531E-02-0.329763348E-02-0.329391315E-02-0.328029458E-02
-0.325651725E-02-0.322236120E-02-0.317764866E-02-0.312224610E-02-0.305606680E-02
-0.297907371E-02-0.289128290E-02-0.279276747E-02-0.268366212E-02-0.256416787E-02
-0.243455697E-02-0.229517904E-02-0.214646748E-02-0.198893451E-02-0.182321457E-02
-0.165005091E-02-0.146929267E-02-0.128088434E-02-0.108472353E-02-0.880676241E-03
-0.668573909E-03-0.448212338E-03-0.219350565E-03 0.182901754E-04 0.265027414E-03
 0.521218352E-03 0.787260739E-03 0.106359374E-02 0.135069876E-02 0.164910029E-02
 0.195936653E-02 0.228210993E-02 0.261798741E-02 0.296770014E-02 0.333199279E-02
 0.371165202E-02 0.410750406E-02 0.452041110E-02 0.495126591E-02 0.540098409E-02
 0.587049256E-02 0.636071210E-02 0.687252985E-02 0.740675511E-02 0.796404657E-02
 0.854479964E-02 0.914902471E-02 0.981734400E-02 0.106670859E-01 0.115456924E-01
 0.124499144E-01 0.133785251E-01 0.143286581E-01 0.152952804E-01 0.162704347E-01
 0.172422179E-01 0.181935932E-01 0.191013914E-01 0.199363168E-01 0.206651485E-01
 0.212558166E-01 0.216842449E-01 0.219402219E-01 0.220298087E-01 0.219733266E-01
 0.217997337E-01 0.215398809E-01 0.212214381E-01 0.208666146E-01 0.204920210E-01
 0.201095314E-01 0.197273675E-01 0.193510654E-01 0.189842350E-01 0.186291238E-01
 0.182870254E-01 0.179585708E-01 0.176439362E-01 0.173429903E-01 0.170553980E-01
 0.167806948E-01 0.165183377E-01 0.162677423E-01 0.160283072E-01 0.157994315E-01
 0.155805265E-01 0.153710229E-01 0.151703757E-01 0.149780665E-01 0.147936053E-01
 0.146165301E-01 0.144464071E-01-0.844710904E-03-0.102490373E-02-0.111948064E-02
-0.121253097E-02-0.129554304E-02-0.136840576E-02-0.143037860E-02-0.147249110E-02
-0.152011646E-02-0.157240541E-02-0.162893128E-02-0.168939168E-02-0.175352010E-02
-0.182105629E-02-0.189174712E-02-0.196492024E-02-0.203990815E-02-0.211602289E-02
-0.219256575E-02-0.226883267E-02-0.234411984E-02-0.241772903E-02-0.248897238E-02
-0.255717669E-02-0.262168725E-02-0.268187137E-02-0.273712136E-02-0.278685713E-02
-0.283052846E-02-0.286761688E-02-0.289763729E-02-0.292013942E-02-0.293470915E-02
-0.294096971E-02-0.293858291E-02-0.292725037E-02-0.290671485E-02-0.287676171E-02
-0.283722059E-02-0.278796748E-02-0.272892726E-02-0.266007648E-02-0.258144625E-02
-0.249312500E-02-0.239526163E-02-0.228807182E-02-0.217184235E-02-0.204692627E-02
-0.191375374E-02-0.177291658E-02-0.162474389E-02-0.146917201E-02-0.130619685E-02
-0.113576631E-02-0.957794537E-03-0.772158104E-03-0.578694232E-03-0.377198832E-03
-0.167424652E-03 0.509204629E-04 0.278175190E-03 0.514726301E-03 0.761010260E-03
 0.101751496E-02 0.128478169E-02 0.156340746E-02 0.185404762E-02 0.215741884E-02
 0.247430219E-02 0.280554637E-02 0.315207072E-02 0.351486801E-02 0.389500688E-02
 0.429363399E-02 0.471197603E-02 0.515134171E-02 0.561312399E-02 0.609880257E-02
 0.660994662E-02 0.714821774E-02 0.771537352E-02 0.831327327E-02 0.894389000E-02
 0.960933363E-02 0.103545429E-01 0.113043133E-01 0.123021274E-01 0.133474265E-01
 0.144427904E-01 0.155902416E-01 0.167906695E-01 0.180428277E-01 0.193414868E-01
 0.206738939E-01 0.220129109E-01 0.233050024E-01 0.244583290E-01 0.253571905E-01
 0.259103875E-01 0.260832819E-01 0.259040418E-01 0.254598688E-01 0.248628471E-01
 0.242010350E-01 0.235258249E-01 0.228637889E-01 0.222279521E-01 0.216241887E-01
 0.210545453E-01 0.205189932E-01 0.200163866E-01 0.195450053E-01 0.191028692E-01
 0.186879214E-01 0.182981342E-01 0.179315680E-01 0.175864018E-01 0.172609462E-01
 0.169536462E-01 0.166630771E-01 0.163879386E-01 0.161270454E-01 0.158793182E-01
 0.156437746E-01 0.154195201E-01 0.152057396E-01 0.150016901E-01 0.148066930E-01
 0.146201285E-01-0.866984049E-03-0.104346579E-02-0.110077785E-02-0.118495973E-02
-0.125844746E-02-0.131801062E-02-0.137130662E-02-0.141338709E-02-0.145752162E-02
-0.150418789E-02-0.155352632E-02-0.160549908E-02-0.165997725E-02-0.171677774E-02
-0.177567894E-02-0.183642523E-02-0.189866862E-02-0.196178609E-02-0.202516641E-02
-0.208818318E-02-0.215020476E-02-0.221060145E-02-0.226874996E-02-0.232403715E-02
-0.237586447E-02-0.242365198E-02-0.246684195E-02-0.250490196E-02-0.253732764E-02
-0.256364502E-02-0.258341278E-02-0.259622425E-02-0.260170946E-02-0.259953703E-02
-0.258941611E-02-0.257109821E-02-0.254437895E-02-0.250909961E-02-0.246514855E-02
-0.241246316E-02-0.235103396E-02-0.228090955E-02-0.220219993E-02-0.211507441E-02
-0.201974689E-02-0.191651546E-02-0.180581617E-02-0.168803778E-02-0.156314693E-02
-0.143119322E-02-0.129222768E-02-0.114626173E-02-0.993275733E-03-0.833214151E-03
-0.665982502E-03-0.491443915E-03-0.309415801E-03-0.119666743E-03 0.780862498E-04
 0.284180019E-03 0.499007098E-03 0.723017225E-03 0.956718815E-03 0.120068073E-02
 0.145553480E-02 0.172197935E-02 0.200078404E-02 0.229279595E-02 0.259894654E-02
 0.292025914E-02 0.325785637E-02 0.361296690E-02 0.398693157E-02 0.438120905E-02
 0.479738186E-02 0.523716420E-02 0.570241332E-02 0.619514641E-02 0.671756526E-02
 0.727209098E-02 0.786141117E-02 0.848854164E-02 0.915690253E-02 0.987040250E-02
 0.106776994E-01 0.117106401E-01 0.128103738E-01 0.139805649E-01 0.152296097E-01
 0.165675040E-01 0.180062904E-01 0.195607619E-01 0.212497261E-01 0.230985826E-01
 0.251453191E-01 0.274585799E-01 0.300893292E-01 0.319030620E-01 0.327692671E-01
 0.326840537E-01 0.315711097E-01 0.296987949E-01 0.281401914E-01 0.268099118E-01
 0.256462908E-01 0.246149294E-01 0.236928565E-01 0.228631027E-01 0.221123589E-01
 0.214298279E-01 0.208065829E-01 0.202351582E-01 0.197092613E-01 0.192235557E-01
 0.187734916E-01 0.183551703E-01 0.179652353E-01 0.176007833E-01 0.172592920E-01
 0.169385606E-01 0.166366607E-01 0.163518959E-01 0.160827681E-01 0.158279494E-01
 0.155862590E-01 0.153566426E-01 0.151381566E-01 0.149299535E-01 0.147312699E-01
-0.814390769E-03-0.986180667E-03-0.107806922E-02-0.115879757E-02-0.122535430E-02
-0.127753553E-02-0.132412567E-02-0.136044176E-02-0.139898841E-02-0.143957973E-02
-0.148206459E-02-0.152630192E-02-0.157213784E-02-0.161939422E-02-0.166786363E-02
-0.171730646E-02-0.176744816E-02-0.181798437E-02-0.186862325E-02-0.191879044E-02
-0.196791785E-02-0.201545347E-02-0.206084864E-02-0.210355483E-02-0.214303385E-02
-0.217876397E-02-0.221024414E-02-0.223699719E-02-0.225857257E-02-0.227454893E-02
-0.228453662E-02-0.228818029E-02-0.228516159E-02-0.227520205E-02-0.225806613E-02
-0.223356431E-02-0.220155571E-02-0.216194943E-02-0.211470221E-02-0.205980759E-02
-0.199731219E-02-0.192733863E-02-0.185011335E-02-0.176600882E-02-0.167505768E-02
-0.157730053E-02-0.147283850E-02-0.136178384E-02-0.124421943E-02-0.112021198E-02
-0.989809575E-03-0.853035395E-03-0.709882549E-03-0.560308403E-03-0.404228636E-03
-0.241511147E-03-0.719701111E-04 0.104639405E-03 0.288625787E-03 0.480363741E-03
 0.680295442E-03 0.888930075E-03 0.110684239E-02 0.133467139E-02 0.157312062E-02
 0.182296139E-02 0.208504002E-02 0.236028925E-02 0.264974297E-02 0.295455269E-02
 0.327600334E-02 0.361552598E-02 0.397470586E-02 0.435528562E-02 0.475916549E-02
 0.518840425E-02 0.564522576E-02 0.613203603E-02 0.665145496E-02 0.720636653E-02
 0.779999130E-02 0.843598785E-02 0.911860060E-02 0.985292332E-02 0.106908376E-01
 0.117700196E-01 0.129283966E-01 0.141721409E-01 0.155136402E-01 0.169684039E-01
 0.185559563E-01 0.203010987E-01 0.222355160E-01 0.243994936E-01 0.268430180E-01
 0.296281404E-01 0.327609920E-01 0.349181530E-01 0.359311763E-01 0.357456138E-01
 0.343037282E-01 0.319819220E-01 0.299880575E-01 0.282931213E-01 0.268412940E-01
 0.255866498E-01 0.244919879E-01 0.235280054E-01 0.226717955E-01 0.219053946E-01
 0.212146029E-01 0.205880836E-01 0.200166900E-01 0.194929665E-01 0.190107751E-01
 0.185650158E-01 0.181514146E-01 0.177663604E-01 0.174067801E-01 0.170700400E-01
 0.167538689E-01 0.164562965E-01 0.161756043E-01 0.159102855E-01 0.156590129E-01
 0.154206122E-01 0.151940402E-01 0.149783661E-01 0.147727570E-01-0.813240363E-03
-0.980881233E-03-0.106141350E-02-0.113586957E-02-0.119596640E-02-0.124052435E-02
-0.128073606E-02-0.131301029E-02-0.134664770E-02-0.138155607E-02-0.141761091E-02
-0.145468017E-02-0.149261869E-02-0.153126216E-02-0.157042291E-02-0.160988713E-02
-0.164941295E-02-0.168872937E-02-0.172753453E-02-0.176548660E-02-0.180222801E-02
-0.183740820E-02-0.187060735E-02-0.190130333E-02-0.192900725E-02-0.195325685E-02
-0.197361403E-02-0.198966479E-02-0.200102030E-02-0.200731880E-02-0.200822795E-02
-0.200344770E-02-0.199271362E-02-0.197580099E-02-0.195253005E-02-0.192277304E-02
-0.188646446E-02-0.184361707E-02-0.179434819E-02-0.173861625E-02-0.167638864E-02
-0.160769511E-02-0.153261338E-02-0.145124965E-02-0.136370225E-02-0.127007008E-02
-0.117045817E-02-0.106497414E-02-0.953722088E-03-0.836798483E-03-0.714287303E-03
-0.586254127E-03-0.452739111E-03-0.313748719E-03-0.169246134E-03-0.191405076E-04
 0.136724507E-03 0.298581990E-03 0.466751254E-03 0.641643659E-03 0.823762745E-03
 0.101369754E-02 0.121210968E-02 0.141971768E-02 0.163728348E-02 0.186560744E-02
 0.210553633E-02 0.235798594E-02 0.262397683E-02 0.290467811E-02 0.320145127E-02
 0.351588385E-02 0.384980250E-02 0.420525999E-02 0.458449961E-02 0.498991095E-02
 0.542399536E-02 0.588935543E-02 0.638871425E-02 0.692496293E-02 0.750123264E-02
 0.812098722E-02 0.878813095E-02 0.950712518E-02 0.103319332E-01 0.114088877E-01
 0.125645647E-01 0.138055379E-01 0.151442773E-01 0.165959864E-01 0.181795208E-01
 0.199186969E-01 0.218442534E-01 0.239970143E-01 0.264338973E-01 0.292438018E-01
 0.324393573E-01 0.346694686E-01 0.356986011E-01 0.355263945E-01 0.340715205E-01
 0.317026557E-01 0.297221026E-01 0.280669030E-01 0.266556811E-01 0.254357346E-01
 0.243691501E-01 0.234274866E-01 0.225889279E-01 0.218364717E-01 0.211566883E-01
 0.205388402E-01 0.199742441E-01 0.194558047E-01 0.189776661E-01 0.185349520E-01
 0.181235669E-01 0.177400443E-01 0.173814288E-01 0.170451834E-01 0.167291171E-01
 0.164313265E-01 0.161501491E-01 0.158841252E-01 0.156319676E-01 0.153925360E-01
 0.151648158E-01 0.149479012E-01 0.147409801E-01-0.843335096E-03-0.100915072E-02
-0.104939051E-02-0.111778377E-02-0.117266336E-02-0.121082663E-02-0.124546556E-02
-0.127391382E-02-0.130286070E-02-0.133230272E-02-0.136220821E-02-0.139250530E-02
-0.142308827E-02-0.145382287E-02-0.148454903E-02-0.151508201E-02-0.154521291E-02
-0.157470916E-02-0.160331496E-02-0.163075220E-02-0.165672321E-02-0.168091225E-02
-0.170298261E-02-0.172257931E-02-0.173934286E-02-0.175291766E-02-0.176295766E-02
-0.176913058E-02-0.177112139E-02-0.176863544E-02-0.176140128E-02-0.174917355E-02
-0.173173568E-02-0.170890255E-02-0.168052303E-02-0.164648203E-02-0.160670149E-02
-0.156113905E-02-0.150978152E-02-0.145262756E-02-0.138969343E-02-0.132101923E-02
-0.124666951E-02-0.116673022E-02-0.108130416E-02-0.990508848E-03-0.894475008E-03
-0.793344538E-03-0.687267734E-03-0.576399946E-03-0.460897290E-03-0.340910993E-03
-0.216579808E-03-0.880198155E-04 0.446892268E-04 0.181521833E-03 0.322529602E-03
 0.467868543E-03 0.617828509E-03 0.772858875E-03 0.933580358E-03 0.110077069E-02
 0.127531670E-02 0.145813943E-02 0.165011630E-02 0.185203057E-02 0.206456857E-02
 0.228836816E-02 0.252411113E-02 0.277265022E-02 0.303515876E-02 0.331327581E-02
 0.360919071E-02 0.392559564E-02 0.426548516E-02 0.463188932E-02 0.502767805E-02
 0.545550356E-02 0.591784863E-02 0.641711611E-02 0.695571938E-02 0.753616939E-02
 0.816118510E-02 0.883387224E-02 0.960733523E-02 0.106278083E-01 0.117172019E-01
 0.128790141E-01 0.141217397E-01 0.154548959E-01 0.168889773E-01 0.184355176E-01
 0.201073266E-01 0.219190341E-01 0.238878842E-01 0.260329957E-01 0.282841835E-01
 0.299373010E-01 0.307900376E-01 0.308251727E-01 0.300219119E-01 0.286310045E-01
 0.273390952E-01 0.261843734E-01 0.251477799E-01 0.242125281E-01 0.233648928E-01
 0.225935376E-01 0.218889308E-01 0.212429629E-01 0.206486914E-01 0.201001529E-01
 0.195922139E-01 0.191204453E-01 0.186810173E-01 0.182706087E-01 0.178863309E-01
 0.175256630E-01 0.171863981E-01 0.168665969E-01 0.165645491E-01 0.162787419E-01
 0.160078317E-01 0.157506217E-01 0.155060420E-01 0.152731336E-01 0.150510337E-01
 0.148389642E-01 0.146362214E-01-0.792174483E-03-0.955363115E-03-0.103693464E-02
-0.110683804E-02-0.116038995E-02-0.119472798E-02-0.122394126E-02-0.124678590E-02
-0.127004041E-02-0.129353338E-02-0.131714786E-02-0.134078080E-02-0.136432043E-02
-0.138763862E-02-0.141058865E-02-0.143300472E-02-0.145470231E-02-0.147547879E-02
-0.149511432E-02-0.151337311E-02-0.153000492E-02-0.154474692E-02-0.155732566E-02
-0.156746019E-02-0.157486627E-02-0.157926079E-02-0.158036572E-02-0.157791179E-02
-0.157164178E-02-0.156131345E-02-0.154670224E-02-0.152760378E-02-0.150383609E-02
-0.147524151E-02-0.144168829E-02-0.140307172E-02-0.135931450E-02-0.131036634E-02
-0.125620270E-02-0.119682301E-02-0.113225064E-02-0.106253341E-02-0.987743856E-03
-0.907979096E-03-0.823360503E-03-0.734033483E-03-0.640167403E-03-0.541955530E-03
-0.439614857E-03-0.333385660E-03-0.223530546E-03-0.110332536E-03 0.590851200E-05
 0.124882328E-03 0.246279448E-03 0.369810404E-03 0.495237938E-03 0.622429714E-03
 0.751440758E-03 0.882631041E-03 0.101680210E-02 0.115528187E-02 0.129982476E-02
 0.145224982E-02 0.161398015E-02 0.178577875E-02 0.196777536E-02 0.215965329E-02
 0.236086623E-02 0.257086742E-02 0.278944188E-02 0.301731854E-02 0.325715569E-02
 0.351419270E-02 0.379493969E-02 0.410467639E-02 0.444666234E-02 0.482286509E-02
 0.523472546E-02 0.568353360E-02 0.617051877E-02 0.669673431E-02 0.726276316E-02
 0.786837491E-02 0.856251304E-02 0.948850980E-02 0.104649534E-01 0.114938532E-01
 0.125807965E-01 0.137299871E-01 0.149434121E-01 0.162194503E-01 0.175502922E-01
 0.189174902E-01 0.202854479E-01 0.215949027E-01 0.227626492E-01 0.236971992E-01
 0.243283135E-01 0.246287286E-01 0.246201648E-01 0.243669636E-01 0.239523164E-01
 0.234484250E-01 0.229042784E-01 0.223493831E-01 0.218006752E-01 0.212675859E-01
 0.207551154E-01 0.202656288E-01 0.197999142E-01 0.193578190E-01 0.189386407E-01
 0.185413703E-01 0.181648443E-01 0.178078398E-01 0.174691331E-01 0.171475354E-01
 0.168419124E-01 0.165511954E-01 0.162743853E-01 0.160105535E-01 0.157588393E-01
 0.155184475E-01 0.152886440E-01 0.150687514E-01 0.148581448E-01 0.146562478E-01
 0.144625281E-01-0.791260295E-03-0.952154658E-03-0.102725578E-02-0.109655214E-02
-0.117089071E-02-0.119381821E-02-0.121226555E-02-0.122999656E-02-0.124751294E-02
-0.126493218E-02-0.128222487E-02-0.129930693E-02-0.131606809E-02-0.133238042E-02
-0.134810101E-02-0.136307298E-02-0.137712594E-02-0.139007667E-02-0.140172975E-02
-0.141187866E-02-0.142030699E-02-0.142679007E-02-0.143109682E-02-0.143299205E-02
-0.143223893E-02-0.142860178E-02-0.142184882E-02-0.141175478E-02-0.139810357E-02
-0.138069065E-02-0.135932535E-02-0.133383293E-02-0.130405652E-02-0.126985884E-02
-0.123112367E-02-0.118775707E-02-0.113968833E-02-0.108687070E-02-0.102928192E-02
-0.966924728E-03-0.899827585E-03-0.828045618E-03-0.751661706E-03-0.670787728E-03
-0.585566031E-03-0.496171210E-03-0.402812280E-03-0.305735336E-03-0.205226803E-03
-0.101617394E-03 0.471307352E-05 0.113329832E-03 0.223736133E-03 0.335364944E-03
 0.447569539E-03 0.559613963E-03 0.670666458E-03 0.779804883E-03 0.886059873E-03
 0.988570702E-03 0.108707513E-02 0.118328775E-02 0.128316239E-02 0.139496483E-02
 0.152257511E-02 0.166525800E-02 0.182059063E-02 0.198580294E-02 0.215795313E-02
 0.233365907E-02 0.250845324E-02 0.267540972E-02 0.282187204E-02 0.295232562E-02
 0.314244938E-02 0.338152993E-02 0.366258810E-02 0.398088666E-02 0.433666940E-02
 0.472876409E-02 0.515814568E-02 0.562709444E-02 0.613622562E-02 0.669061033E-02
 0.732532801E-02 0.810861409E-02 0.892616420E-02 0.978469825E-02 0.106884956E-01
 0.116386876E-01 0.126363704E-01 0.136803465E-01 0.147684064E-01 0.158962639E-01
 0.170502843E-01 0.181235869E-01 0.190444027E-01 0.197967435E-01 0.203706154E-01
 0.207647988E-01 0.209889851E-01 0.210628317E-01 0.210123347E-01 0.208651907E-01
 0.206470114E-01 0.203793018E-01 0.200789998E-01 0.197589049E-01 0.194284301E-01
 0.190943641E-01 0.187615217E-01 0.184332572E-01 0.181118545E-01 0.177988180E-01
 0.174950871E-01 0.172011937E-01 0.169173778E-01 0.166436724E-01 0.163799650E-01
 0.161260431E-01 0.158816273E-01 0.156463954E-01 0.154199999E-01 0.152020802E-01
 0.149922725E-01 0.147902153E-01 0.145955544E-01 0.144079457E-01 0.142270572E-01
-0.825251939E-03-0.983842794E-03-0.101167400E-02-0.107165162E-02-0.114096783E-02
-0.120074055E-02-0.121201036E-02-0.122276190E-02-0.123392130E-02-0.124510835E-02
-0.125615134E-02-0.126690491E-02-0.127722865E-02-0.128698017E-02-0.129601162E-02
-0.130416790E-02-0.131128575E-02-0.131719347E-02-0.132171118E-02-0.132465134E-02
-0.132581976E-02-0.132501675E-02-0.132203861E-02-0.131667924E-02-0.130873206E-02
-0.129799187E-02-0.128425688E-02-0.126733077E-02-0.124702464E-02-0.122315899E-02
-0.119556558E-02-0.116408924E-02-0.112858959E-02-0.108894259E-02-0.104504212E-02
-0.996801305E-03-0.944153928E-03-0.887055660E-03-0.825485372E-03-0.759446491E-03
-0.688968502E-03-0.614108644E-03-0.534953873E-03-0.451623139E-03-0.364270077E-03
-0.273086224E-03-0.178304913E-03-0.802060294E-04 0.208780804E-04 0.124555195E-03
 0.230363734E-03 0.337760380E-03 0.446103546E-03 0.554630615E-03 0.662425545E-03
 0.768370780E-03 0.871072217E-03 0.968734570E-03 0.105893726E-02 0.113818754E-02
 0.120090368E-02 0.123682473E-02 0.125188765E-02 0.133115346E-02 0.144633793E-02
 0.158349829E-02 0.173392091E-02 0.189363488E-02 0.206055736E-02 0.222996293E-02
 0.239990528E-02 0.256745526E-02 0.273210210E-02 0.290367111E-02 0.310026284E-02
 0.332712857E-02 0.358774725E-02 0.387929757E-02 0.420180081E-02 0.455803326E-02
 0.494629738E-02 0.537084483E-02 0.583384855E-02 0.633985431E-02 0.689377348E-02
 0.749875144E-02 0.814828567E-02 0.884084382E-02 0.957211950E-02 0.103401461E-01
 0.111479319E-01 0.119930120E-01 0.128804679E-01 0.138206750E-01 0.148359306E-01
 0.157681778E-01 0.165494716E-01 0.171977985E-01 0.177210548E-01 0.181253488E-01
 0.184180215E-01 0.186086248E-01 0.187087211E-01 0.187310631E-01 0.186886059E-01
 0.185936574E-01 0.184573134E-01 0.182891826E-01 0.180973370E-01 0.178884041E-01
 0.176677315E-01 0.174395745E-01 0.172072812E-01 0.169734582E-01 0.167401144E-01
 0.165087806E-01 0.162806080E-01 0.160564473E-01 0.158369133E-01 0.156224353E-01
 0.154132980E-01 0.152096733E-01 0.150116461E-01 0.148192339E-01 0.146324031E-01
 0.144510812E-01 0.142751669E-01 0.141045374E-01 0.139390552E-01-0.767205717E-03
-0.920086801E-03-0.988829302E-03-0.104482169E-02-0.110637091E-02-0.117357757E-02
-0.121495776E-02-0.122034434E-02-0.122602172E-02-0.123155641E-02-0.123685179E-02
-0.124177001E-02-0.124617137E-02-0.124991491E-02-0.125285594E-02-0.125484435E-02
-0.125572360E-02-0.125533047E-02-0.125349529E-02-0.125004250E-02-0.124479156E-02
-0.123755801E-02-0.122815469E-02-0.121639308E-02-0.120208477E-02-0.118504289E-02
-0.116508373E-02-0.114202821E-02-0.111570354E-02-0.108594473E-02-0.105259615E-02
-0.101551307E-02-0.974563154E-03-0.929627940E-03-0.880604322E-03-0.827406007E-03
-0.769965001E-03-0.708233139E-03-0.642183697E-03-0.571813124E-03-0.497142953E-03
-0.418221933E-03-0.335128453E-03-0.247973320E-03-0.156902980E-03-0.621032837E-04
 0.361960736E-04 0.137716266E-03 0.242122996E-03 0.349018800E-03 0.457933613E-03
 0.568313043E-03 0.679503618E-03 0.790733946E-03 0.901090427E-03 0.100948575E-02
 0.111461855E-02 0.121492441E-02 0.130852689E-02 0.139322693E-02 0.146666759E-02
 0.152711225E-02 0.163396586E-02 0.180735978E-02 0.198217049E-02 0.216174810E-02
 0.234698698E-02 0.253765615E-02 0.273318571E-02 0.293309612E-02 0.313732869E-02
 0.334660017E-02 0.356273597E-02 0.378867944E-02 0.402794624E-02 0.428378889E-02
 0.455875001E-02 0.485470915E-02 0.517316126E-02 0.551546010E-02 0.588296692E-02
 0.627711116E-02 0.669933330E-02 0.715093035E-02 0.763274575E-02 0.814487323E-02
 0.868654207E-02 0.925630349E-02 0.985227101E-02 0.104722081E-01 0.111134062E-01
 0.117722635E-01 0.124433699E-01 0.131175774E-01 0.137792074E-01 0.144064910E-01
 0.149793925E-01 0.154855506E-01 0.159192368E-01 0.162789634E-01 0.165660671E-01
 0.167839450E-01 0.169375222E-01 0.170327748E-01 0.170762753E-01 0.170747831E-01
 0.170349096E-01 0.169628739E-01 0.168643487E-01 0.167443828E-01 0.166073826E-01
 0.164571341E-01 0.162968485E-01 0.161292210E-01 0.159564931E-01 0.157805144E-01
 0.156028000E-01 0.154245816E-01 0.152468535E-01 0.150704112E-01 0.148958856E-01
 0.147237708E-01 0.145544484E-01 0.143882072E-01 0.142252599E-01 0.140657570E-01
 0.139097982E-01 0.137574419E-01 0.136087130E-01-0.760338561E-03-0.908830953E-03
-0.969636749E-03-0.101939526E-02-0.107433459E-02-0.113503109E-02-0.120237590E-02
-0.122006173E-02-0.122162958E-02-0.122220934E-02-0.122240018E-02-0.122209561E-02
-0.122118249E-02-0.121954039E-02-0.121703940E-02-0.121353983E-02-0.120889286E-02
-0.120294146E-02-0.119552173E-02-0.118646411E-02-0.117559474E-02-0.116273666E-02
-0.114771104E-02-0.113033834E-02-0.111043946E-02-0.108783697E-02-0.106235618E-02
-0.103382645E-02-0.100208232E-02-0.966964781E-03-0.928322484E-03-0.886013034E-03
-0.839904255E-03-0.789875498E-03-0.735818983E-03-0.677641190E-03-0.615264311E-03
-0.548627794E-03-0.477689991E-03-0.402429964E-03-0.322849457E-03-0.238975097E-03
-0.150860850E-03-0.585907869E-04 0.377178004E-04 0.137910868E-03 0.241793636E-03
 0.349126094E-03 0.459617961E-03 0.572923084E-03 0.688633302E-03 0.806271922E-03
 0.925287093E-03 0.104504576E-02 0.116482946E-02 0.128383443E-02 0.140118047E-02
 0.151593638E-02 0.162717423E-02 0.173406890E-02 0.183605342E-02 0.193300048E-02
 0.208503488E-02 0.230832754E-02 0.253127837E-02 0.275504783E-02 0.298047895E-02
 0.320811543E-02 0.343832536E-02 0.367146142E-02 0.390801168E-02 0.414871506E-02
 0.439461791E-02 0.464705331E-02 0.490754792E-02 0.517769401E-02 0.545903818E-02
 0.575301850E-02 0.606094718E-02 0.638401574E-02 0.672329746E-02 0.707973004E-02
 0.745407033E-02 0.784682292E-02 0.825815386E-02 0.868780829E-02 0.913504814E-02
 0.959860971E-02 0.100766611E-01 0.105667292E-01 0.110655729E-01 0.115689952E-01
 0.120716302E-01 0.125668136E-01 0.130467353E-01 0.135030472E-01 0.139278265E-01
 0.143144873E-01 0.146582870E-01 0.149564064E-01 0.152077754E-01 0.154128013E-01
 0.155730790E-01 0.156911083E-01 0.157700296E-01 0.158133852E-01 0.158249126E-01
 0.158083748E-01 0.157674297E-01 0.157055363E-01 0.156258948E-01 0.155314128E-01
 0.154246942E-01 0.153080419E-01 0.151834721E-01 0.150527345E-01 0.149173359E-01
 0.147785652E-01 0.146375182E-01 0.144951209E-01 0.143521512E-01 0.142092590E-01
 0.140669837E-01 0.139257697E-01 0.137859803E-01 0.136479096E-01 0.135117930E-01
 0.133778157E-01 0.132461210E-01-0.799385001E-03-0.945994694E-03-0.953734476E-03
-0.995933399E-03-0.104480244E-02-0.109874127E-02-0.115741591E-02-0.121477946E-02
-0.122000948E-02-0.121573051E-02-0.121130559E-02-0.120630464E-02-0.120064684E-02
-0.119423875E-02-0.118696451E-02-0.117868940E-02-0.116926430E-02-0.115852976E-02
-0.114631917E-02-0.113246117E-02-0.111678136E-02-0.109910355E-02-0.107925077E-02
-0.105704611E-02-0.103231354E-02-0.100487863E-02-0.974569396E-03-0.941217073E-03
-0.904656999E-03-0.864729489E-03-0.821280773E-03-0.774163973E-03-0.723240118E-03
-0.668379224E-03-0.609461419E-03-0.546378143E-03-0.479033434E-03-0.407345306E-03
-0.331247250E-03-0.250689878E-03-0.165642722E-03-0.760962345E-04 0.179360079E-04
 0.116414859E-03 0.219272908E-03 0.326411521E-03 0.437697634E-03 0.552960317E-03
 0.671987198E-03 0.794520859E-03 0.920255431E-03 0.104883374E-02 0.117984554E-02
 0.131282759E-02 0.144726676E-02 0.158260759E-02 0.171826621E-02 0.185365231E-02
 0.198820023E-02 0.212140776E-02 0.225287588E-02 0.238231994E-02 0.257041125E-02
 0.283262254E-02 0.309480787E-02 0.335711408E-02 0.361963839E-02 0.388244568E-02
 0.414559036E-02 0.440915733E-02 0.467330992E-02 0.493833217E-02 0.520465571E-02
 0.547286615E-02 0.574368952E-02 0.601796396E-02 0.629660396E-02 0.658056355E-02
 0.687080072E-02 0.716824247E-02 0.747374762E-02 0.778806494E-02 0.811178545E-02
 0.844528980E-02 0.878869364E-02 0.914179414E-02 0.950402038E-02 0.987438799E-02
 0.102514575E-01 0.106332953E-01 0.110174411E-01 0.114008912E-01 0.117801163E-01
 0.121511381E-01 0.125096845E-01 0.128514215E-01 0.131722317E-01 0.134684839E-01
 0.137372430E-01 0.139763905E-01 0.141846575E-01 0.143615885E-01 0.145074574E-01
 0.146231574E-01 0.147100787E-01 0.147699855E-01 0.148048997E-01 0.148169964E-01
 0.148085150E-01 0.147816864E-01 0.147386770E-01 0.146815475E-01 0.146122255E-01
 0.145324885E-01 0.144439568E-01 0.143480923E-01 0.142462024E-01 0.141394482E-01
 0.140288532E-01 0.139153147E-01 0.137996147E-01 0.136824317E-01 0.135643506E-01
 0.134458741E-01 0.133274312E-01 0.132093864E-01 0.130920478E-01 0.129756734E-01
 0.128604786E-01-0.739250268E-03-0.880387556E-03-0.934449102E-03-0.974360368E-03
-0.101787535E-02-0.106570643E-02-0.111776026E-02-0.117388102E-02-0.121813648E-02
-0.121069120E-02-0.120205178E-02-0.119270698E-02-0.118280808E-02-0.117227599E-02
-0.116097192E-02-0.114872967E-02-0.113537138E-02-0.112071538E-02-0.110457947E-02
-0.108678212E-02-0.106714276E-02-0.104548187E-02-0.102162088E-02-0.995382293E-03
-0.966589777E-03-0.935068430E-03-0.900645115E-03-0.863148877E-03-0.822411437E-03
-0.778267756E-03-0.730556655E-03-0.679121494E-03-0.623810906E-03-0.564479592E-03
-0.500989178E-03-0.433209140E-03-0.361017814E-03-0.284303495E-03-0.202965649E-03
-0.116916241E-03-0.260812175E-04 0.695978612E-04 0.170162004E-03 0.275632778E-03
 0.386010098E-03 0.501269806E-03 0.621361059E-03 0.746203555E-03 0.875684649E-03
 0.100965647E-02 0.114793314E-02 0.129028841E-02 0.143645381E-02 0.158611781E-02
 0.173892630E-02 0.189448484E-02 0.205236278E-02 0.221209944E-02 0.237321173E-02
 0.253520203E-02 0.269756401E-02 0.285977591E-02 0.308316533E-02 0.338292214E-02
 0.368298416E-02 0.398279375E-02 0.428175363E-02 0.457925057E-02 0.487467943E-02
 0.516747606E-02 0.545715625E-02 0.574335542E-02 0.602586389E-02 0.630465332E-02
 0.657989092E-02 0.685194005E-02 0.712134700E-02 0.738881475E-02 0.765516571E-02
 0.792129518E-02 0.818811823E-02 0.845651230E-02 0.872725845E-02 0.900098379E-02
 0.927810767E-02 0.955879394E-02 0.984291072E-02 0.101299993E-01 0.104192529E-01
 0.107095079E-01 0.109992484E-01 0.112866286E-01 0.115695172E-01 0.118455642E-01
 0.121122933E-01 0.123672115E-01 0.126079284E-01 0.128322708E-01 0.130383808E-01
 0.132247862E-01 0.133904412E-01 0.135347366E-01 0.136574841E-01 0.137588809E-01
 0.138394615E-01 0.139000406E-01 0.139416546E-01 0.139655035E-01 0.139728971E-01
 0.139652070E-01 0.139438260E-01 0.139101343E-01 0.138654730E-01 0.138111244E-01
 0.137482984E-01 0.136781229E-01 0.136016394E-01 0.135198014E-01 0.134334750E-01
 0.133434419E-01 0.132504035E-01 0.131549854E-01 0.130577429E-01 0.129591668E-01
 0.128596886E-01 0.127596862E-01 0.126594889E-01 0.125593825E-01 0.124596136E-01
-0.732547795E-03-0.870488743E-03-0.919869622E-03-0.955336392E-03-0.993881546E-03
-0.103604600E-02-0.108168805E-02-0.113072560E-02-0.118447080E-02-0.120487035E-02
-0.119210492E-02-0.117853339E-02-0.116515682E-02-0.115152661E-02-0.113729153E-02
-0.112217387E-02-0.110593853E-02-0.108837502E-02-0.106928732E-02-0.104848796E-02
-0.102579459E-02-0.100102774E-02-0.974009684E-03-0.944563581E-03-0.912513156E-03
-0.877682510E-03-0.839896141E-03-0.798979068E-03-0.754757059E-03-0.707056922E-03
-0.655706852E-03-0.600536838E-03-0.541379107E-03-0.478068621E-03-0.410443619E-03
-0.338346210E-03-0.261623038E-03-0.180126005E-03-0.937130885E-04-0.224925691E-05
 0.943925013E-04 0.196330008E-03 0.303670566E-03 0.416509455E-03 0.534928210E-03
 0.658992682E-03 0.788750832E-03 0.924230256E-03 0.106543541E-02 0.121234453E-02
 0.136490617E-02 0.152303552E-02 0.168661018E-02 0.185546574E-02 0.202939073E-02
 0.220812121E-02 0.239133449E-02 0.257864212E-02 0.276958169E-02 0.296360729E-02
 0.316007933E-02 0.335826072E-02 0.362015444E-02 0.396073589E-02 0.430214023E-02
 0.464310603E-02 0.498226566E-02 0.531816207E-02 0.564929047E-02 0.597415572E-02
 0.629134187E-02 0.659958860E-02 0.689786759E-02 0.718545018E-02 0.746195837E-02
 0.772739202E-02 0.798212836E-02 0.822689298E-02 0.846270517E-02 0.869080319E-02
 0.891255719E-02 0.912937749E-02 0.934262574E-02 0.955353467E-02 0.976314043E-02
 0.997222967E-02 0.101813022E-01 0.103905486E-01 0.105998431E-01 0.108087489E-01
 0.110165373E-01 0.112222186E-01 0.114245847E-01 0.116222615E-01 0.118137695E-01
 0.119975902E-01 0.121722323E-01 0.123362960E-01 0.124885280E-01 0.126278670E-01
 0.127534742E-01 0.128647510E-01 0.129613430E-01 0.130431325E-01 0.131102214E-01
 0.131629077E-01 0.132016577E-01 0.132270759E-01 0.132398745E-01 0.132408449E-01
 0.132308307E-01 0.132107039E-01 0.131813449E-01 0.131436252E-01 0.130983941E-01
 0.130464682E-01 0.129886234E-01 0.129255904E-01 0.128580506E-01 0.127866351E-01
 0.127119244E-01 0.126344493E-01 0.125546923E-01 0.124730899E-01 0.123900352E-01
 0.123058805E-01 0.122209404E-01 0.121354945E-01 0.120497903E-01-0.786074573E-03
-0.920474315E-03-0.910077268E-03-0.939522371E-03-0.973791264E-03-0.101112000E-02
-0.105110237E-02-0.109325286E-02-0.113670634E-02-0.117785640E-02-0.117170401E-02
-0.115847329E-02-0.114471274E-02-0.113021520E-02-0.111477748E-02-0.109820833E-02
-0.108032771E-02-0.106096271E-02-0.103994413E-02-0.101710425E-02-0.992275363E-03
-0.965288910E-03-0.935974915E-03-0.904161682E-03-0.869675636E-03-0.832341271E-03
-0.791981164E-03-0.748416051E-03-0.701464925E-03-0.650945171E-03-0.596672711E-03
-0.538462165E-03-0.476127032E-03-0.409479874E-03-0.338332521E-03-0.262496290E-03
-0.181782240E-03-0.960014460E-04-0.496533193E-05 0.915139438E-04 0.193623022E-03
 0.301546777E-03 0.415467618E-03 0.535564635E-03 0.662012528E-03 0.794980288E-03
 0.934629539E-03 0.108111248E-02 0.123456933E-02 0.139512508E-02 0.156288548E-02
 0.173793200E-02 0.192031551E-02 0.211004837E-02 0.230709456E-02 0.251135738E-02
 0.272266437E-02 0.294074873E-02 0.316522720E-02 0.339557395E-02 0.363109202E-02
 0.387090021E-02 0.417774445E-02 0.456642941E-02 0.495727678E-02 0.534824481E-02
 0.573701281E-02 0.612098635E-02 0.649735999E-02 0.686321880E-02 0.721567609E-02
 0.755203947E-02 0.786998999E-02 0.816775258E-02 0.844423374E-02 0.869910465E-02
 0.893281586E-02 0.914654083E-02 0.934205790E-02 0.952158906E-02 0.968761885E-02
 0.984271554E-02 0.998937221E-02 0.101298786E-01 0.102662281E-01 0.104000584E-01
 0.105326221E-01 0.106647822E-01 0.107970253E-01 0.109294889E-01 0.110619985E-01
 0.111941111E-01 0.113251635E-01 0.114543228E-01 0.115806379E-01 0.117030905E-01
 0.118206434E-01 0.119322852E-01 0.120370690E-01 0.121341450E-01 0.122227849E-01
 0.123023990E-01 0.123725452E-01 0.124329318E-01 0.124834130E-01 0.125239807E-01
 0.125547520E-01 0.125759540E-01 0.125879073E-01 0.125910096E-01 0.125857185E-01
 0.125725360E-01 0.125519943E-01 0.125246427E-01 0.124910363E-01 0.124517271E-01
 0.124072560E-01 0.123581467E-01 0.123049012E-01 0.122479963E-01 0.121878811E-01
 0.121249760E-01 0.120596720E-01 0.119923306E-01 0.119232841E-01 0.118528370E-01
 0.117812667E-01 0.117088250E-01 0.116357393E-01-0.720806664E-03-0.854109701E-03
-0.898051721E-03-0.927251339E-03-0.958658001E-03-0.992743607E-03-0.102925222E-02
-0.106785103E-02-0.110819160E-02-0.114970589E-02-0.114739457E-02-0.113647809E-02
-0.112396530E-02-0.110996997E-02-0.109451273E-02-0.107755084E-02-0.105900191E-02
-0.103875846E-02-0.101669633E-02-0.992679551E-03-0.966563147E-03-0.938194812E-03
-0.907415970E-03-0.874062446E-03-0.837964910E-03-0.798949170E-03-0.756836374E-03
-0.711443130E-03-0.662581584E-03-0.610059436E-03-0.553679929E-03-0.493241790E-03
-0.428539140E-03-0.359361372E-03-0.285492988E-03-0.206713416E-03-0.122796793E-03
-0.335117348E-04 0.613789132E-04 0.162118328E-03 0.268955944E-03 0.382147663E-03
 0.501956003E-03 0.628650150E-03 0.762505871E-03 0.903805220E-03 0.105283594E-02
 0.120989049E-02 0.137526443E-02 0.154925419E-02 0.173215363E-02 0.192424942E-02
 0.212581447E-02 0.233709908E-02 0.255831902E-02 0.278963962E-02 0.303115494E-02
 0.328286073E-02 0.354461991E-02 0.381611911E-02 0.409681583E-02 0.438588559E-02
 0.474704696E-02 0.519513071E-02 0.564871151E-02 0.610497568E-02 0.656044949E-02
 0.701096637E-02 0.745171832E-02 0.787740226E-02 0.828247786E-02 0.866153462E-02
 0.900973696E-02 0.932328507E-02 0.959980874E-02 0.983861241E-02 0.100407179E-01
 0.102086969E-01 0.103463339E-01 0.104581937E-01 0.105491761E-01 0.106241247E-01
 0.106875290E-01 0.107433319E-01 0.107948303E-01 0.108446500E-01 0.108947701E-01
 0.109465783E-01 0.110009417E-01 0.110582825E-01 0.111186526E-01 0.111818044E-01
 0.112472555E-01 0.113143482E-01 0.113823018E-01 0.114502603E-01 0.115173335E-01
 0.115826331E-01 0.116453034E-01 0.117045458E-01 0.117596386E-01 0.118099515E-01
 0.118549544E-01 0.118942223E-01 0.119274361E-01 0.119543799E-01 0.119749352E-01
 0.119890732E-01 0.119968459E-01 0.119983760E-01 0.119938461E-01 0.119834887E-01
 0.119675759E-01 0.119464097E-01 0.119203142E-01 0.118896267E-01 0.118546921E-01
 0.118158564E-01 0.117734620E-01 0.117278438E-01 0.116793264E-01 0.116282208E-01
 0.115748237E-01 0.115194155E-01 0.114622597E-01 0.114036029E-01 0.113436741E-01
 0.112826856E-01 0.112208331E-01-0.715895761E-03-0.847837907E-03-0.891148838E-03
-0.918729246E-03-0.948298000E-03-0.980519079E-03-0.101525680E-02-0.105234176E-02
-0.109161867E-02-0.113262639E-02-0.113039868E-02-0.111982434E-02-0.110769828E-02
-0.109399982E-02-0.107869566E-02-0.106173335E-02-0.104304038E-02-0.102252586E-02
-0.100008308E-02-0.975591842E-03-0.948920389E-03-0.919926941E-03-0.888460789E-03
-0.854363094E-03-0.817467440E-03-0.777600201E-03-0.734580747E-03-0.688221536E-03
-0.638328092E-03-0.584698893E-03-0.527125167E-03-0.465390614E-03-0.399271030E-03
-0.328533865E-03-0.252937687E-03-0.172231562E-03-0.861543454E-04 0.556610820E-05
 0.103213838E-03 0.207085752E-03 0.317492690E-03 0.434760569E-03 0.559231598E-03
 0.691265544E-03 0.831241012E-03 0.979556716E-03 0.113663265E-02 0.130291110E-02
 0.147885731E-02 0.166495973E-02 0.186172946E-02 0.206969863E-02 0.228941725E-02
 0.252144781E-02 0.276635679E-02 0.302470197E-02 0.329701369E-02 0.358376827E-02
 0.388535046E-02 0.420200141E-02 0.453374705E-02 0.488029108E-02 0.530683845E-02
 0.582884760E-02 0.636371951E-02 0.690833508E-02 0.745824014E-02 0.800741003E-02
 0.854808489E-02 0.907079856E-02 0.956472917E-02 0.100184708E-01 0.104212194E-01
 0.107641966E-01 0.110419776E-01 0.112533427E-01 0.114013881E-01 0.114928692E-01
 0.115369978E-01 0.115440571E-01 0.115241808E-01 0.114864994E-01 0.114386891E-01
 0.113868458E-01 0.113355687E-01 0.112881504E-01 0.112468008E-01 0.112128640E-01
 0.111870098E-01 0.111693934E-01 0.111597839E-01 0.111576680E-01 0.111623317E-01
 0.111729245E-01 0.111885120E-01 0.112081167E-01 0.112307521E-01 0.112554492E-01
 0.112812787E-01 0.113073676E-01 0.113329121E-01 0.113571874E-01 0.113795533E-01
 0.113994576E-01 0.114164367E-01 0.114301141E-01 0.114401966E-01 0.114464699E-01
 0.114487924E-01 0.114470884E-01 0.114413411E-01 0.114315848E-01 0.114178980E-01
 0.114003959E-01 0.113792239E-01 0.113545512E-01 0.113265650E-01 0.112954656E-01
 0.112614615E-01 0.112247659E-01 0.111855932E-01 0.111441560E-01 0.111006631E-01
 0.110553173E-01 0.110083143E-01 0.109598413E-01 0.109100766E-01 0.108591886E-01
 0.108073357E-01-0.764573559E-03-0.897510777E-03-0.889303469E-03-0.913277149E-03
-0.941640749E-03-0.972788622E-03-0.100654309E-02-0.104278755E-02-0.108141361E-02
-0.112197650E-02-0.111958832E-02-0.110902722E-02-0.109703371E-02-0.108353514E-02
-0.106845697E-02-0.105171861E-02-0.103323095E-02-0.101289499E-02-0.990601354E-03
-0.966230350E-03-0.939652291E-03-0.910727897E-03-0.879308699E-03-0.845237357E-03
-0.808347898E-03-0.768465836E-03-0.725408191E-03-0.678983398E-03-0.628991102E-03
-0.575221852E-03-0.517456685E-03-0.455466592E-03-0.389011871E-03-0.317841361E-03
-0.241691536E-03-0.160285463E-03-0.733316152E-04 0.194774845E-04 0.118466796E-03
 0.223980483E-03 0.336383839E-03 0.456065445E-03 0.583439562E-03 0.718948780E-03
 0.863066950E-03 0.101630239E-02 0.117920139E-02 0.135235200E-02 0.153638807E-02
 0.173199354E-02 0.193990685E-02 0.216092532E-02 0.239590929E-02 0.264578569E-02
 0.291155040E-02 0.319426850E-02 0.349507120E-02 0.381514718E-02 0.415572532E-02
 0.451804386E-02 0.490329777E-02 0.531254098E-02 0.581335111E-02 0.642308329E-02
 0.705984466E-02 0.772204656E-02 0.840614371E-02 0.910572193E-02 0.981035241E-02
 0.105044441E-01 0.111666445E-01 0.117706977E-01 0.122885962E-01 0.126958576E-01
 0.129772426E-01 0.131305763E-01 0.131670787E-01 0.131080700E-01 0.129794756E-01
 0.128064875E-01 0.126101856E-01 0.124064075E-01 0.122061094E-01 0.120163392E-01
 0.118412720E-01 0.116830784E-01 0.115425765E-01 0.114196951E-01 0.113137914E-01
 0.112238658E-01 0.111487062E-01 0.110869844E-01 0.110373211E-01 0.109983296E-01
 0.109686466E-01 0.109469534E-01 0.109319905E-01 0.109225690E-01 0.109175779E-01
 0.109159894E-01 0.109168626E-01 0.109193452E-01 0.109226737E-01 0.109261727E-01
 0.109292529E-01 0.109314081E-01 0.109322108E-01 0.109313082E-01 0.109284168E-01
 0.109233167E-01 0.109158460E-01 0.109058947E-01 0.108933989E-01 0.108783349E-01
 0.108607140E-01 0.108405766E-01 0.108179883E-01 0.107930342E-01 0.107658158E-01
 0.107364468E-01 0.107050501E-01 0.106717545E-01 0.106366930E-01 0.105999998E-01
 0.105618091E-01 0.105222537E-01 0.104814631E-01 0.104395633E-01 0.103966758E-01
-0.714192348E-03-0.844551792E-03-0.884218505E-03-0.909849277E-03-0.937705396E-03
-0.968290401E-03-0.100154218E-02-0.103737376E-02-0.107569726E-02-0.111608472E-02
-0.111373662E-02-0.110336033E-02-0.109166399E-02-0.107855806E-02-0.106395057E-02
-0.104774539E-02-0.102984078E-02-0.101012833E-02-0.988492101E-03-0.964808156E-03
-0.938944225E-03-0.910759528E-03-0.880104672E-03-0.846821554E-03-0.810743255E-03
-0.771693881E-03-0.729488337E-03-0.683932013E-03-0.634820382E-03-0.581938481E-03
-0.525060283E-03-0.463947931E-03-0.398350846E-03-0.328004668E-03-0.252630043E-03
-0.171931215E-03-0.855944252E-04 0.671392264E-05 0.105349349E-03 0.210691667E-03
 0.323147674E-03 0.443154210E-03 0.571181623E-03 0.707737720E-03 0.853372254E-03
 0.100868205E-02 0.117431683E-02 0.135098594E-02 0.153946601E-02 0.174060979E-02
 0.195535633E-02 0.218474276E-02 0.242991796E-02 0.269215835E-02 0.297288629E-02
 0.327369138E-02 0.359635499E-02 0.394287836E-02 0.431551407E-02 0.471679999E-02
 0.514959313E-02 0.561709412E-02 0.619020695E-02 0.689000510E-02 0.763853017E-02
 0.843998546E-02 0.929784809E-02 0.102134977E-01 0.111834427E-01 0.121940339E-01
 0.132125567E-01 0.141768591E-01 0.149962968E-01 0.155789155E-01 0.158674859E-01
 0.158574094E-01 0.155984973E-01 0.151786537E-01 0.146868655E-01 0.141852168E-01
 0.137074389E-01 0.132686568E-01 0.128738614E-01 0.125230038E-01 0.122137145E-01
 0.119426866E-01 0.117063553E-01 0.115012190E-01 0.113239782E-01 0.111715862E-01
 0.110412558E-01 0.109304471E-01 0.108368480E-01 0.107583535E-01 0.106930460E-01
 0.106391776E-01 0.105951553E-01 0.105595284E-01 0.105309777E-01 0.105083064E-01
 0.104904327E-01 0.104763821E-01 0.104652819E-01 0.104563548E-01 0.104489135E-01
 0.104423551E-01 0.104361557E-01 0.104298648E-01 0.104230998E-01 0.104155410E-01
 0.104069257E-01 0.103970430E-01 0.103857290E-01 0.103728613E-01 0.103583546E-01
 0.103421558E-01 0.103242401E-01 0.103046067E-01 0.102832753E-01 0.102602827E-01
 0.102356797E-01 0.102095284E-01 0.101818999E-01 0.101528717E-01 0.101225264E-01
 0.100909496E-01 0.100582287E-01 0.100244517E-01 0.998970613E-02-0.709912082E-03
-0.840162104E-03-0.882454661E-03-0.908198449E-03-0.935832399E-03-0.966222880E-03
-0.999340827E-03-0.103511554E-02-0.107347194E-02-0.111400319E-02-0.111201940E-02
-0.110215575E-02-0.109108593E-02-0.107871621E-02-0.106494842E-02-0.104967975E-02
-0.103280209E-02-0.101420135E-02-0.993756918E-03-0.971341220E-03-0.946819296E-03
-0.920048489E-03-0.890878149E-03-0.859149356E-03-0.824694615E-03-0.787337526E-03
-0.746892380E-03-0.703163689E-03-0.655945623E-03-0.605021334E-03-0.550162162E-03
-0.491126704E-03-0.427659732E-03-0.359490944E-03-0.286333519E-03-0.207882476E-03
-0.123812782E-03-0.337772099E-04 0.625961216E-04 0.165706538E-03 0.275984002E-03
 0.393892765E-03 0.519935547E-03 0.654658342E-03 0.798655959E-03 0.952578442E-03
 0.111713853E-02 0.129312039E-02 0.148138989E-02 0.168290672E-02 0.189873892E-02
 0.213008029E-02 0.237827146E-02 0.264482569E-02 0.293146080E-02 0.324013886E-02
 0.357311646E-02 0.393300888E-02 0.432287322E-02 0.474631745E-02 0.520764561E-02
 0.571205175E-02 0.633341712E-02 0.709688759E-02 0.793020932E-02 0.884647389E-02
 0.986285148E-02 0.110023527E-01 0.122964041E-01 0.137883557E-01 0.155371940E-01
 0.176172771E-01 0.196031799E-01 0.207482378E-01 0.210579832E-01 0.204975513E-01
 0.190405343E-01 0.175124018E-01 0.162827904E-01 0.152843925E-01 0.144634055E-01
 0.137800954E-01 0.132055769E-01 0.127186614E-01 0.123035156E-01 0.119480507E-01
 0.116428373E-01 0.113803690E-01 0.111545576E-01 0.109603798E-01 0.107936274E-01
 0.106507267E-01 0.105286061E-01 0.104245986E-01 0.103363682E-01 0.102618537E-01
 0.101992268E-01 0.101468580E-01 0.101032910E-01 0.100672224E-01 0.100374841E-01
 0.100130304E-01 0.999292647E-02 0.997633837E-02 0.996252482E-02 0.995082963E-02
 0.994067490E-02 0.993155476E-02 0.992302952E-02 0.991472020E-02 0.990630328E-02
 0.989750578E-02 0.988810051E-02 0.987790162E-02 0.986676032E-02 0.985456089E-02
 0.984121691E-02 0.982666772E-02 0.981087517E-02 0.979382059E-02 0.977550202E-02
 0.975593165E-02 0.973513357E-02 0.971314167E-02 0.968999780E-02 0.966575015E-02
 0.964045176E-02 0.961415926E-02 0.958693181E-02-0.757441657E-03-0.888948322E-03
-0.884865094E-03-0.907989313E-03-0.935558573E-03-0.966049575E-03-0.999343514E-03
-0.103537692E-02-0.107408475E-02-0.111510014E-02-0.111382990E-02-0.110486305E-02
-0.109481702E-02-0.108359825E-02-0.107110729E-02-0.105723929E-02-0.104188370E-02
-0.102492402E-02-0.100623746E-02-0.985694684E-03-0.963159530E-03-0.938488713E-03
-0.911531561E-03-0.882129703E-03-0.850116728E-03-0.815317791E-03-0.777549146E-03
-0.736617602E-03-0.692319883E-03-0.644441873E-03-0.592757743E-03-0.537028933E-03
-0.477002985E-03-0.412412206E-03-0.342972133E-03-0.268379795E-03-0.188311728E-03
-0.102421722E-03-0.103382669E-04 0.883383631E-04 0.194039422E-03 0.307231477E-03
 0.428420743E-03 0.558158063E-03 0.697044646E-03 0.845738732E-03 0.100496334E-02
 0.117551536E-02 0.135827625E-02 0.155422480E-02 0.176445231E-02 0.199018099E-02
 0.223278631E-02 0.249382451E-02 0.277506678E-02 0.307854223E-02 0.340659255E-02
 0.376194268E-02 0.414779326E-02 0.456794384E-02 0.502695928E-02 0.553038941E-02
 0.615231259E-02 0.691858106E-02 0.775853384E-02 0.868721318E-02 0.972506557E-02
 0.109009771E-01 0.122576677E-01 0.138620316E-01 0.158272291E-01 0.183714712E-01
 0.209125012E-01 0.222655649E-01 0.225845555E-01 0.218020903E-01 0.197487365E-01
 0.177567434E-01 0.162989905E-01 0.151729783E-01 0.142731124E-01 0.135368635E-01
 0.129243028E-01 0.124084534E-01 0.119702385E-01 0.115956505E-01 0.112740723E-01
 0.109972370E-01 0.107585567E-01 0.105526750E-01 0.103751603E-01 0.102222901E-01
 0.100908962E-01 0.997825183E-02 0.988198719E-02 0.980002632E-02 0.973053854E-02
 0.967190093E-02 0.962266894E-02 0.958155297E-02 0.954739965E-02 0.951917649E-02
 0.949595922E-02 0.947692112E-02 0.946132392E-02 0.944850991E-02 0.943789497E-02
 0.942896227E-02 0.942125669E-02 0.941437954E-02 0.940798376E-02 0.940176947E-02
 0.939547972E-02 0.938889654E-02 0.938183725E-02 0.937415096E-02 0.936571533E-02
 0.935643347E-02 0.934623111E-02 0.933505397E-02 0.932286528E-02 0.930964355E-02
 0.929538051E-02 0.928007918E-02 0.926375223E-02 0.924642035E-02 0.922811094E-02
 0.920885683E-02 0.918869518E-02-0.714704781E-03-0.844800353E-03-0.883143473E-03
-0.908582249E-03-0.936519277E-03-0.967370387E-03-0.100110799E-02-0.103768229E-02
-0.107703811E-02-0.111886687E-02-0.111867084E-02-0.111100632E-02-0.110241109E-02
-0.109279258E-02-0.108205196E-02-0.107008436E-02-0.105677882E-02-0.104201826E-02
-0.102567942E-02-0.100763277E-02-0.987742443E-03-0.965866064E-03-0.941854599E-03
-0.915552121E-03-0.886795523E-03-0.855414160E-03-0.821229411E-03-0.784054136E-03
-0.743692048E-03-0.699936953E-03-0.652571881E-03-0.601368075E-03-0.546083834E-03
-0.486463203E-03-0.422234480E-03-0.353108538E-03-0.278776932E-03-0.198909769E-03
-0.113153306E-03-0.211272596E-04 0.775782468E-04 0.183406115E-03 0.296836167E-03
 0.418389566E-03 0.548633857E-03 0.688188724E-03 0.837732609E-03 0.998010337E-03
 0.116984196E-02 0.135413302E-02 0.155188663E-02 0.176421756E-02 0.199236899E-02
 0.223773243E-02 0.250187137E-02 0.278654986E-02 0.309376685E-02 0.342579771E-02
 0.378524455E-02 0.417509688E-02 0.459880426E-02 0.506035618E-02 0.563067696E-02
 0.633205415E-02 0.708987208E-02 0.791127284E-02 0.880393637E-02 0.977522542E-02
 0.108298494E-01 0.119640238E-01 0.131517165E-01 0.143178498E-01 0.153194014E-01
 0.160005040E-01 0.162720977E-01 0.161274145E-01 0.156463880E-01 0.149823675E-01
 0.142771171E-01 0.136057594E-01 0.129959068E-01 0.124533483E-01 0.119752265E-01
 0.115557268E-01 0.111884192E-01 0.108671676E-01 0.105864363E-01 0.103413463E-01
 0.101276352E-01 0.994158609E-02 0.977995178E-02 0.963988525E-02 0.951887969E-02
 0.941471801E-02 0.932543103E-02 0.924926302E-02 0.918464334E-02 0.913016308E-02
 0.908455567E-02 0.904668079E-02 0.901551082E-02 0.899011940E-02 0.896967171E-02
 0.895341599E-02 0.894067627E-02 0.893084586E-02 0.892338159E-02 0.891779865E-02
 0.891366579E-02 0.891060106E-02 0.890826774E-02 0.890637064E-02 0.890465259E-02
 0.890289119E-02 0.890089571E-02 0.889850422E-02 0.889558089E-02 0.889201342E-02
 0.888771067E-02 0.888260045E-02 0.887662743E-02 0.886975123E-02 0.886194463E-02
 0.885319193E-02 0.884348748E-02 0.883283425E-02 0.882124265E-02 0.880872933E-02
 0.879531618E-02-0.709451661E-03-0.840050087E-03-0.883544142E-03-0.909992901E-03
-0.938426722E-03-0.969844412E-03-0.100425523E-02-0.104162063E-02-0.108189552E-02
-0.112484672E-02-0.112608845E-02-0.112014211E-02-0.111344041E-02-0.110589122E-02
-0.109739654E-02-0.108785176E-02-0.107714587E-02-0.106516166E-02-0.105177592E-02
-0.103685962E-02-0.102027802E-02-0.100189075E-02-0.981551805E-03-0.959109472E-03
-0.934406150E-03-0.907278105E-03-0.877555108E-03-0.845059968E-03-0.809607957E-03
-0.771006117E-03-0.729052448E-03-0.683534971E-03-0.634230660E-03-0.580904246E-03
-0.523306871E-03-0.461174594E-03-0.394226740E-03-0.322164065E-03-0.244666737E-03
-0.161392105E-03-0.719722388E-04 0.239887952E-04 0.126917933E-03 0.237276438E-03
 0.355563569E-03 0.482320653E-03 0.618135571E-03 0.763647728E-03 0.919553524E-03
 0.108661236E-02 0.126565319E-02 0.145758161E-02 0.166338734E-02 0.188415204E-02
 0.212105705E-02 0.237539046E-02 0.264855261E-02 0.294205840E-02 0.325753365E-02
 0.359670141E-02 0.396135224E-02 0.435330927E-02 0.483918251E-02 0.543688713E-02
 0.606811365E-02 0.673263886E-02 0.742838355E-02 0.815015450E-02 0.888790125E-02
 0.962456191E-02 0.103341679E-01 0.109818432E-01 0.115278420E-01 0.119360446E-01
 0.121837686E-01 0.122682973E-01 0.122073903E-01 0.120335061E-01 0.117842047E-01
 0.114934591E-01 0.111872563E-01 0.108832271E-01 0.105922495E-01 0.103204112E-01
 0.100706468E-01 0.984391176E-02 0.963996726E-02 0.945788394E-02 0.929635820E-02
 0.915390758E-02 0.902898964E-02 0.892007280E-02 0.882567743E-02 0.874439826E-02
 0.867491552E-02 0.861599904E-02 0.856650821E-02 0.852538955E-02 0.849167298E-02
 0.846446734E-02 0.844295579E-02 0.842639112E-02 0.841409126E-02 0.840543487E-02
 0.839985735E-02 0.839684691E-02 0.839594096E-02 0.839672273E-02 0.839881798E-02
 0.840189204E-02 0.840564689E-02 0.840981849E-02 0.841417413E-02 0.841851004E-02
 0.842264905E-02 0.842643838E-02 0.842974757E-02 0.843246648E-02 0.843450342E-02
 0.843578344E-02 0.843624659E-02 0.843584648E-02 0.843454874E-02 0.843232973E-02
 0.842917527E-02 0.842507949E-02 0.842004379E-02 0.841407582E-02 0.840718865E-02
-0.755129860E-03-0.886838853E-03-0.887786871E-03-0.912053511E-03-0.940985204E-03
-0.973131517E-03-0.100840807E-02-0.104678276E-02-0.108822059E-02-0.113257454E-02
-0.113562637E-02-0.113182559E-02-0.112747514E-02-0.112248272E-02-0.111674982E-02
-0.111017077E-02-0.110263322E-02-0.109401876E-02-0.108420335E-02-0.107305788E-02
-0.106044858E-02-0.104623729E-02-0.103028178E-02-0.101243576E-02-0.992548986E-03
-0.970467056E-03-0.946031209E-03-0.919077934E-03-0.889438479E-03-0.856938238E-03
-0.821396017E-03-0.782623194E-03-0.740422780E-03-0.694588365E-03-0.644902977E-03
-0.591137842E-03-0.533051043E-03-0.470386093E-03-0.402870405E-03-0.330213659E-03
-0.252106086E-03-0.168216638E-03-0.781910744E-04 0.183500360E-04 0.121813388E-03
 0.232635049E-03 0.351282580E-03 0.478257094E-03 0.614095169E-03 0.759370483E-03
 0.914694980E-03 0.108071928E-02 0.125813193E-02 0.144765695E-02 0.165004877E-02
 0.186608348E-02 0.209654467E-02 0.234220156E-02 0.260377620E-02 0.288189535E-02
 0.317702266E-02 0.348938811E-02 0.388210649E-02 0.437046192E-02 0.487558111E-02
 0.539465301E-02 0.592335047E-02 0.645537361E-02 0.698208200E-02 0.749233818E-02
 0.797278010E-02 0.840873973E-02 0.878587788E-02 0.909230549E-02 0.932064595E-02
 0.946937726E-02 0.954298842E-02 0.955090699E-02 0.950559823E-02 0.942047963E-02
 0.930822224E-02 0.917971377E-02 0.904365527E-02 0.890660114E-02 0.877323410E-02
 0.864672107E-02 0.852906094E-02 0.842138455E-02 0.832419579E-02 0.823755724E-02
 0.816122920E-02 0.809477162E-02 0.803761788E-02 0.798912748E-02 0.794862330E-02
 0.791541750E-02 0.788882945E-02 0.786819773E-02 0.785288804E-02 0.784229810E-02
 0.783586055E-02 0.783304432E-02 0.783335499E-02 0.783633450E-02 0.784156031E-02
 0.784864427E-02 0.785723130E-02 0.786699789E-02 0.787765052E-02 0.788892413E-02
 0.790058042E-02 0.791240631E-02 0.792421231E-02 0.793583098E-02 0.794711539E-02
 0.795793765E-02 0.796818748E-02 0.797777079E-02 0.798660841E-02 0.799463479E-02
 0.800179675E-02 0.800805242E-02 0.801337007E-02 0.801772712E-02 0.802110917E-02
 0.802350910E-02 0.802492622E-02 0.802536552E-02 0.802483690E-02-0.718167083E-03
-0.849125250E-03-0.887354741E-03-0.914108976E-03-0.943830497E-03-0.976838663E-03
-0.101313615E-02-0.105270663E-02-0.109552560E-02-0.114146154E-02-0.114678811E-02
-0.114558233E-02-0.114406647E-02-0.114214697E-02-0.113972158E-02-0.113668020E-02
-0.113290588E-02-0.112827596E-02-0.112266297E-02-0.111593559E-02-0.110795944E-02
-0.109859772E-02-0.108771172E-02-0.107516119E-02-0.106080450E-02-0.104449867E-02
-0.102609919E-02-0.100545976E-02-0.982431823E-03-0.956863980E-03-0.928601316E-03
-0.897484620E-03-0.863349527E-03-0.826025608E-03-0.785335411E-03-0.741093463E-03
-0.693105268E-03-0.641166272E-03-0.585060842E-03-0.524561250E-03-0.459426680E-03
-0.389402283E-03-0.314218298E-03-0.233589286E-03-0.147213511E-03-0.547725430E-04
 0.440688449E-04 0.149662369E-03 0.262375388E-03 0.382589325E-03 0.510697128E-03
 0.647099454E-03 0.792199161E-03 0.946393578E-03 0.111006383E-02 0.128356031E-02
 0.146718309E-02 0.166115586E-02 0.186559147E-02 0.208044709E-02 0.230546701E-02
 0.254011549E-02 0.284513751E-02 0.323479983E-02 0.363183894E-02 0.403353866E-02
 0.443635931E-02 0.483586116E-02 0.522671226E-02 0.560281737E-02 0.595760370E-02
 0.628447481E-02 0.657739917E-02 0.683154737E-02 0.704385205E-02 0.721336167E-02
 0.734130136E-02 0.743082975E-02 0.748655985E-02 0.751396335E-02 0.751878513E-02
 0.750656290E-02 0.748229729E-02 0.745027244E-02 0.741399933E-02 0.737624350E-02
 0.733910195E-02 0.730410153E-02 0.727230085E-02 0.724438514E-02 0.722074906E-02
 0.720156605E-02 0.718684465E-02 0.717647328E-02 0.717025521E-02 0.716793555E-02
 0.716922186E-02 0.717379970E-02 0.718134430E-02 0.719152917E-02 0.720403249E-02
 0.721854165E-02 0.723475650E-02 0.725239161E-02 0.727117774E-02 0.729086270E-02
 0.731121182E-02 0.733200811E-02 0.735305203E-02 0.737416128E-02 0.739517023E-02
 0.741592940E-02 0.743630479E-02 0.745617715E-02 0.747544125E-02 0.749400506E-02
 0.751178900E-02 0.752872508E-02 0.754475616E-02 0.755983512E-02 0.757392410E-02
 0.758699374E-02 0.759902249E-02 0.760999584E-02 0.761990571E-02 0.762874977E-02
 0.763653088E-02 0.764325647E-02 0.764893801E-02-0.710658642E-03-0.842306260E-03
-0.887785649E-03-0.915999886E-03-0.946512096E-03-0.980456784E-03-0.101789106E-02
-0.105881524E-02-0.110321574E-02-0.115087599E-02-0.115900188E-02-0.116088374E-02
-0.116273578E-02-0.116445849E-02-0.116593960E-02-0.116705824E-02-0.116768684E-02
-0.116769290E-02-0.116694064E-02-0.116529242E-02-0.116261007E-02-0.115875594E-02
-0.115359372E-02-0.114698905E-02-0.113880986E-02-0.112892645E-02-0.111721143E-02
-0.110353931E-02-0.108778606E-02-0.106982842E-02-0.104954316E-02-0.102680622E-02
-0.100149185E-02-0.973471762E-03-0.942614256E-03-0.908783437E-03-0.871838464E-03
-0.831632886E-03-0.788014054E-03-0.740822639E-03-0.689892258E-03-0.635049253E-03
-0.576112631E-03-0.512894243E-03-0.445199230E-03-0.372826838E-03-0.295571671E-03
-0.213225508E-03-0.125579800E-03-0.324289955E-04 0.664251337E-04 0.171167982E-03
 0.281965187E-03 0.398954047E-03 0.522232979E-03 0.651848685E-03 0.787780642E-03
 0.929922520E-03 0.107806013E-02 0.123184553E-02 0.139076586E-02 0.155408786E-02
 0.178086202E-02 0.208513096E-02 0.239210635E-02 0.269997326E-02 0.300654811E-02
 0.330932194E-02 0.360551104E-02 0.389214715E-02 0.416621132E-02 0.442480612E-02
 0.466535057E-02 0.488577309E-02 0.508467268E-02 0.526142085E-02 0.541618597E-02
 0.554987721E-02 0.566402054E-02 0.576059079E-02 0.584182873E-02 0.591006889E-02
 0.596759654E-02 0.601654263E-02 0.605881727E-02 0.609607675E-02 0.612971655E-02
 0.616088217E-02 0.619049082E-02 0.621925851E-02 0.624772857E-02 0.627629939E-02
 0.630524969E-02 0.633476095E-02 0.636493672E-02 0.639581893E-02 0.642740149E-02
 0.645964156E-02 0.649246876E-02 0.652579266E-02 0.655950888E-02 0.659350403E-02
 0.662765961E-02 0.666185521E-02 0.669597100E-02 0.672988971E-02 0.676349816E-02
 0.679668849E-02 0.682935897E-02 0.686141470E-02 0.689276803E-02 0.692333882E-02
 0.695305457E-02 0.698185044E-02 0.700966919E-02 0.703646098E-02 0.706218316E-02
 0.708680004E-02 0.711028251E-02 0.713260775E-02 0.715375886E-02 0.717372444E-02
 0.719249827E-02 0.721007886E-02 0.722646911E-02 0.724167588E-02 0.725570968E-02
 0.726858422E-02 0.728031614E-02-0.753039714E-03-0.885248187E-03-0.891247529E-03
-0.917250847E-03-0.948366863E-03-0.983263364E-03-0.102191377E-02-0.106433175E-02
-0.111051541E-02-0.116020319E-02-0.117158003E-02-0.117712668E-02-0.118297510E-02
-0.118900686E-02-0.119508867E-02-0.120107824E-02-0.120682742E-02-0.121218493E-02
-0.121699884E-02-0.122111879E-02-0.122439782E-02-0.122669395E-02-0.122787129E-02
-0.122780093E-02-0.122636135E-02-0.122343857E-02-0.121892581E-02-0.121272305E-02
-0.120473612E-02-0.119487575E-02-0.118305650E-02-0.116919559E-02-0.115321183E-02
-0.113502468E-02-0.111455337E-02-0.109171621E-02-0.106643011E-02-0.103861015E-02
-0.100816945E-02-0.975019064E-03-0.939068133E-03-0.900224143E-03-0.858393427E-03
-0.813481905E-03-0.765396134E-03-0.714044750E-03-0.659340397E-03-0.601202255E-03
-0.539559261E-03-0.474354145E-03-0.405548338E-03-0.333127826E-03-0.257109902E-03
-0.177550766E-03-0.945538057E-04-0.827828461E-05 0.810518865E-04 0.173139789E-03
 0.267608124E-03 0.363993460E-03 0.461741404E-03 0.560175161E-03 0.716874814E-03
 0.945876387E-03 0.117507985E-02 0.140362801E-02 0.163060845E-02 0.185512574E-02
 0.207633154E-02 0.229344698E-02 0.250577538E-02 0.271270315E-02 0.291368996E-02
 0.310825242E-02 0.329594819E-02 0.347636785E-02 0.364913904E-02 0.381394346E-02
 0.397054233E-02 0.411880322E-02 0.425872077E-02 0.439042583E-02 0.451418114E-02
 0.463036493E-02 0.473944615E-02 0.484195555E-02 0.493845694E-02 0.502952124E-02
 0.511570525E-02 0.519753575E-02 0.527549851E-02 0.535003192E-02 0.542152416E-02
 0.549031307E-02 0.555668803E-02 0.562089312E-02 0.568313103E-02 0.574356737E-02
 0.580233504E-02 0.585953850E-02 0.591525787E-02 0.596955269E-02 0.602246528E-02
 0.607402392E-02 0.612424548E-02 0.617313789E-02 0.622070219E-02 0.626693437E-02
 0.631182690E-02 0.635537003E-02 0.639755293E-02 0.643836458E-02 0.647779452E-02
 0.651583347E-02 0.655247379E-02 0.658770985E-02 0.662153832E-02 0.665395830E-02
 0.668497150E-02 0.671458222E-02 0.674279740E-02 0.676962657E-02 0.679508174E-02
 0.681917732E-02 0.684193000E-02 0.686335855E-02 0.688348374E-02 0.690232809E-02
 0.691991577E-02-0.719465393E-03-0.850817418E-03-0.888526431E-03-0.916553783E-03
-0.948342828E-03-0.984165034E-03-0.102408963E-02-0.106815302E-02-0.111636391E-02
-0.116844312E-02-0.118367263E-02-0.119362568E-02-0.120427194E-02-0.121545145E-02
-0.122699154E-02-0.123871171E-02-0.125042809E-02-0.126195748E-02-0.127312082E-02
-0.128374611E-02-0.129367087E-02-0.130274419E-02-0.131082824E-02-0.131779940E-02
-0.132354874E-02-0.132798203E-02-0.133101908E-02-0.133259257E-02-0.133264642E-02
-0.133113393E-02-0.132801580E-02-0.132325827E-02-0.131683151E-02-0.130870832E-02
-0.129886324E-02-0.128727196E-02-0.127391111E-02-0.125875828E-02-0.124179227E-02
-0.122299347E-02-0.120234441E-02-0.117983034E-02-0.115544005E-02-0.112916672E-02
-0.110100908E-02-0.107097285E-02-0.103907265E-02-0.100533447E-02-0.969798995E-03
-0.932525721E-03-0.893598232E-03-0.853130427E-03-0.811273672E-03-0.768224507E-03
-0.724232359E-03-0.679606455E-03-0.634720921E-03-0.590016786E-03-0.545999443E-03
-0.503229865E-03-0.462307914E-03-0.423849547E-03-0.331844106E-03-0.172418863E-03
-0.150521887E-04 0.140110255E-03 0.293215042E-03 0.444777186E-03 0.595721539E-03
 0.747370922E-03 0.901358342E-03 0.105945207E-02 0.122330544E-02 0.139417235E-02
 0.157265180E-02 0.175852873E-02 0.195075606E-02 0.214758323E-02 0.234679455E-02
 0.254599394E-02 0.274287097E-02 0.293540168E-02 0.312196594E-02 0.330138674E-02
 0.347291108E-02 0.363615509E-02 0.379103332E-02 0.393768610E-02 0.407641337E-02
 0.420761886E-02 0.433176565E-02 0.444934246E-02 0.456083913E-02 0.466672978E-02
 0.476746181E-02 0.486344944E-02 0.495507050E-02 0.504266562E-02 0.512653892E-02
 0.520695986E-02 0.528416565E-02 0.535836403E-02 0.542973618E-02 0.549843962E-02
 0.556461101E-02 0.562836881E-02 0.568981570E-02 0.574904083E-02 0.580612182E-02
 0.586112658E-02 0.591411489E-02 0.596513982E-02 0.601424894E-02 0.606148542E-02
 0.610688891E-02 0.615049633E-02 0.619234254E-02 0.623246087E-02 0.627088363E-02
 0.630764241E-02 0.634276843E-02 0.637629279E-02 0.640824659E-02 0.643866112E-02
 0.646756793E-02 0.649499887E-02 0.652098616E-02 0.654556236E-02 0.656876038E-02
-0.706095725E-03-0.837308090E-03-0.883439042E-03-0.912543828E-03-0.944760638E-03
-0.981432225E-03-0.102271254E-02-0.106865667E-02-0.111927213E-02-0.117427200E-02
-0.119423817E-02-0.120964383E-02-0.122619186E-02-0.124364727E-02-0.126176940E-02
-0.128031475E-02-0.129904313E-02-0.131772265E-02-0.133613371E-02-0.135407213E-02
-0.137135194E-02-0.138780781E-02-0.140329725E-02-0.141770239E-02-0.143093099E-02
-0.144291641E-02-0.145361621E-02-0.146300954E-02-0.147109345E-02-0.147787878E-02
-0.148338599E-02-0.148764169E-02-0.149067592E-02-0.149252049E-02-0.149320820E-02
-0.149277289E-02-0.149124991E-02-0.148867708E-02-0.148509569E-02-0.148055162E-02
-0.147509638E-02-0.146878803E-02-0.146169199E-02-0.145388166E-02-0.144543902E-02
-0.143645520E-02-0.142703129E-02-0.141727966E-02-0.140732613E-02-0.139731349E-02
-0.138740683E-02-0.137780105E-02-0.136873053E-02-0.136048073E-02-0.135340070E-02
-0.134791515E-02-0.134453415E-02-0.134385843E-02-0.134657791E-02-0.135346067E-02
-0.136532816E-02-0.138298670E-02-0.135231228E-02-0.126003885E-02-0.117356813E-02
-0.109291038E-02-0.101739040E-02-0.945439375E-03-0.874355427E-03-0.800149797E-03
-0.717605144E-03-0.620677271E-03-0.503295264E-03-0.360447216E-03-0.189256661E-03
 0.103157019E-04 0.235404167E-03 0.480827077E-03 0.740107578E-03 0.100656774E-02
 0.127418461E-02 0.153806890E-02 0.179459853E-02 0.204132457E-02 0.227677010E-02
 0.250020520E-02 0.271144234E-02 0.291066867E-02 0.309831665E-02 0.327496845E-02
 0.344128726E-02 0.359796922E-02 0.374571078E-02 0.388518719E-02 0.401703902E-02
 0.414186440E-02 0.426021526E-02 0.437259626E-02 0.447946559E-02 0.458123693E-02
 0.467828220E-02 0.477093460E-02 0.485949195E-02 0.494421994E-02 0.502535535E-02
 0.510310915E-02 0.517766929E-02 0.524920341E-02 0.531786125E-02 0.538377682E-02
 0.544707045E-02 0.550785050E-02 0.556621502E-02 0.562225310E-02 0.567604613E-02
 0.572766893E-02 0.577719064E-02 0.582467561E-02 0.587018410E-02 0.591377289E-02
 0.595549582E-02 0.599540427E-02 0.603354751E-02 0.606997302E-02 0.610472681E-02
 0.613785357E-02 0.616939691E-02 0.619939950E-02 0.622790314E-02-0.739046080E-03
-0.868743608E-03-0.876871030E-03-0.902623514E-03-0.934771532E-03-0.972235542E-03
-0.101510003E-02-0.106341294E-02-0.111714286E-02-0.117595915E-02-0.120208514E-02
-0.122453185E-02-0.124859640E-02-0.127392059E-02-0.130015394E-02-0.132695882E-02
-0.135401712E-02-0.138103374E-02-0.140773818E-02-0.143388538E-02-0.145925732E-02
-0.148366595E-02-0.150695756E-02-0.152901786E-02-0.154977639E-02-0.156920825E-02
-0.158733200E-02-0.160420312E-02-0.161990427E-02-0.163453427E-02-0.164819832E-02
-0.166100075E-02-0.167304109E-02-0.168441298E-02-0.169520520E-02-0.170550398E-02
-0.171539578E-02-0.172497028E-02-0.173432311E-02-0.174355817E-02-0.175278956E-02
-0.176214296E-02-0.177175644E-02-0.178178049E-02-0.179237740E-02-0.180371985E-02
-0.181598870E-02-0.182937051E-02-0.184405533E-02-0.186023596E-02-0.187811053E-02
-0.189789014E-02-0.191981342E-02-0.194416827E-02-0.197131947E-02-0.200173902E-02
-0.203603503E-02-0.207497521E-02-0.211950235E-02-0.217073962E-02-0.222998279E-02
-0.229865530E-02-0.232501494E-02-0.229713850E-02-0.228159437E-02-0.227963717E-02
-0.229182374E-02-0.231742957E-02-0.235350068E-02-0.239357813E-02-0.242644119E-02
-0.243581670E-02-0.240235214E-02-0.230817149E-02-0.214226103E-02-0.190407347E-02
-0.160378618E-02-0.125906185E-02-0.889725396E-03-0.513053463E-03-0.141571571E-03
 0.216869346E-03 0.557990182E-03 0.879893899E-03 0.118214703E-02 0.146516348E-02
 0.172981853E-02 0.197721560E-02 0.220854809E-02 0.242501898E-02 0.262779510E-02
 0.281798212E-02 0.299661210E-02 0.316463848E-02 0.332293565E-02 0.347230113E-02
 0.361345939E-02 0.374706643E-02 0.387371483E-02 0.399393881E-02 0.410821934E-02
 0.421698893E-02 0.432063628E-02 0.441951060E-02 0.451392557E-02 0.460416307E-02
 0.469047654E-02 0.477309407E-02 0.485222119E-02 0.492804340E-02 0.500072846E-02
 0.507042842E-02 0.513728147E-02 0.520141356E-02 0.526293989E-02 0.532196619E-02
 0.537858984E-02 0.543290096E-02 0.548498324E-02 0.553491477E-02 0.558276871E-02
 0.562861389E-02 0.567251537E-02 0.571453487E-02 0.575473116E-02 0.579316044E-02
 0.582987661E-02 0.586493149E-02 0.589837511E-02-0.697527543E-03-0.823510773E-03
-0.855722171E-03-0.881484645E-03-0.913408904E-03-0.951857921E-03-0.996983503E-03
-0.104877872E-02-0.110708965E-02-0.117135523E-02-0.120612955E-02-0.123815159E-02
-0.127218361E-02-0.130766659E-02-0.134408843E-02-0.138099693E-02-0.141799813E-02
-0.145474661E-02-0.149093368E-02-0.152627747E-02-0.156051826E-02-0.159342156E-02
-0.162479033E-02-0.165448511E-02-0.168244699E-02-0.170871423E-02-0.173342265E-02
-0.175678523E-02-0.177905673E-02-0.180049646E-02-0.182134126E-02-0.184179347E-02
-0.186202108E-02-0.188216494E-02-0.190234845E-02-0.192268697E-02-0.194329583E-02
-0.196429684E-02-0.198582341E-02-0.200802446E-02-0.203106750E-02-0.205514078E-02
-0.208045456E-02-0.210724120E-02-0.213575372E-02-0.216626214E-02-0.219904679E-02
-0.223438793E-02-0.227255136E-02-0.231377125E-02-0.235823417E-02-0.240607234E-02
-0.245737693E-02-0.251224012E-02-0.257082473E-02-0.263344759E-02-0.270065728E-02
-0.277329339E-02-0.285252623E-02-0.293988316E-02-0.303726932E-02-0.314699063E-02
-0.322009285E-02-0.324666258E-02-0.329361740E-02-0.336549740E-02-0.346769583E-02
-0.360636374E-02-0.378761952E-02-0.401473501E-02-0.428013269E-02-0.454855849E-02
-0.474498881E-02-0.478558849E-02-0.462274850E-02-0.425390628E-02-0.372405961E-02
-0.311806762E-02-0.251244961E-02-0.194426088E-02-0.142338547E-02-0.948761501E-03
-0.516067663E-03-0.120499123E-03 0.242369083E-03 0.576385063E-03 0.884837939E-03
 0.117053350E-02 0.143587527E-02 0.168293537E-02 0.191351246E-02 0.212917791E-02
 0.233131233E-02 0.252113463E-02 0.269972532E-02 0.286804543E-02 0.302695198E-02
 0.317721098E-02 0.331950826E-02 0.345445887E-02 0.358261499E-02 0.370447298E-02
 0.382047947E-02 0.393103672E-02 0.403650744E-02 0.413721900E-02 0.423346721E-02
 0.432551969E-02 0.441361894E-02 0.449798497E-02 0.457881779E-02 0.465629954E-02
 0.473059643E-02 0.480186048E-02 0.487023110E-02 0.493583645E-02 0.499879466E-02
 0.505921499E-02 0.511719875E-02 0.517284022E-02 0.522622739E-02 0.527744267E-02
 0.532656350E-02 0.537366286E-02 0.541880976E-02 0.546206965E-02 0.550350481E-02
 0.554317464E-02 0.558113593E-02-0.656450139E-03-0.776927058E-03-0.815533927E-03
-0.840278058E-03-0.872078275E-03-0.912489410E-03-0.961622716E-03-0.101934261E-02
-0.108528954E-02-0.115848624E-02-0.120623363E-02-0.125207312E-02-0.129985694E-02
-0.134868377E-02-0.139787772E-02-0.144695795E-02-0.149557490E-02-0.154345090E-02
-0.159033217E-02-0.163595086E-02-0.167999802E-02-0.172211396E-02-0.176190987E-02
-0.179903569E-02-0.183329693E-02-0.186478589E-02-0.189394276E-02-0.192146359E-02
-0.194808942E-02-0.197442634E-02-0.200088872E-02-0.202773278E-02-0.205511483E-02
-0.208314002E-02-0.211189483E-02-0.214146693E-02-0.217195693E-02-0.220348573E-02
-0.223619941E-02-0.227027303E-02-0.230591401E-02-0.234336528E-02-0.238290842E-02
-0.242486642E-02-0.246960550E-02-0.251753488E-02-0.256910211E-02-0.262477993E-02
-0.268503782E-02-0.275028851E-02-0.282080001E-02-0.289657929E-02-0.297728066E-02
-0.306225060E-02-0.315078292E-02-0.324246924E-02-0.333743345E-02-0.343639143E-02
-0.354063054E-02-0.365200031E-02-0.377293639E-02-0.390650573E-02-0.400634887E-02
-0.406391658E-02-0.414525238E-02-0.425691620E-02-0.440836495E-02-0.461396353E-02
-0.489675750E-02-0.529673054E-02-0.589348639E-02-0.689068185E-02-0.796656848E-02
-0.833059900E-02-0.819355046E-02-0.747604886E-02-0.600560281E-02-0.467878841E-02
-0.373140910E-02-0.297712961E-02-0.234343063E-02-0.179414208E-02-0.130829365E-02
-0.872478562E-03-0.477510760E-03-0.116759022E-03 0.214763836E-03 0.520934640E-03
 0.804849942E-03 0.106903922E-02 0.131560766E-02 0.154633467E-02 0.176274382E-02
 0.196615360E-02 0.215771506E-02 0.233844045E-02 0.250922524E-02 0.267086552E-02
 0.282407188E-02 0.296948079E-02 0.310766390E-02 0.323913589E-02 0.336436112E-02
 0.348375930E-02 0.359771043E-02 0.370655911E-02 0.381061825E-02 0.391017248E-02
 0.400548100E-02 0.409678030E-02 0.418428645E-02 0.426819717E-02 0.434869378E-02
 0.442594280E-02 0.450009751E-02 0.457129928E-02 0.463967878E-02 0.470535709E-02
 0.476844664E-02 0.482905211E-02 0.488727123E-02 0.494319542E-02 0.499691048E-02
 0.504849711E-02 0.509803143E-02 0.514558539E-02 0.519122722E-02 0.523502174E-02
 0.527703066E-02-0.634639677E-03-0.744015535E-03-0.742534948E-03-0.763098765E-03
-0.796976443E-03-0.842358947E-03-0.898893335E-03-0.966659298E-03-0.104589705E-02
-0.113592210E-02-0.120587417E-02-0.127355446E-02-0.134062894E-02-0.140622882E-02
-0.147018243E-02-0.153257724E-02-0.159353403E-02-0.165316010E-02-0.171151069E-02
-0.176851979E-02-0.182395450E-02-0.187723840E-02-0.192737954E-02-0.197292562E-02
-0.201229510E-02-0.204465807E-02-0.207152571E-02-0.209679469E-02-0.212332219E-02
-0.215189993E-02-0.218247611E-02-0.221482987E-02-0.224876628E-02-0.228415659E-02
-0.232093820E-02-0.235910713E-02-0.239871079E-02-0.243984334E-02-0.248264332E-02
-0.252729364E-02-0.257402346E-02-0.262311210E-02-0.267489513E-02-0.272977273E-02
-0.278822124E-02-0.285080828E-02-0.291821253E-02-0.299124825E-02-0.307089192E-02
-0.315829665E-02-0.325473723E-02-0.336128043E-02-0.347759928E-02-0.359985755E-02
-0.372232207E-02-0.384233225E-02-0.396008028E-02-0.407679804E-02-0.419405027E-02
-0.431369938E-02-0.443824785E-02-0.457181387E-02-0.467249270E-02-0.473236568E-02
-0.481074437E-02-0.490853420E-02-0.502875553E-02-0.517644988E-02-0.535870586E-02
-0.558395888E-02-0.585572420E-02-0.614729331E-02-0.637046631E-02-0.641843632E-02
-0.623445526E-02-0.581375705E-02-0.520799796E-02-0.452612148E-02-0.386179882E-02
-0.325096445E-02-0.269786034E-02-0.219714337E-02-0.174185822E-02-0.132564643E-02
-0.943173181E-03-0.590062896E-03-0.262730517E-03 0.417827274E-04 0.325944146E-03
 0.591834252E-03 0.841226551E-03 0.107564815E-02 0.129642598E-02 0.150472234E-02
 0.170156249E-02 0.188785627E-02 0.206441532E-02 0.223196688E-02 0.239116501E-02
 0.254259988E-02 0.268680543E-02 0.282426591E-02 0.295542139E-02 0.308067254E-02
 0.320038471E-02 0.331489158E-02 0.342449833E-02 0.352948445E-02 0.363010623E-02
 0.372659904E-02 0.381917928E-02 0.390804622E-02 0.399338363E-02 0.407536121E-02
 0.415413596E-02 0.422985335E-02 0.430264840E-02 0.437264667E-02 0.443996514E-02
 0.450471301E-02 0.456699244E-02 0.462689916E-02 0.468452311E-02 0.473994894E-02
 0.479325648E-02 0.484452122E-02 0.489381463E-02 0.494120457E-02 0.498675556E-02
-0.475342365E-03-0.566833306E-03-0.592734960E-03-0.628319496E-03-0.675385685E-03
-0.731857534E-03-0.797927291E-03-0.874889900E-03-0.965600698E-03-0.107735990E-02
-0.118901248E-02-0.128460227E-02-0.136948491E-02-0.144947953E-02-0.152477649E-02
-0.159796117E-02-0.166862249E-02-0.173797372E-02-0.180670864E-02-0.187441534E-02
-0.194333098E-02-0.201219878E-02-0.208250159E-02-0.214845616E-02-0.220181833E-02
-0.223504939E-02-0.224267367E-02-0.226031230E-02-0.228819903E-02-0.232150879E-02
-0.235832339E-02-0.239770553E-02-0.243911754E-02-0.248234607E-02-0.252719684E-02
-0.257370303E-02-0.262183354E-02-0.267172887E-02-0.272348720E-02-0.277731231E-02
-0.283342905E-02-0.289211033E-02-0.295371474E-02-0.301862810E-02-0.308737009E-02
-0.316052403E-02-0.323885699E-02-0.332331746E-02-0.341517346E-02-0.351619385E-02
-0.362904767E-02-0.375835532E-02-0.391409830E-02-0.409422584E-02-0.424730764E-02
-0.438516657E-02-0.451310962E-02-0.463499100E-02-0.475190844E-02-0.486393805E-02
-0.497099735E-02-0.506951639E-02-0.515378652E-02-0.522587108E-02-0.529269816E-02
-0.535525267E-02-0.541166613E-02-0.545470027E-02-0.547306984E-02-0.544324338E-02
-0.536022429E-02-0.529686759E-02-0.521748511E-02-0.508857552E-02-0.488982240E-02
-0.461610451E-02-0.427674409E-02-0.389088932E-02-0.348041376E-02-0.306389678E-02
-0.265415988E-02-0.225872231E-02-0.188132811E-02-0.152338237E-02-0.118496252E-02
-0.865445388E-03-0.563871075E-03-0.279145851E-03-0.101514795E-04 0.244198315E-03
 0.484930757E-03 0.713002980E-03 0.929299567E-03 0.113463450E-02 0.132975518E-02
 0.151534739E-02 0.169204029E-02 0.186041136E-02 0.202099099E-02 0.217426668E-02
 0.232068688E-02 0.246066444E-02 0.259457970E-02 0.272278341E-02 0.284559916E-02
 0.296332581E-02 0.307623952E-02 0.318459571E-02 0.328863078E-02 0.338856374E-02
 0.348459765E-02 0.357692095E-02 0.366570872E-02 0.375112379E-02 0.383331776E-02
 0.391243196E-02 0.398859831E-02 0.406194012E-02 0.413257284E-02 0.420060466E-02
 0.426613721E-02 0.432926602E-02 0.439008112E-02 0.444866743E-02 0.450510523E-02
 0.455947052E-02 0.461183537E-02 0.466226825E-02 0.471083431E-02-0.262165051E-03
-0.334848899E-03-0.403026384E-03-0.467853962E-03-0.532259480E-03-0.598757675E-03
-0.669040032E-03-0.744114859E-03-0.824247395E-03-0.908520148E-03-0.994528763E-03
-0.107952605E-02-0.116203094E-02-0.124179480E-02-0.131908432E-02-0.139433420E-02
-0.146801427E-02-0.154062030E-02-0.161270657E-02-0.168494670E-02-0.175826555E-02
-0.183400195E-02-0.191369385E-02-0.199295752E-02-0.206146013E-02-0.211903999E-02
-0.216894839E-02-0.221469768E-02-0.225924543E-02-0.230399677E-02-0.234958734E-02
-0.239625495E-02-0.244404397E-02-0.249308229E-02-0.254333897E-02-0.259497974E-02
-0.264801543E-02-0.270263873E-02-0.275894650E-02-0.281714512E-02-0.287743533E-02
-0.294004925E-02-0.300529303E-02-0.307346164E-02-0.314496533E-02-0.322021236E-02
-0.329972869E-02-0.338408109E-02-0.347392254E-02-0.356994011E-02-0.367271731E-02
-0.378239504E-02-0.389788100E-02-0.401611704E-02-0.413312381E-02-0.424609263E-02
-0.435383975E-02-0.445581954E-02-0.455169553E-02-0.464084883E-02-0.472242577E-02
-0.479531299E-02-0.485831862E-02-0.491044599E-02-0.495036246E-02-0.497608872E-02
-0.498402309E-02-0.496882252E-02-0.492302160E-02-0.483871585E-02-0.472155784E-02
-0.459415063E-02-0.445454840E-02-0.429389127E-02-0.410548214E-02-0.388654457E-02
-0.363836661E-02-0.336548773E-02-0.307434963E-02-0.277189538E-02-0.246450659E-02
-0.215742993E-02-0.185462518E-02-0.155887275E-02-0.127199095E-02-0.995068535E-03
-0.728667471E-03-0.472982885E-03-0.227962018E-03 0.661039175E-05 0.231052202E-03
 0.445742490E-03 0.651093309E-03 0.847530612E-03 0.103548152E-02 0.121536594E-02
 0.138759126E-02 0.155254894E-02 0.171061272E-02 0.186213759E-02 0.200745952E-02
 0.214689563E-02 0.228074461E-02 0.240928734E-02 0.253278766E-02 0.265149317E-02
 0.276563610E-02 0.287543417E-02 0.298109146E-02 0.308279923E-02 0.318073678E-02
 0.327507220E-02 0.336596313E-02 0.345355749E-02 0.353799416E-02 0.361940361E-02
 0.369790850E-02 0.377362425E-02 0.384665960E-02 0.391711703E-02 0.398509331E-02
 0.405067986E-02 0.411396318E-02 0.417502521E-02 0.423394366E-02 0.429079235E-02
 0.434564145E-02 0.439855782E-02 0.444960518E-02-0.175523886E-03-0.231940427E-03
-0.291180712E-03-0.352375757E-03-0.415306419E-03-0.480127369E-03-0.547085390E-03
-0.616314497E-03-0.687712070E-03-0.760894408E-03-0.835249420E-03-0.910081545E-03
-0.984778694E-03-0.105891384E-02-0.113225850E-02-0.120474526E-02-0.127641919E-02
-0.134739584E-02-0.141782473E-02-0.148784614E-02-0.155751967E-02-0.162670029E-02
-0.169488236E-02-0.176117898E-02-0.182465583E-02-0.188482228E-02-0.194181208E-02
-0.199620969E-02-0.204877104E-02-0.210021095E-02-0.215110736E-02-0.220189306E-02
-0.225288585E-02-0.230432520E-02-0.235640197E-02-0.240928004E-02-0.246311033E-02
-0.251804052E-02-0.257422105E-02-0.263180938E-02-0.269097262E-02-0.275188905E-02
-0.281474860E-02-0.287975178E-02-0.294710659E-02-0.301702187E-02-0.308969509E-02
-0.316529099E-02-0.324390606E-02-0.332551349E-02-0.340988639E-02-0.349651122E-02
-0.358452987E-02-0.367277011E-02-0.375988884E-02-0.384456061E-02-0.392560074E-02
-0.400197861E-02-0.407275968E-02-0.413703156E-02-0.419384701E-02-0.424218969E-02
-0.428095032E-02-0.430889238E-02-0.432459916E-02-0.432642739E-02-0.431252790E-02
-0.428101688E-02-0.423036433E-02-0.415992823E-02-0.407019738E-02-0.396219042E-02
-0.383646457E-02-0.369285917E-02-0.353103049E-02-0.335110741E-02-0.315407426E-02
-0.294182633E-02-0.271698267E-02-0.248257664E-02-0.224173326E-02-0.199740662E-02
-0.175220874E-02-0.150832746E-02-0.126751329E-02-0.103110991E-02-0.800106862E-03
-0.575199296E-03-0.356845690E-03-0.145318987E-03 0.592503737E-04 0.256839465E-03
 0.447505092E-03 0.631362068E-03 0.808566436E-03 0.979302612E-03 0.114377360E-02
 0.130219362E-02 0.145478248E-02 0.160176150E-02 0.174335042E-02 0.187976513E-02
 0.201121610E-02 0.213790725E-02 0.226003517E-02 0.237778873E-02 0.249134875E-02
 0.260088797E-02 0.270657108E-02 0.280855482E-02 0.290698825E-02 0.300201294E-02
 0.309376329E-02 0.318236683E-02 0.326794456E-02 0.335061122E-02 0.343047570E-02
 0.350764132E-02 0.358220614E-02 0.365426330E-02 0.372390129E-02 0.379120428E-02
 0.385625231E-02 0.391912165E-02 0.397988497E-02 0.403861157E-02 0.409536767E-02
 0.415021652E-02 0.420321864E-02-0.128892625E-03-0.173632381E-03-0.222570982E-03
-0.274971480E-03-0.330290012E-03-0.388143730E-03-0.448251277E-03-0.510369552E-03
-0.574244547E-03-0.639586002E-03-0.706067941E-03-0.773349648E-03-0.841105752E-03
-0.909053008E-03-0.976965604E-03-0.104467724E-02-0.111207246E-02-0.117907075E-02
-0.124560584E-02-0.131160184E-02-0.137694880E-02-0.144148402E-02-0.150499071E-02
-0.156722567E-02-0.162797491E-02-0.168711525E-02-0.174465149E-02-0.180071423E-02
-0.185552657E-02-0.190935968E-02-0.196249424E-02-0.201519544E-02-0.206770151E-02
-0.212022160E-02-0.217293883E-02-0.222601533E-02-0.227959741E-02-0.233381992E-02
-0.238880956E-02-0.244468696E-02-0.250156756E-02-0.255956113E-02-0.261876990E-02
-0.267928484E-02-0.274117986E-02-0.280450324E-02-0.286926566E-02-0.293542458E-02
-0.300286473E-02-0.307137630E-02-0.314063391E-02-0.321018197E-02-0.327943309E-02
-0.334768383E-02-0.341414595E-02-0.347798398E-02-0.353834695E-02-0.359438629E-02
-0.364525873E-02-0.369011902E-02-0.372810830E-02-0.375834280E-02-0.377990545E-02
-0.379184288E-02-0.379317189E-02-0.378290218E-02-0.376008225E-02-0.372386949E-02
-0.367361103E-02-0.360890443E-02-0.352960353E-02-0.343576351E-02-0.332756806E-02
-0.320529955E-02-0.306937585E-02-0.292042575E-02-0.275935446E-02-0.258736457E-02
-0.240592343E-02-0.221668842E-02-0.202141056E-02-0.182183766E-02-0.161963206E-02
-0.141631107E-02-0.121321120E-02-0.101147359E-02-0.812045345E-03-0.615691645E-03
-0.423013996E-03-0.234471152E-03-0.504003005E-04 0.128962946E-03 0.303466518E-03
 0.473026139E-03 0.637611859E-03 0.797236748E-03 0.951947495E-03 0.110181669E-02
 0.124693649E-02 0.138741356E-02 0.152336485E-02 0.165491436E-02 0.178219045E-02
 0.190532375E-02 0.202444549E-02 0.213968620E-02 0.225117474E-02 0.235903749E-02
 0.246339783E-02 0.256437568E-02 0.266208724E-02 0.275664483E-02 0.284815671E-02
 0.293672713E-02 0.302245627E-02 0.310544033E-02 0.318577163E-02 0.326353864E-02
 0.333882620E-02 0.341171557E-02 0.348228463E-02 0.355060800E-02 0.361675718E-02
 0.368080073E-02 0.374280438E-02 0.380283120E-02 0.386094174E-02 0.391719413E-02
 0.397164424E-02-0.100227359E-03-0.136495194E-03-0.176981190E-03-0.221163214E-03
-0.268574302E-03-0.318805844E-03-0.371499887E-03-0.426335849E-03-0.483016937E-03
-0.541260270E-03-0.600792551E-03-0.661351037E-03-0.722687956E-03-0.784575824E-03
-0.846811398E-03-0.909216849E-03-0.971637769E-03-0.103393844E-02-0.109599535E-02
-0.115769045E-02-0.121890576E-02-0.127952157E-02-0.133941970E-02-0.139849225E-02
-0.145665421E-02-0.151385614E-02-0.157009263E-02-0.162540409E-02-0.167987149E-02
-0.173360649E-02-0.178673991E-02-0.183941109E-02-0.189175964E-02-0.194392001E-02
-0.199601831E-02-0.204817095E-02-0.210048424E-02-0.215305435E-02-0.220596737E-02
-0.225929890E-02-0.231311315E-02-0.236746127E-02-0.242237873E-02-0.247788169E-02
-0.253396218E-02-0.259058209E-02-0.264766594E-02-0.270509283E-02-0.276268798E-02
-0.282021494E-02-0.287736954E-02-0.293377713E-02-0.298899404E-02-0.304251364E-02
-0.309377610E-02-0.314218016E-02-0.318709453E-02-0.322786724E-02-0.326383223E-02
-0.329431327E-02-0.331862659E-02-0.333608344E-02-0.334599436E-02-0.334767649E-02
-0.334046546E-02-0.332373245E-02-0.329690630E-02-0.325949832E-02-0.321112595E-02
-0.315153040E-02-0.308058534E-02-0.299829727E-02-0.290480263E-02-0.280036725E-02
-0.268539083E-02-0.256041416E-02-0.242612317E-02-0.228334410E-02-0.213302662E-02
-0.197621536E-02-0.181401356E-02-0.164754363E-02-0.147790942E-02-0.130616402E-02
-0.113328497E-02-0.960157745E-03-0.787566745E-03-0.616192769E-03-0.446615355E-03
-0.279318574E-03-0.114698942E-03 0.469255703E-04 0.205306213E-03 0.360254341E-03
 0.511632853E-03 0.659348365E-03 0.803344208E-03 0.943594259E-03 0.108009758E-02
 0.121287377E-02 0.134195906E-02 0.146740290E-02 0.158926517E-02 0.170761377E-02
 0.182252264E-02 0.193407012E-02 0.204233755E-02 0.214740816E-02 0.224936613E-02
 0.234829588E-02 0.244428141E-02 0.253740584E-02 0.262775104E-02 0.271539732E-02
 0.280042324E-02 0.288290538E-02 0.296291829E-02 0.304053439E-02 0.311582392E-02
 0.318885495E-02 0.325969337E-02 0.332840291E-02 0.339504520E-02 0.345967980E-02
 0.352236425E-02 0.358315417E-02 0.364210329E-02 0.369926351E-02 0.375468500E-02
-0.809340002E-04-0.110916609E-03-0.144776876E-03-0.182151475E-03-0.222687390E-03
-0.266048938E-03-0.311920626E-03-0.360006996E-03-0.410030873E-03-0.461731307E-03
-0.514862085E-03-0.569191176E-03-0.624500988E-03-0.680589018E-03-0.737268399E-03
-0.794367923E-03-0.851731369E-03-0.909216165E-03-0.966691716E-03-0.102403781E-02
-0.108114367E-02-0.113790807E-02-0.119424073E-02-0.125006497E-02-0.130532095E-02
-0.135996875E-02-0.141399040E-02-0.146739029E-02-0.152019362E-02-0.157244340E-02
-0.162419635E-02-0.167551843E-02-0.172648066E-02-0.177715536E-02-0.182761315E-02
-0.187792055E-02-0.192813805E-02-0.197831853E-02-0.202850585E-02-0.207873327E-02
-0.212902178E-02-0.217937807E-02-0.222979211E-02-0.228023434E-02-0.233065230E-02
-0.238096704E-02-0.243106912E-02-0.248081475E-02-0.253002209E-02-0.257846829E-02
-0.262588759E-02-0.267197094E-02-0.271636717E-02-0.275868597E-02-0.279850215E-02
-0.283536105E-02-0.286878422E-02-0.289827527E-02-0.292332542E-02-0.294341876E-02
-0.295803756E-02-0.296666793E-02-0.296880629E-02-0.296396708E-02-0.295169188E-02
-0.293156000E-02-0.290319996E-02-0.286630125E-02-0.282062521E-02-0.276601424E-02
-0.270239860E-02-0.262980091E-02-0.254833876E-02-0.245822593E-02-0.235977242E-02
-0.225338291E-02-0.213955267E-02-0.201886015E-02-0.189195571E-02-0.175954662E-02
-0.162237931E-02-0.148122016E-02-0.133683636E-02-0.118997825E-02-0.104136420E-02
-0.891668654E-03-0.741513497E-03-0.591462737E-03-0.442020012E-03-0.293628500E-03
-0.146672673E-03-0.148137087E-05 0.141668230E-03 0.282546165E-03 0.420965010E-03
 0.556775231E-03 0.689860698E-03 0.820134460E-03 0.947534853E-03 0.107202195E-02
 0.119357440E-02 0.131218655E-02 0.142786598E-02 0.154063131E-02 0.165051027E-02
 0.175753806E-02 0.186175589E-02 0.196320978E-02 0.206194951E-02 0.215802771E-02
 0.225149909E-02 0.234241983E-02 0.243084702E-02 0.251683820E-02 0.260045102E-02
 0.268174291E-02 0.276077084E-02 0.283759109E-02 0.291225912E-02 0.298482944E-02
 0.305535551E-02 0.312388965E-02 0.319048301E-02 0.325518553E-02 0.331804592E-02
 0.337911166E-02 0.343842898E-02 0.349604291E-02 0.355199725E-02-0.670683492E-04
-0.922654285E-04-0.120926609E-03-0.152795540E-03-0.187611450E-03-0.225114826E-03
-0.265051462E-03-0.307175071E-03-0.351248803E-03-0.397046063E-03-0.444350954E-03
-0.492958584E-03-0.542675322E-03-0.593319034E-03-0.644719221E-03-0.696717022E-03
-0.749165045E-03-0.801927057E-03-0.854877622E-03-0.907901808E-03-0.960895082E-03
-0.101376350E-02-0.106642420E-02-0.111880612E-02-0.117085087E-02-0.122251331E-02
-0.127376191E-02-0.132457850E-02-0.137495735E-02-0.142490379E-02-0.147443222E-02
-0.152356388E-02-0.157232455E-02-0.162074215E-02-0.166884456E-02-0.171665755E-02
-0.176420289E-02-0.181149657E-02-0.185854710E-02-0.190535379E-02-0.195190505E-02
-0.199817654E-02-0.204412918E-02-0.208970718E-02-0.213483579E-02-0.217941917E-02
-0.222333826E-02-0.226644878E-02-0.230857965E-02-0.234953179E-02-0.238907765E-02
-0.242696141E-02-0.246290003E-02-0.249658512E-02-0.252768555E-02-0.255585064E-02
-0.258071396E-02-0.260189733E-02-0.261901522E-02-0.263167931E-02-0.263950336E-02
-0.264210841E-02-0.263912836E-02-0.263021603E-02-0.261504963E-02-0.259333960E-02
-0.256483551E-02-0.252933280E-02-0.248667903E-02-0.243677930E-02-0.237960061E-02
-0.231517502E-02-0.224360156E-02-0.216504676E-02-0.207974389E-02-0.198799062E-02
-0.189014513E-02-0.178662045E-02-0.167787707E-02-0.156441404E-02-0.144675894E-02
-0.132545714E-02-0.120106095E-02-0.107411934E-02-0.945168488E-03-0.814723756E-03
-0.683273157E-03-0.551272438E-03-0.419141737E-03-0.287263682E-03-0.155982718E-03
-0.256054815E-04 0.103598032E-03 0.231392701E-03 0.357576096E-03 0.481976049E-03
 0.604448091E-03 0.724872869E-03 0.843153611E-03 0.959213688E-03 0.107299432E-02
 0.118445246E-02 0.129355878E-02 0.140029595E-02 0.150465696E-02 0.160664370E-02
 0.170626566E-02 0.180353877E-02 0.189848441E-02 0.199112845E-02 0.208150055E-02
 0.216963341E-02 0.225556221E-02 0.233932406E-02 0.242095760E-02 0.250050257E-02
 0.257799951E-02 0.265348947E-02 0.272701378E-02 0.279861382E-02 0.286833090E-02
 0.293620608E-02 0.300228007E-02 0.306659313E-02 0.312918500E-02 0.319009482E-02
 0.324936113E-02 0.330702175E-02 0.336311383E-02-0.566128196E-04-0.780719924E-04
-0.102597295E-03-0.130003649E-03-0.160097320E-03-0.192679882E-03-0.227551547E-03
-0.264513824E-03-0.303371589E-03-0.343934650E-03-0.386018911E-03-0.429447262E-03
-0.474050229E-03-0.519666477E-03-0.566143160E-03-0.613336164E-03-0.661110244E-03
-0.709339095E-03-0.757905381E-03-0.806700759E-03-0.855625937E-03-0.904590763E-03
-0.953514373E-03-0.100232533E-02-0.105096174E-02-0.109937121E-02-0.114751071E-02
-0.119534612E-02-0.124285153E-02-0.129000832E-02-0.133680398E-02-0.138323073E-02
-0.142928403E-02-0.147496105E-02-0.152025904E-02-0.156517379E-02-0.160969809E-02
-0.165382019E-02-0.169752236E-02-0.174077935E-02-0.178355702E-02-0.182581078E-02
-0.186748422E-02-0.190850762E-02-0.194879655E-02-0.198825061E-02-0.202675215E-02
-0.206416539E-02-0.210033562E-02-0.213508886E-02-0.216823186E-02-0.219955256E-02
-0.222882105E-02-0.225579093E-02-0.228020125E-02-0.230177879E-02-0.232024074E-02
-0.233529775E-02-0.234665724E-02-0.235402699E-02-0.235711896E-02-0.235565336E-02
-0.234936289E-02-0.233799718E-02-0.232132733E-02-0.229915047E-02-0.227129423E-02
-0.223762098E-02-0.219803167E-02-0.215246918E-02-0.210092100E-02-0.204342109E-02
-0.198005095E-02-0.191093977E-02-0.183626355E-02-0.175624325E-02-0.167114195E-02
-0.158126096E-02-0.148693510E-02-0.138852710E-02-0.128642146E-02-0.118101798E-02
-0.107272513E-02-0.961953599E-03-0.849110280E-03-0.734592802E-03-0.618784829E-03
-0.502052181E-03-0.384739801E-03-0.267169571E-03-0.149638891E-03-0.324199702E-04
 0.842402920E-04 0.200119925E-03 0.315021112E-03 0.428769120E-03 0.541211011E-03
 0.652214216E-03 0.761665035E-03 0.869467104E-03 0.975539872E-03 0.107981712E-02
 0.118224556E-02 0.128278346E-02 0.138139942E-02 0.147807120E-02 0.157278463E-02
 0.166553265E-02 0.175631443E-02 0.184513452E-02 0.193200218E-02 0.201693068E-02
 0.209993674E-02 0.218104003E-02 0.226026267E-02 0.233762888E-02 0.241316455E-02
 0.248689699E-02 0.255885462E-02 0.262906673E-02 0.269756330E-02 0.276437478E-02
 0.282953194E-02 0.289306576E-02 0.295500729E-02 0.301538753E-02 0.307423742E-02
 0.313158769E-02 0.318746881E-02-0.484408226E-04-0.669123125E-04-0.880923479E-04
-0.111843970E-03-0.138021049E-03-0.166470965E-03-0.197037036E-03-0.229560662E-03
-0.263883159E-03-0.299847299E-03-0.337298588E-03-0.376086308E-03-0.416064358E-03
-0.457091929E-03-0.499034033E-03-0.541761927E-03-0.585153418E-03-0.629093113E-03
-0.673472588E-03-0.718190518E-03-0.763152776E-03-0.808272486E-03-0.853470052E-03
-0.898673129E-03-0.943816535E-03-0.988842064E-03-0.103369820E-02-0.107833969E-02
-0.112272698E-02-0.116682554E-02-0.121060500E-02-0.125403824E-02-0.129710032E-02
-0.133976743E-02-0.138201569E-02-0.142382002E-02-0.146515296E-02-0.150598347E-02
-0.154627580E-02-0.158598830E-02-0.162507237E-02-0.166347131E-02-0.170111930E-02
-0.173794042E-02-0.177384774E-02-0.180874254E-02-0.184251364E-02-0.187503692E-02
-0.190617505E-02-0.193577744E-02-0.196368046E-02-0.198970802E-02-0.201367235E-02
-0.203537519E-02-0.205460920E-02-0.207115977E-02-0.208480699E-02-0.209532798E-02
-0.210249937E-02-0.210609997E-02-0.210591373E-02-0.210173266E-02-0.209336000E-02
-0.208061336E-02-0.206332790E-02-0.204135945E-02-0.201458750E-02-0.198291793E-02
-0.194628555E-02-0.190465613E-02-0.185802810E-02-0.180643365E-02-0.174993931E-02
-0.168864586E-02-0.162268767E-02-0.155223133E-02-0.147747368E-02-0.139863925E-02
-0.131597709E-02-0.122975726E-02-0.114026687E-02-0.104780591E-02-0.952683041E-03
-0.855211401E-03-0.755704548E-03-0.654472739E-03-0.551819551E-03-0.448038948E-03
-0.343412818E-03-0.238208999E-03-0.132679781E-03-0.270608599E-04 0.784292909E-04
 0.183589690E-03 0.288236800E-03 0.392204218E-03 0.495342160E-03 0.597516778E-03
 0.698609362E-03 0.798515457E-03 0.897143931E-03 0.994416025E-03 0.109026439E-02
 0.118463216E-02 0.127747202E-02 0.136874535E-02 0.145842139E-02 0.154647647E-02
 0.163289326E-02 0.171766011E-02 0.180077046E-02 0.188222219E-02 0.196201717E-02
 0.204016076E-02 0.211666135E-02 0.219153004E-02 0.226478020E-02 0.233642722E-02
 0.240648822E-02 0.247498174E-02 0.254192759E-02 0.260734660E-02 0.267126048E-02
 0.273369159E-02 0.279466289E-02 0.285419777E-02 0.291231993E-02 0.296905331E-02
 0.302442200E-02-0.418759922E-04-0.579112874E-04-0.763412999E-04-0.970622611E-04
-0.119961968E-03-0.144921587E-03-0.171817379E-03-0.200522303E-03-0.230907467E-03
-0.262843425E-03-0.296201316E-03-0.330853844E-03-0.366676111E-03-0.403546329E-03
-0.441346404E-03-0.479962422E-03-0.519285037E-03-0.559209783E-03-0.599637313E-03
-0.640473577E-03-0.681629937E-03-0.723023233E-03-0.764575782E-03-0.806215333E-03
-0.847874937E-03-0.889492762E-03-0.931011813E-03-0.972379579E-03-0.101354759E-02
-0.105447087E-02-0.109510736E-02-0.113541720E-02-0.117536200E-02-0.121490402E-02
-0.125400538E-02-0.129262716E-02-0.133072853E-02-0.136826590E-02-0.140519204E-02
-0.144145524E-02-0.147699848E-02-0.151175868E-02-0.154566596E-02-0.157864297E-02
-0.161060437E-02-0.164145628E-02-0.167109602E-02-0.169941181E-02-0.172628278E-02
-0.175157903E-02-0.177516203E-02-0.179688503E-02-0.181659388E-02-0.183412792E-02
-0.184932116E-02-0.186200359E-02-0.187200278E-02-0.187914557E-02-0.188325996E-02
-0.188417710E-02-0.188173342E-02-0.187577285E-02-0.186614902E-02-0.185272755E-02
-0.183538827E-02-0.181402736E-02-0.178855936E-02-0.175891906E-02-0.172506310E-02
-0.168697134E-02-0.164464791E-02-0.159812187E-02-0.154744753E-02-0.149270434E-02
-0.143399637E-02-0.137145132E-02-0.130521922E-02-0.123547067E-02-0.116239474E-02
-0.108619667E-02-0.100709521E-02-0.925319910E-03-0.841108314E-03-0.754703092E-03
-0.666349312E-03-0.576291807E-03-0.484772749E-03-0.392029455E-03-0.298292463E-03
-0.203783891E-03-0.108716095E-03-0.132906093E-04 0.823026312E-04 0.177885819E-03
 0.273293563E-03 0.368372980E-03 0.462983608E-03 0.556997171E-03 0.650297223E-03
 0.742778706E-03 0.834347426E-03 0.924919489E-03 0.101442069E-02 0.110278592E-02
 0.118995849E-02 0.127588957E-02 0.136053754E-02 0.144386743E-02 0.152585036E-02
 0.160646296E-02 0.168568693E-02 0.176350852E-02 0.183991811E-02 0.191490978E-02
 0.198848096E-02 0.206063205E-02 0.213136609E-02 0.220068851E-02 0.226860682E-02
 0.233513037E-02 0.240027014E-02 0.246403854E-02 0.252644920E-02 0.258751683E-02
 0.264725707E-02 0.270568635E-02 0.276282176E-02 0.281868096E-02 0.287328207E-02
-0.364875398E-04-0.505022467E-04-0.666381048E-04-0.848147779E-04-0.104944552E-03
-0.126933567E-03-0.150683036E-03-0.176090415E-03-0.203050512E-03-0.231456505E-03
-0.261200880E-03-0.292176269E-03-0.324276186E-03-0.357395685E-03-0.391431911E-03
-0.426284584E-03-0.461856393E-03-0.498053323E-03-0.534784916E-03-0.571964464E-03
-0.609509149E-03-0.647340115E-03-0.685382494E-03-0.723565368E-03-0.761821669E-03
-0.800088030E-03-0.838304567E-03-0.876414597E-03-0.914364303E-03-0.952102338E-03
-0.989579368E-03-0.102674757E-02-0.106356011E-02-0.109997050E-02-0.113593209E-02
-0.117139733E-02-0.120631724E-02-0.124064071E-02-0.127431389E-02-0.130727961E-02
-0.133947677E-02-0.137083985E-02-0.140129836E-02-0.143077648E-02-0.145919266E-02
-0.148645939E-02-0.151248299E-02-0.153716358E-02-0.156039511E-02-0.158206557E-02
-0.160205731E-02-0.162024751E-02-0.163650878E-02-0.165070996E-02-0.166271701E-02
-0.167239406E-02-0.167960458E-02-0.168421272E-02-0.168608466E-02-0.168509015E-02
-0.168110402E-02-0.167400781E-02-0.166369135E-02-0.165005441E-02-0.163300824E-02
-0.161247707E-02-0.158839950E-02-0.156072979E-02-0.152943891E-02-0.149451547E-02
-0.145596639E-02-0.141381734E-02-0.136811288E-02-0.131891637E-02-0.126630957E-02
-0.121039201E-02-0.115128000E-02-0.108910550E-02-0.102401465E-02-0.956166239E-03
-0.885729913E-03-0.812884313E-03-0.737815148E-03-0.660713241E-03-0.581772598E-03
-0.501188543E-03-0.419155946E-03-0.335867588E-03-0.251512678E-03-0.166275539E-03
-0.803344742E-04 0.613917940E-05 0.929818178E-04 0.180038160E-03 0.267161675E-03
 0.354214854E-03 0.441069346E-03 0.527605979E-03 0.613714670E-03 0.699294254E-03
 0.784252231E-03 0.868504472E-03 0.951974862E-03 0.103459493E-02 0.111630342E-02
 0.119704593E-02 0.127677442E-02 0.135544686E-02 0.143302676E-02 0.150948278E-02
 0.158478839E-02 0.165892141E-02 0.173186372E-02 0.180360088E-02 0.187412184E-02
 0.194341861E-02 0.201148601E-02 0.207832137E-02 0.214392435E-02 0.220829662E-02
 0.227144176E-02 0.233336498E-02 0.239407299E-02 0.245357383E-02 0.251187673E-02
 0.256899195E-02 0.262493067E-02 0.267970489E-02 0.273332733E-02-0.319877024E-04
-0.443022004E-04-0.584993450E-04-0.745157175E-04-0.922815665E-04-0.111721663E-03
-0.132756167E-03-0.155301480E-03-0.179271073E-03-0.204576275E-03-0.231127011E-03
-0.258832480E-03-0.287601781E-03-0.317344464E-03-0.347971029E-03-0.379393354E-03
-0.411525064E-03-0.444281846E-03-0.477581697E-03-0.511345126E-03-0.545495298E-03
-0.579958125E-03-0.614662309E-03-0.649539332E-03-0.684523403E-03-0.719551345E-03
-0.754562443E-03-0.789498243E-03-0.824302303E-03-0.858919908E-03-0.893297736E-03
-0.927383499E-03-0.961125551E-03-0.994472465E-03-0.102737260E-02-0.105977367E-02
-0.109162225E-02-0.112286337E-02-0.115344007E-02-0.118329296E-02-0.121235984E-02
-0.124057534E-02-0.126787061E-02-0.129417303E-02-0.131940604E-02-0.134348897E-02
-0.136633699E-02-0.138786114E-02-0.140796843E-02-0.142656205E-02-0.144354165E-02
-0.145880382E-02-0.147224253E-02-0.148374978E-02-0.149321634E-02-0.150053252E-02
-0.150558910E-02-0.150827832E-02-0.150849488E-02-0.150613711E-02-0.150110805E-02
-0.149331668E-02-0.148267899E-02-0.146911923E-02-0.145257096E-02-0.143297811E-02
-0.141029599E-02-0.138449211E-02-0.135554696E-02-0.132345461E-02-0.128822316E-02
-0.124987501E-02-0.120844698E-02-0.116399018E-02-0.111656975E-02-0.106626441E-02
-0.101316577E-02-0.957377512E-03-0.899014449E-03-0.838201393E-03-0.775071948E-03
-0.709767216E-03-0.642434441E-03-0.573225637E-03-0.502296202E-03-0.429803575E-03
-0.355905933E-03-0.280760961E-03-0.204524718E-03-0.127350594E-03-0.493883901E-04
 0.292164917E-04 0.108323734E-03 0.187798671E-03 0.267512743E-03 0.347343838E-03
 0.427176532E-03 0.506902233E-03 0.586419251E-03 0.665632780E-03 0.744454826E-03
 0.822804079E-03 0.900605735E-03 0.977791285E-03 0.105429828E-02 0.113007005E-02
 0.120505547E-02 0.127920861E-02 0.135248851E-02 0.142485883E-02 0.149628759E-02
 0.156674689E-02 0.163621260E-02 0.170466413E-02 0.177208415E-02 0.183845833E-02
 0.190377513E-02 0.196802558E-02 0.203120304E-02 0.209330302E-02 0.215432302E-02
 0.221426232E-02 0.227312181E-02 0.233090388E-02 0.238761228E-02 0.244325195E-02
 0.249782892E-02 0.255135022E-02 0.260382377E-02-0.281767285E-04-0.390430548E-04
-0.515834607E-04-0.657469988E-04-0.814773133E-04-0.987132452E-04-0.117389453E-03
-0.137437039E-03-0.158784168E-03-0.181356662E-03-0.205078580E-03-0.229872754E-03
-0.255661295E-03-0.282366049E-03-0.309909018E-03-0.338212729E-03-0.367200562E-03
-0.396797029E-03-0.426928007E-03-0.457520926E-03-0.488504919E-03-0.519810919E-03
-0.551371718E-03-0.583121988E-03-0.614998256E-03-0.646938842E-03-0.678883759E-03
-0.710774576E-03-0.742554250E-03-0.774166922E-03-0.805557685E-03-0.836672331E-03
-0.867457073E-03-0.897858249E-03-0.927822021E-03-0.957294056E-03-0.986219215E-03
-0.101454125E-02-0.104220248E-02-0.106914355E-02-0.109530313E-02-0.112061770E-02
-0.114502135E-02-0.116844564E-02-0.119081945E-02-0.121206899E-02-0.123211772E-02
-0.125088649E-02-0.126829362E-02-0.128425513E-02-0.129868501E-02-0.131149556E-02
-0.132259784E-02-0.133190212E-02-0.133931849E-02-0.134475745E-02-0.134813066E-02
-0.134935160E-02-0.134833644E-02-0.134500479E-02-0.133928057E-02-0.133109286E-02
-0.132037677E-02-0.130707420E-02-0.129113469E-02-0.127251618E-02-0.125118564E-02
-0.122711971E-02-0.120030525E-02-0.117073969E-02-0.113843138E-02-0.110339979E-02
-0.106567551E-02-0.102530024E-02-0.982326508E-03-0.936817420E-03-0.888846133E-03
-0.838495305E-03-0.785856403E-03-0.731028927E-03-0.674119550E-03-0.615241200E-03
-0.554512098E-03-0.492054763E-03-0.427995019E-03-0.362460998E-03-0.295582179E-03
-0.227488458E-03-0.158309272E-03-0.881727864E-04-0.172051500E-04 0.544701746E-04
 0.126733000E-03 0.199466924E-03 0.272559758E-03 0.345903876E-03 0.419396494E-03
 0.492939872E-03 0.566441455E-03 0.639813954E-03 0.712975374E-03 0.785848987E-03
 0.858363279E-03 0.930451849E-03 0.100205328E-02 0.107311099E-02 0.114357308E-02
 0.121339210E-02 0.128252491E-02 0.135093244E-02 0.141857951E-02 0.148543460E-02
 0.155146963E-02 0.161665980E-02 0.168098334E-02 0.174442134E-02 0.180695755E-02
 0.186857820E-02 0.192927185E-02 0.198902917E-02 0.204784280E-02 0.210570725E-02
 0.216261869E-02 0.221857483E-02 0.227357484E-02 0.232761917E-02 0.238070948E-02
 0.243284852E-02 0.248404004E-02-0.249115432E-04-0.345315908E-04-0.456425954E-04
-0.582029755E-04-0.721665266E-04-0.874828552E-04-0.104097831E-03-0.121954047E-03
-0.140991284E-03-0.161146963E-03-0.182356590E-03-0.204554179E-03-0.227672651E-03
-0.251644211E-03-0.276400689E-03-0.301873849E-03-0.327995675E-03-0.354698607E-03
-0.381915755E-03-0.409581070E-03-0.437629484E-03-0.465997015E-03-0.494620838E-03
-0.523439319E-03-0.552392026E-03-0.581419696E-03-0.610464185E-03-0.639468382E-03
-0.668376100E-03-0.697131940E-03-0.725681140E-03-0.753969399E-03-0.781942689E-03
-0.809547056E-03-0.836728409E-03-0.863432313E-03-0.889603772E-03-0.915187025E-03
-0.940125349E-03-0.964360874E-03-0.987834418E-03-0.101048535E-02-0.103225146E-02
-0.105306890E-02-0.107287212E-02-0.109159389E-02-0.110916529E-02-0.112551585E-02
-0.114057365E-02-0.115426553E-02-0.116651732E-02-0.117725412E-02-0.118640066E-02
-0.119388172E-02-0.119962252E-02-0.120354925E-02-0.120558958E-02-0.120567324E-02
-0.120373260E-02-0.119970325E-02-0.119352469E-02-0.118514090E-02-0.117450096E-02
-0.116155969E-02-0.114627818E-02-0.112862435E-02-0.110857343E-02-0.108610839E-02
-0.106122031E-02-0.103390868E-02-0.100418158E-02-0.972055851E-03-0.937557072E-03
-0.900719550E-03-0.861586143E-03-0.820208020E-03-0.776644333E-03-0.730961801E-03
-0.683234215E-03-0.633541887E-03-0.581971028E-03-0.528613084E-03-0.473564044E-03
-0.416923707E-03-0.358794955E-03-0.299283009E-03-0.238494712E-03-0.176537816E-03
-0.113520309E-03-0.495497758E-04 0.152671965E-04 0.808255677E-04 0.147022338E-03
 0.213756988E-03 0.280931863E-03 0.348452507E-03 0.416227929E-03 0.484170835E-03
 0.552197795E-03 0.620229371E-03 0.688190201E-03 0.756009042E-03 0.823618781E-03
 0.890956411E-03 0.957962981E-03 0.102458353E-02 0.109076697E-02 0.115646602E-02
 0.122163703E-02 0.128623991E-02 0.135023792E-02 0.141359757E-02 0.147628845E-02
 0.153828311E-02 0.159955686E-02 0.166008763E-02 0.171985586E-02 0.177884432E-02
 0.183703795E-02 0.189442378E-02 0.195099074E-02 0.200672958E-02 0.206163270E-02
 0.211569408E-02 0.216890913E-02 0.222127462E-02 0.227278856E-02 0.232345010E-02
 0.237325946E-02
 0.806829230E+01 0.196007497E+01 0.191130249E+01 0.189113796E+01 0.187968705E+01
 0.187888212E+01 0.187545044E+01 0.187197941E+01 0.187158121E+01 0.187180639E+01
 0.187184557E+01 0.187212313E+01 0.187372024E+01 0.187562052E+01 0.187711001E+01
 0.187899704E+01 0.188136512E+01 0.188411699E+01 0.188703980E+01 0.188991908E+01
 0.189281186E+01 0.189607299E+01 0.189987200E+01 0.190353633E+01 0.190757560E+01
 0.191153024E+01 0.191568604E+01 0.192013160E+01 0.192489084E+01 0.192969910E+01
 0.193472331E+01 0.193995192E+01 0.194524223E+01 0.195086827E+01 0.195669499E+01
 0.196272433E+01 0.196895133E+01 0.197537985E+01 0.198205983E+01 0.198886027E+01
 0.199592360E+01 0.200329160E+01 0.201091435E+01 0.201871594E+01 0.202674088E+01
 0.203510313E+01 0.204366063E+01 0.205249479E+01 0.206163353E+01 0.207107933E+01
 0.208078257E+01 0.209077738E+01 0.210111739E+01 0.211178135E+01 0.212274066E+01
 0.213402253E+01 0.214568935E+01 0.215774805E+01 0.217014497E+01 0.218292801E+01
 0.219608499E+01 0.220971128E+01 0.222375661E+01 0.223819221E+01 0.225311605E+01
 0.226852800E+01 0.228443513E+01 0.230082151E+01 0.231774334E+01 0.233519724E+01
 0.235324962E+01 0.237190992E+01 0.239116513E+01 0.241106162E+01 0.243161944E+01
 0.245286931E+01 0.247484778E+01 0.249760112E+01 0.252111222E+01 0.254545589E+01
 0.257070888E+01 0.259683697E+01 0.262385430E+01 0.265191699E+01 0.268104367E+01
 0.271122988E+01 0.274252790E+01 0.277502629E+01 0.280885514E+01 0.284401208E+01
 0.288050271E+01 0.291850840E+01 0.295815160E+01 0.299934211E+01 0.304233925E+01
 0.308722010E+01 0.313410599E+01 0.318296027E+01 0.323401618E+01 0.328767559E+01
 0.334382376E+01 0.340251081E+01 0.346415228E+01 0.352914575E+01 0.359728372E+01
 0.366900460E+01 0.374472160E+01 0.382461052E+01 0.390871453E+01 0.399818919E+01
 0.409313716E+01 0.419359239E+01 0.430031194E+01 0.441470946E+01 0.453618078E+01
 0.466640812E+01 0.480624644E+01 0.495626255E+01 0.511858221E+01 0.529468408E+01
 0.548402362E+01 0.569087818E+01 0.591783059E+01 0.616616307E+01 0.644239600E+01
 0.674850647E+01 0.709192125E+01 0.747484570E+01 0.790499488E+01
  108   17
 0.104207156E+00 0.000000000E+00 0.104044338E+00 0.468750000E-01 0.104935200E+00
 0.937500000E-01 0.106898579E+00 0.140625000E+00 0.110023415E+00 0.187500000E+00
 0.112890625E+00 0.219140779E+00 0.117005913E+00 0.257812500E+00 0.121875000E+00
 0.293798875E+00 0.127105278E+00 0.328125000E+00 0.131492717E+00 0.351562500E+00
 0.139843750E+00 0.385327226E+00 0.148828125E+00 0.411259682E+00 0.157812500E+00
 0.431134653E+00 0.166796875E+00 0.447441371E+00 0.181091678E+00 0.468750000E+00
 0.193750000E+00 0.484304241E+00 0.202734375E+00 0.493347977E+00 0.220703125E+00
 0.508577433E+00 0.232076970E+00 0.515625000E+00 0.247656250E+00 0.523877651E+00
 0.265625000E+00 0.530135348E+00 0.283593750E+00 0.533652310E+00 0.301562500E+00
 0.534937411E+00 0.319531250E+00 0.534297339E+00 0.337500000E+00 0.531891564E+00
 0.355468750E+00 0.527769583E+00 0.373437500E+00 0.521898166E+00 0.388263145E+00
 0.515625000E+00 0.400390625E+00 0.510300470E+00 0.418359375E+00 0.500675043E+00
 0.431459555E+00 0.492187500E+00 0.445312500E+00 0.482904219E+00 0.462813093E+00
 0.468750000E+00 0.472265625E+00 0.460681684E+00 0.487767648E+00 0.445312500E+00
 0.499218750E+00 0.433288367E+00 0.508806538E+00 0.421875000E+00 0.526171875E+00
 0.399838815E+00 0.535156250E+00 0.387596493E+00 0.544140625E+00 0.374365638E+00
 0.558894462E+00 0.351562500E+00 0.571093750E+00 0.331685978E+00 0.580078125E+00
 0.316336920E+00 0.589062500E+00 0.300344139E+00 0.599403124E+00 0.281250000E+00
 0.611536174E+00 0.257812500E+00 0.622993676E+00 0.234375000E+00 0.633700258E+00
 0.210937500E+00 0.642968750E+00 0.188925274E+00 0.651953125E+00 0.165445775E+00
 0.660322544E+00 0.140625000E+00 0.666993799E+00 0.117187500E+00 0.672372851E+00
 0.937500000E-01 0.678906250E+00 0.471871986E-01 0.680035216E+00 0.234375000E-01
 0.678906250E+00-0.806204559E-02 0.674081386E+00-0.468750000E-01 0.669022638E+00
-0.703125000E-01 0.660937500E+00-0.985408303E-01 0.651953125E+00-0.124225508E+00
 0.642968750E+00-0.146521283E+00 0.633984375E+00-0.166625954E+00 0.623787325E+00
-0.187500000E+00 0.611347667E+00-0.210937500E+00 0.598046875E+00-0.234213325E+00
 0.589062500E+00-0.249085866E+00 0.580078125E+00-0.263390873E+00 0.568269832E+00
-0.281250000E+00 0.553125000E+00-0.303044358E+00 0.544140625E+00-0.315413192E+00
 0.534289017E+00-0.328125000E+00 0.517187500E+00-0.349180229E+00 0.508203125E+00
-0.359631573E+00 0.493672999E+00-0.375000000E+00 0.481250000E+00-0.387646176E+00
 0.469149240E+00-0.398437500E+00 0.454296875E+00-0.411230805E+00 0.439678206E+00
-0.421875000E+00 0.427343750E+00-0.430593792E+00 0.409375000E+00-0.441164976E+00
 0.400390625E+00-0.445712420E+00 0.382421875E+00-0.454234461E+00 0.364453125E+00
-0.460771897E+00 0.346484375E+00-0.465509304E+00 0.328515625E+00-0.468560328E+00
 0.319531250E+00-0.469550726E+00 0.301562500E+00-0.470062738E+00 0.286450448E+00
-0.468750000E+00 0.274609375E+00-0.466891762E+00 0.256640625E+00-0.461980441E+00
 0.238671875E+00-0.454050169E+00 0.224917742E+00-0.445312500E+00 0.211718750E+00
-0.435407429E+00 0.198125015E+00-0.421875000E+00 0.184765625E+00-0.405622024E+00
 0.175781250E+00-0.392064151E+00 0.166363649E+00-0.375000000E+00 0.155756293E+00
-0.351562500E+00 0.147168849E+00-0.328125000E+00 0.139843750E+00-0.304080943E+00
 0.130859375E+00-0.268259405E+00 0.124005067E+00-0.234375000E+00 0.120126397E+00
-0.210937500E+00 0.113992631E+00-0.164062500E+00 0.111558131E+00-0.140625000E+00
 0.107778639E+00-0.937500000E-01 0.105406368E+00-0.468750000E-01 0.104207156E+00
 0.000000000E+00
 0.104000000E+00 0.575000000E+00 0.133700000E+00 0.727900000E+00 0.133700000E+00
 0.118500000E+01 0.600000000E+00 0.118500000E+01 0.600000000E+00 0.600000000E+00
 0.700000000E+00 0.600000000E+00 0.700000000E+00 0.585000000E+00 0.760000000E+00
 0.585000000E+00 0.760000000E+00-0.585000000E+00 0.700000000E+00-0.585000000E+00
 0.700000000E+00-0.600000000E+00 0.600000000E+00-0.600000000E+00 0.600000000E+00
-0.118500000E+01 0.133700000E+00-0.118500000E+01 0.133700000E+00-0.727900000E+00
 0.104000000E+00-0.575000000E+00 0.104000000E+00 0.575000000E+00
    0 0.170000000E+01    0
 0.000000000E+00 0.807001904E-01 0.108915017E+00 0.130883667E+00 0.149525464E+00
 0.164738844E+00 0.179899101E+00 0.193684834E+00 0.206677488E+00 0.218885820E+00
 0.230426063E+00 0.241396348E+00 0.251937153E+00 0.262077164E+00 0.271825945E+00
 0.281207656E+00 0.290341209E+00 0.299213323E+00 0.307837782E+00 0.316248923E+00
 0.324401583E+00 0.332409331E+00 0.340262981E+00 0.347925370E+00 0.355444786E+00
 0.362828704E+00 0.370064945E+00 0.377181148E+00 0.384193687E+00 0.391110408E+00
 0.397915205E+00 0.404605903E+00 0.411201894E+00 0.417732019E+00 0.424189295E+00
 0.430547289E+00 0.436831916E+00 0.443066243E+00 0.449233534E+00 0.455318027E+00
 0.461341197E+00 0.467323441E+00 0.473263004E+00 0.479134541E+00 0.484961070E+00
 0.490739551E+00 0.496476730E+00 0.502175469E+00 0.507825677E+00 0.513451259E+00
 0.519030325E+00 0.524581594E+00 0.530107252E+00 0.535600688E+00 0.541055177E+00
 0.546491860E+00 0.551901264E+00 0.557297678E+00 0.562665376E+00 0.568005760E+00
 0.573334389E+00 0.578651370E+00 0.583949871E+00 0.589232099E+00 0.594501741E+00
 0.599760920E+00 0.605010872E+00 0.610251231E+00 0.615483828E+00 0.620716453E+00
 0.625938136E+00 0.631162465E+00 0.636385113E+00 0.641602532E+00 0.646823665E+00
 0.652048377E+00 0.657279230E+00 0.662516616E+00 0.667754768E+00 0.672999709E+00
 0.678266551E+00 0.683540533E+00 0.688821034E+00 0.694123478E+00 0.699447669E+00
 0.704781446E+00 0.710132804E+00 0.715506906E+00 0.720912476E+00 0.726344710E+00
 0.731797272E+00 0.737282279E+00 0.742805586E+00 0.748349868E+00 0.753938323E+00
 0.759569926E+00 0.765245952E+00 0.770954766E+00 0.776708234E+00 0.782530659E+00
 0.788402916E+00 0.794316435E+00 0.800297336E+00 0.806359109E+00 0.812476769E+00
 0.818665173E+00 0.824939829E+00 0.831290300E+00 0.837712350E+00 0.844254996E+00
 0.850904115E+00 0.857638919E+00 0.864482919E+00 0.871482143E+00 0.878580258E+00
 0.885826564E+00 0.893227457E+00 0.900777797E+00 0.908530139E+00 0.916491824E+00
 0.924602637E+00 0.932956102E+00 0.941580659E+00 0.950440891E+00 0.959628688E+00
 0.969117844E+00 0.979022783E+00 0.989300999E+00 0.100000000E+01
    0
&OUT1
 ISHOT=48224      ,
 ITIME=300        ,
 BETAP0= 0.50000000000000000     ,
 RZERO= 0.40000000000000002     ,
 QENP= 0.94999999999999996     ,
 ENP=  1.0000000000000000     ,
 EMP=  1.0000000000000000     ,
 PLASMA=  143167.39099340237     ,
 EXPMP2=  4.7123016520673258E-002,  6.1546570348316981E-002,  7.8788671448302844E-002,  9.8969415753950796E-002, 0.10111980963033999     ,
  0.10741270190282448     , 0.11219132261328860     , 0.12240094093345956     , 0.13210227486463400     , 0.14406686388630704     , 0.15012467563710447     ,
  0.15427243206545899     , 0.15591301263292739     , 0.15515729625568472     , 0.15233968160033121     , 0.14724100037394380     , 0.13991144904687344     ,
  0.13063059131542842     , 0.11444146375274275     , 0.10201131312100303     ,  8.9283784763317053E-002,  7.8150068650551963E-002,  7.0281684506456207E-002,
   6.6597531253642414E-002,  5.8375227197740048E-002,  4.5637408887171188E-002,  3.0931889900881589E-002, -8.5448003878612969E-002, -7.1898556576435527E-002,
  -5.9227000199155763E-002, -5.0941936365826390E-002, -4.5663240204464758E-002, -4.1935610195615647E-002, -3.9543338666777741E-002, -3.7794614307586245E-002,
  -3.7744271951614609E-002, -3.7288871212984943E-002, -3.5229547757906016E-002, -3.5100639992754007E-002, -3.6600427133626504E-002, -3.8599582376012229E-002,
  -3.9951578287738425E-002, -4.1856373819097265E-002, -4.5480204712054571E-002, -4.8791584034084401E-002, -5.4972611087101581E-002, -6.7835227087881839E-002,
  -8.6168003005569635E-002, -7.7142969708612757E-003, -7.1774437915067477E-003, -5.7474878148445971E-003, -3.3822219147891242E-003, -4.1083959534671255E-005,
   4.4496609910467666E-003,  1.0663115920288596E-002,  2.0257233427606547E-002, -1.1474586156382097E-002, -1.0399760174655381E-002, -8.5197013356050483E-003,
  -5.7755879638357530E-003, -2.1142304568349812E-003,  2.6473406316009918E-003,  9.0884164611811438E-003,  1.8870930072435982E-002,
 COILS= -2.3964474570697478E-003, -9.5085746752232077E-003, -1.0423123362849687E-002, -2.9139953231824885E-003,  1.0862092379565560E-003,
   1.6140214161197632E-003,  1.1279241289565089E-003,  1.2130209168323487E-003,  1.2145987095656375E-003,  1.1535129720662181E-003,  1.1568120929488497E-003,
 
 BTOR= 0.15086964300016498     ,
 RCENTR= 0.40000000000000002     ,
 BRSP=  1694.3806955931150     ,  1694.3806955931268     ,  1694.3806955931161     ,  1694.3806955931225     ,  1694.3806955931223     ,
   1694.3806955931254     ,  1694.3806955931150     ,  1694.3806955931238     ,  7.5763692049072313E-011,  1.1187737578061400E-010, -9.8235884521898751E-012,
  -2.1710418462576020E-011, -1.1426928090132952E-011, -2.8149561096630651E-011,  1690.6991794045875     ,  1690.6991794045873     , -2058.2245457185218     ,
  -2058.2245457185231     , -4.8135439253018508E-011, -8.2500853926527713E-011, -1.0935122452648478E-010, -1.6388007643089632E-010, -1313.4652588983129     ,
  -1313.4652588983122     , -1313.4652588983145     , -1313.4652588983138     ,  3.1817243484670614     ,  20.146344191912153     ,  34.977570617364613     ,
   9.9330197126856774     , -4.2871448998629574E-002, -4.1656149106171707E-006, -1.0345338388367164E-005, -1.3460264881655684E-005, -9.9837088817775366E-006,
  -1.5673502915086416E-006,  9.7149050626182755E-006,  2.2682216271977463E-005,  4.7647450245668256E-005,  5.6337386981382600E-005,  6.0160040950957428E-005,
   5.7427291419296115E-005,  5.1749860266732614E-005,  4.3454188106982547E-005,  3.2475663263100384E-005,  1.8979566558560557E-005,  5.5071664983267275E-006,
  -5.5990786671793288E-006, -1.5493091677319452E-005, -2.0469532769983397E-005, -1.6530554349106504E-005, -4.9708447582180058E-006, -9.5446218675233487E-005,
  -9.6531720016648355E-005, -9.8277063565201315E-005, -1.0079362436080832E-004, -1.0417142140054125E-004, -1.0861969194129453E-004, -1.1473708867980307E-004,
  -1.2419996370107388E-004, -9.3297427928034111E-005, -9.4484457540568704E-005, -9.6354590312797619E-005, -9.9007239596072511E-005, -1.0252399282480674E-004,
  -1.0710776325067603E-004, -1.1335186211085224E-004, -1.2292805016001878E-004,  1.4014437335491307E-004,  2.1110730103795411E-007,  7.4175184086293423E-005,
   5.6690009712301561E-005,  5.2873536828779712E-005,  5.4312493413623603E-005,  1.1265860856704552E-004,  1.0412760865717609E-004,  9.3780715793909320E-005,
   8.0722254466743904E-005,  2.3675901053359699E-004,  1.7132042346481506E-004,  2.3605675588996361E-004,  1.6783998988361575E-004,  1.5541342190899542E-004,
   1.1649245147074562E-004,  9.8168022840748077E-005,  7.9888457922361344E-005,-0.38358488421757014     , 0.21009345571201260     ,  6.6533964484823641E-002,
  0.41217419052697990     ,-0.16996205713115020     ,  5.6527714672011016E-003,  2.9626541284843167E-005,  3.6093099469059577E-005,  3.3654958917370476E-005,
  -6.5205572190786502E-005, -5.0750810143180101E-005, -3.3219234781663723E-005, -1.1093229988458047E-005, -1.1314028617481247E-006, -1.1323304193773013E-005,
  -1.9864962603185013E-005,  1.1063696528304501E-004,  1.4040542253083391E-004,  1.0805605286829851E-005,  1.4114440132091657E-005,  5.1121342702496779E-005,
   2.4009572650204511E-005,  2.4068500506918487E-005,  1.8497780596967375E-004,  2.0528761425467879E-004,  2.6354587793227035E-004,  2.9435598425815702E-004,
   2.4291866325899057E-004, 460*0.0000000000000000       ,
 ICURRT=2          ,
 RBDRY= 0.10420715638186423     , 0.10404433751765749     , 0.10493519970904404     , 0.10689857860983883     , 0.11002341529901964     ,
  0.11289062499999999     , 0.11700591347486708     , 0.12187500000000000     , 0.12710527849357853     , 0.13149271745317462     , 0.13984374999999999     ,
  0.14882812499999998     , 0.15781249999999999     , 0.16679687500000001     , 0.18109167812336635     , 0.19374999999999998     , 0.20273437499999997     ,
  0.22070312500000000     , 0.23207697011693446     , 0.24765624999999997     , 0.26562500000000000     , 0.28359374999999998     , 0.30156249999999996     ,
  0.31953124999999999     , 0.33749999999999997     , 0.35546874999999994     , 0.37343749999999998     , 0.38826314467151135     , 0.40039062499999994     ,
  0.41835937499999998     , 0.43145955521191237     , 0.44531249999999994     , 0.46281309297784862     , 0.47226562499999997     , 0.48776764753322005     ,
  0.49921874999999993     , 0.50880653762512618     , 0.52617187499999996     , 0.53515625000000000     , 0.54414062499999993     , 0.55889446182346547     ,
  0.57109374999999996     , 0.58007812500000000     , 0.58906250000000004     , 0.59940312425560260     , 0.61153617442791242     , 0.62299367572351849     ,
  0.63370025789766948     , 0.64296874999999998     , 0.65195312500000002     , 0.66032254445746452     , 0.66699379867329678     , 0.67237285052845464     ,
  0.67890625000000004     , 0.68003521562222358     , 0.67890625000000004     , 0.67408138550909991     , 0.66902263801185702     , 0.66093749999999996     ,
  0.65195312500000002     , 0.64296874999999998     , 0.63398437500000004     , 0.62378732491656652     , 0.61134766664414486     , 0.59804687499999998     ,
  0.58906250000000004     , 0.58007812500000000     , 0.56826983204300296     , 0.55312499999999998     , 0.54414062499999993     , 0.53428901744553314     ,
  0.51718750000000002     , 0.50820312499999998     , 0.49367299895175504     , 0.48124999999999996     , 0.46914924032112415     , 0.45429687499999993     ,
  0.43967820601387347     , 0.42734374999999997     , 0.40937499999999999     , 0.40039062499999994     , 0.38242187499999997     , 0.36445312499999999     ,
  0.34648437499999996     , 0.32851562499999998     , 0.31953124999999999     , 0.30156249999999996     , 0.28645044839768186     , 0.27460937499999999     ,
  0.25664062500000001     , 0.23867187499999998     , 0.22491774238147907     , 0.21171875000000001     , 0.19812501512449518     , 0.18476562499999999     ,
  0.17578125000000000     , 0.16636364857586455     , 0.15575629289055357     , 0.14716884922481041     , 0.13984374999999999     , 0.13085937500000000     ,
  0.12400506680915256     , 0.12012639651726527     , 0.11399263135197410     , 0.11155813053510530     , 0.10777863940226412     , 0.10540636838117411     ,
  0.10420715638186423     , 192*0.0000000000000000       ,
 ZBDRY=  0.0000000000000000     ,  4.6875000000000000E-002,  9.3750000000000000E-002, 0.14062500000000000     , 0.18750000000000000     ,
  0.21914077853877745     , 0.25781250000000000     , 0.29379887483629963     , 0.32812500000000000     , 0.35156250000000000     , 0.38532722605742348     ,
  0.41125968155988413     , 0.43113465297703951     , 0.44744137110390925     , 0.46875000000000000     , 0.48430424095323543     , 0.49334797658853585     ,
  0.50857743289490998     , 0.51562500000000000     , 0.52387765143493414     , 0.53013534803133622     , 0.53365230960811849     , 0.53493741059365718     ,
  0.53429733947328006     , 0.53189156353578926     , 0.52776958338913083     , 0.52189816594113103     , 0.51562500000000000     , 0.51030047029912107     ,
  0.50067504264233076     , 0.49218750000000000     , 0.48290421910293402     , 0.46875000000000000     , 0.46068168421687139     , 0.44531250000000000     ,
  0.43328836739283944     , 0.42187500000000000     , 0.39983881509380270     , 0.38759649308891403     , 0.37436563841289705     , 0.35156250000000000     ,
  0.33168597763283320     , 0.31633691981417761     , 0.30034413850669384     , 0.28125000000000000     , 0.25781250000000000     , 0.23437500000000000     ,
  0.21093750000000000     , 0.18892527350729624     , 0.16544577528714227     , 0.14062500000000000     , 0.11718750000000000     ,  9.3750000000000000E-002,
   4.7187198595998507E-002,  2.3437500000000000E-002, -8.0620455948413779E-003, -4.6875000000000000E-002, -7.0312500000000000E-002, -9.8540830273063262E-002,
 -0.12422550751529522     ,-0.14652128326716218     ,-0.16662595408654238     ,-0.18750000000000000     ,-0.21093750000000000     ,-0.23421332538488090     ,
 -0.24908586630419086     ,-0.26339087296437574     ,-0.28125000000000000     ,-0.30304435820181180     ,-0.31541319225942288     ,-0.32812500000000000     ,
 -0.34918022943908800     ,-0.35963157301868537     ,-0.37500000000000000     ,-0.38764617568379767     ,-0.39843750000000000     ,-0.41123080511882332     ,
 -0.42187500000000000     ,-0.43059379175582913     ,-0.44116497622808637     ,-0.44571242004822059     ,-0.45423446086041569     ,-0.46077189669620844     ,
 -0.46550930413974212     ,-0.46856032793974645     ,-0.46955072584131030     ,-0.47006273783484165     ,-0.46875000000000000     ,-0.46689176184421632     ,
 -0.46198044081676631     ,-0.45405016931033965     ,-0.44531250000000000     ,-0.43540742859348869     ,-0.42187500000000000     ,-0.40562202427767563     ,
 -0.39206415137903367     ,-0.37500000000000000     ,-0.35156250000000000     ,-0.32812500000000000     ,-0.30408094329539043     ,-0.26825940484679117     ,
 -0.23437500000000000     ,-0.21093750000000000     ,-0.16406250000000000     ,-0.14062500000000000     , -9.3750000000000000E-002, -4.6875000000000000E-002,
  193*0.0000000000000000       ,
 NBDRY=108        ,
 FWTSI= 4*0.0000000000000000       , 3*1.0000000000000000E-002  , 3*0.0000000000000000       ,  1.0000000000000000E-002,
 FWTCUR=  1.0000000000000000E-004,
 MXITER=100        ,
 NXITER=1          ,
 LIMITR=16         ,
 XLIM= 0.10400000000000000     , 2*0.13370000000000001      , 2*0.59999999999999998      , 2*0.69999999999999996      , 2*0.76000000000000001      ,
  2*0.69999999999999996      , 2*0.59999999999999998      , 2*0.13370000000000001      , 2*0.10400000000000000      , 143*0.0000000000000000       ,
 YLIM= 0.57499999999999996     , 0.72789999999999999     , 2*1.1850000000000001       , 2*0.59999999999999998      , 2*0.58499999999999996      ,
  2*-0.58499999999999996     , 2*-0.59999999999999998     , 2*-1.1850000000000001      ,-0.72789999999999999     ,-0.57499999999999996     , 0.57499999999999996     ,
  143*0.0000000000000000       ,
 ERROR=  1.0000000000000001E-005,
 ICONVR=2          ,
 IBUNMN=1          ,
 PRESSR=  134.19047830571944     ,  137.84177900540084     ,  134.32784525104870     ,  117.01752850034143     ,  82.828833233904945     ,
  -4.2552180972557724E-002, 195*0.0000000000000000       ,
 RPRESS= -4.2185719102105099E-002, -2.0785764051081991E-003, -4.0815131566295050E-002,-0.17658122502619947     ,-0.37370323300549529     ,
  -1.0000000000000000     , 195*0.0000000000000000       ,
 NQPSI=129        ,
 NPRESS=6          ,
 SIGPRE=  39.471069999999997     ,  51.384569999999997     ,  56.111440000000002     ,  50.678780000000003     ,  38.087190000000000     ,
   7.4302489999999999     , 195*0.0000000000000000       ,
 QPSI=  8.0682923030338571     ,  1.9600749688213839     ,  1.9113024927825253     ,  1.8911379604777678     ,  1.8796870466507594     ,
   1.8788821200826575     ,  1.8754504442480444     ,  1.8719794107482552     ,  1.8715812135688636     ,  1.8718063932416418     ,  1.8718455721784997     ,
   1.8721231299302648     ,  1.8737202357075777     ,  1.8756205224371718     ,  1.8771100129960718     ,  1.8789970445247746     ,  1.8813651182107791     ,
   1.8841169892172953     ,  1.8870397957843594     ,  1.8899190769417646     ,  1.8928118634731550     ,  1.8960729894810617     ,  1.8998719980857286     ,
   1.9035363307347650     ,  1.9075755961506846     ,  1.9115302350331038     ,  1.9156860380966383     ,  1.9201316036407057     ,  1.9248908360766599     ,
   1.9296990958078075     ,  1.9347233078391490     ,  1.9399519196191022     ,  1.9452422347330884     ,  1.9508682668703727     ,  1.9566949913396401     ,
   1.9627243347750898     ,  1.9689513300318549     ,  1.9753798547025139     ,  1.9820598326025309     ,  1.9888602652654201     ,  1.9959236016482227     ,
   2.0032916022760485     ,  2.0109143456419925     ,  2.0187159387054798     ,  2.0267408841904673     ,  2.0351031341883088     ,  2.0436606289406609     ,
   2.0524947919347887     ,  2.0616335274722171     ,  2.0710793330027726     ,  2.0807825728891718     ,  2.0907773794834759     ,  2.1011173893610020     ,
   2.1117813545216100     ,  2.1227406580484884     ,  2.1340225292901303     ,  2.1456893545662838     ,  2.1577480497022048     ,  2.1701449718770598     ,
   2.1829280099017971     ,  2.1960849894725327     ,  2.2097112771338767     ,  2.2237566128300701     ,  2.2381922140696586     ,  2.2531160499721574     ,
   2.2685279978490365     ,  2.2844351340390832     ,  2.3008215133013858     ,  2.3177433397511482     ,  2.3351972393476350     ,  2.3532496179528453     ,
   2.3719099235777232     ,  2.3911651294531566     ,  2.4110616216825753     ,  2.4316194430241467     ,  2.4528693107693518     ,  2.4748477793371344     ,
   2.4976011196981274     ,  2.5211122219376070     ,  2.5454558879014573     ,  2.5707088846412502     ,  2.5968369731410896     ,  2.6238543019581666     ,
   2.6519169928440811     ,  2.6810436655734446     ,  2.7112298772621206     ,  2.7425279043246973     ,  2.7750262899448264     ,  2.8088551368302599     ,
   2.8440120824992814     ,  2.8805027076830836     ,  2.9185084038271536     ,  2.9581515962759095     ,  2.9993421090302306     ,  3.0423392452664459     ,
   3.0872201025846597     ,  3.1341059854837208     ,  3.1829602723611763     ,  3.2340161812383266     ,  3.2876755861689202     ,  3.3438237616169135     ,
   3.4025108091162095     ,  3.4641522766030239     ,  3.5291457494069181     ,  3.5972837152553216     ,  3.6690046010518635     ,  3.7447216015779183     ,
   3.8246105199715803     ,  3.9087145300320181     ,  3.9981891898971487     ,  4.0931371613540222     ,  4.1935923865570022     ,  4.3003119440521500     ,
   4.4147094601305250     ,  4.5361807815366246     ,  4.6664081166394169     ,  4.8062464435195169     ,  4.9562625473770670     ,  5.1185822081484620     ,
   5.2946840777266777     ,  5.4840236241458999     ,  5.6908781833620132     ,  5.9178305930187536     ,  6.1661630664002143     ,  6.4423960009312466     ,
   6.7485064694876602     ,  7.0919212509775731     ,  7.4748457048059258     ,  7.9049948761273452     ,
 PRESSW= 129*0.0000000000000000       ,
 /
&BASIS
 KPPFNC=0          ,
 KPPKNT=0          ,
 PPKNT= 64*0.0000000000000000       ,
 PPTENS=  0.0000000000000000     ,
 KFFFNC=0          ,
 KFFKNT=0          ,
 FFKNT= 64*0.0000000000000000       ,
 FFTENS=  0.0000000000000000     ,
 KWWFNC=0          ,
 KWWKNT=0          ,
 WWKNT= 64*0.0000000000000000       ,
 WWTENS=  0.0000000000000000     ,
 PPBDRY=  15109.962818922992     ,  95674.696591387998     , 62*0.0000000000000000       ,
 PP2BDRY= 64*0.0000000000000000       ,
 KPPBDRY= 64*0          ,
 KPP2BDRY= 64*0          ,
 FFBDRY= 0.20873743876700229     ,  5.9277790236775832E-002, 62*0.0000000000000000       ,
 FF2BDRY= 64*0.0000000000000000       ,
 KFFBDRY= 64*0          ,
 KFF2BDRY= 64*0          ,
 WWBDRY= -203.59588996914397     , -1.9782444839290349E-002, 62*0.0000000000000000       ,
 WW2BDRY= 64*0.0000000000000000       ,
 KWWBDRY= 64*0          ,
 KWW2BDRY= 64*0          ,
 KEEFNC=0          ,
 KEEKNT=0          ,
 EEKNT= 32*0.0000000000000000       ,
 EETENS=  5.0000000000000000     ,
 EEBDRY= 32*0.0000000000000000       ,
 EE2BDRY= 32*0.0000000000000000       ,
 KEEBDRY= 32*0          ,
 KEE2BDRY= 32*0          ,
 /
&CHIOUT
 SAISIL= 4*0.0000000000000000       ,  4.5125138035764984E-011,  1.9950052888053602E-012,  4.3913517581987459E-011, 3*0.0000000000000000       ,
   1.6930431829081706E-011,
 SAIMPI=  2.0883393147973604E-008,  2.4697026744969379E-008,  2.9476816068680790E-008,  3.5323083667487759E-008,  3.4103882015237495E-008,
   3.3796444896456409E-008,  3.2301462350308218E-008,  3.2200581637826159E-008,  3.1504415457941539E-008,  2.9395774649200119E-008,  2.7754778483561013E-008,
   2.6231299903123460E-008,  2.4930245333438021E-008,  2.4073786581374317E-008,  2.3814605076221022E-008,  2.4003108367136218E-008,  2.4456089291407543E-008,
   2.4968957530247796E-008,  2.5546914297405953E-008,  2.5298676670213724E-008,  2.4592053869076844E-008,  2.3893573141806132E-008,  2.3664973042171403E-008,
   2.4202796136078622E-008,  2.2884032386378505E-008,  1.9949787175259231E-008,  1.6465957961734340E-008,  1.2439331093662239E-011,  1.3581566392641304E-010,
   2.9578469238206798E-010,  2.7532157262179217E-010,  1.2952770670726351E-010,  1.1950483531612514E-011,  3.8950327552657720E-011,  6.7830580032895289E-010,
   1.1118236787582578E-009,  1.3535128657653806E-009,  1.2062281683696249E-009,  9.4251383416101067E-010,  6.1752833440045687E-010,  2.8459812139602613E-010,
   4.4212650217219529E-011,  1.2504593865420162E-011,  1.3372747135334070E-010,  3.5130639278744113E-010,  4.6022182367407978E-010,  2.4703437602198891E-010,
   7.8789372238783261E-012,  8.5134811929490291E-009,  8.6146679812085755E-009,  8.8829709625277785E-009,  9.3347671251739986E-009,  9.9916957583461110E-009,
   1.0909697851782967E-008,  1.2246312717855825E-008,  1.4461797634693225E-008,  7.8337082744066353E-009,  8.0268911947680807E-009,  8.3680965741048944E-009,
   8.8780175524880368E-009,  9.5815365901364078E-009,  1.0536443293117809E-008,  1.1900270276651915E-008,  1.4130293511849246E-008,
 CHIPASMA=  686.53077311600498     ,
 SAIPRE= 0.14713488509042508     ,  4.3875195212154917E-002,  4.3550583816275440E-003, 0.16889980007511779     ,  2.9636738701594740E-002,
   3.2797210921780927E-005, 195*0.0000000000000000       ,
 /
                                            KIN
