{
"thomson_scattering": {
"channel": [
{
"n_e": {
"data": [
9.772372209558072e+17,
0.0,
1.2302687708123812e+18,
1.995262314968883e+18,
2.691534803926914e+18,
3.801893963205597e+18,
4.4668359215096166e+18,
4.073802778041122e+18,
5.011872336272715e+18,
2.630267991895392e+18
],
"data_error_upper": [
4.5320262023782925e+17,
0.0,
3.868534962807446e+17,
3.72663002014749e+17,
4.37504670463368e+17,
4.311396196580239e+17,
4.559575648150396e+17,
4.4298530476692704e+17,
5.274457410730748e+17,
4.09974958982379e+17
]
},
"name": "Polychrometer 1R1",
"position": {
"r": 0.475,
"z": 0.0
},
"t_e": {
"data": [
2.1,
0.0,
13.3,
11.5,
8.9,
21.900000000000002,
30.200000000000003,
32.7,
42.5,
24.400000000000002
],
"data_error_upper": [
1.8856568561612752,
0.0,
7.607313527582528,
4.192365249656099,
2.485824891412755,
5.828539706278001,
5.892740320586744,
7.194588759521807,
9.070626813529758,
9.28497729770536
]
}
},
{
"n_e": {
"data": [
4.677351412872e+17,
6.606934480075964e+17,
9.772372209558072e+17,
2.238721138568347e+18,
1.8197008586099901e+18,
4.1686938347033636e+18,
3.981071705534985e+18,
4.677351412872001e+18,
5.888436553555884e+18,
3.235936569296268e+18
],
"data_error_upper": [
2.4758669227955344e+17,
2.409231478398366e+17,
2.3365348222912422e+17,
2.985386182668019e+17,
2.695715750889986e+17,
3.875500738531142e+17,
3.6971572353613594e+17,
4.0468501078858925e+17,
4.5942434751636416e+17,
3.438765134860253e+17
]
},
"name": "Polychrometer 2R2",
"position": {
"r": 0.425,
"z": 0.0
},
"t_e": {
"data": [
5.2,
5.4,
14.700000000000001,
15.9,
25.900000000000002,
8.5,
14.100000000000001,
26.3,
53.900000000000006,
14.3
],
"data_error_upper": [
4.8413277276134,
3.7804911755993804,
7.613040646160514,
4.899112822771049,
9.46292373992698,
1.3666537428392915,
2.749567397007136,
5.168366974224792,
6.953852923479682,
3.256979560857895
]
}
},
{
"n_e": {
"data": [
1.2022644346174083e+18,
1e+18,
1.1220184543019653e+18,
1.995262314968883e+18,
2.1379620895022236e+18,
6.309573444801943e+18,
5.248074602497712e+18,
5.623413251903491e+18,
7.079457843841403e+18,
5.248074602497712e+18
],
"data_error_upper": [
4.3830534998905254e+17,
3.072420348513366e+17,
3.0478257558060384e+17,
3.472397982008599e+17,
3.7071882437219936e+17,
5.799377431965773e+17,
5.0046613785816915e+17,
5.375189165726949e+17,
5.666468826429296e+17,
4.4388065946349664e+17
]
},
"name": "Polychrometer 3R3",
"position": {
"r": 0.375,
"z": 0.0
},
"t_e": {
"data": [
2.8,
13.700000000000001,
17.1,
17.8,
20.0,
7.5,
7.0,
9.4,
13.8,
39.1
],
"data_error_upper": [
2.0560760355760967,
8.671071632509156,
10.61493509802795,
7.181781756033756,
7.495502527740956,
1.184858556222203,
1.0786298318388865,
1.5633125972962338,
2.229695886434822,
5.881481839583613
]
}
},
{
"n_e": {
"data": [
2.3442288153199273e+18,
1.1748975549395302e+18,
1.995262314968883e+18,
4.073802778041122e+18,
2.951209226666378e+18,
4.4668359215096166e+18,
7.943282347242789e+18,
8.709635899560832e+18,
1.0964781961431828e+19,
1e+19
],
"data_error_upper": [
5.210329213449761e+17,
3.389286006811131e+17,
2.9750348257421184e+17,
3.895767179627933e+17,
3.518782215888404e+17,
4.2589259253826784e+17,
5.3364857792203155e+17,
6.222935103202902e+17,
7.737251741188851e+17,
6.545757599426633e+17
]
},
"name": "Polychrometer 4R4",
"position": {
"r": 0.325,
"z": 0.0
},
"t_e": {
"data": [
9.0,
12.4,
13.700000000000001,
16.9,
26.5,
19.400000000000002,
15.0,
7.0,
7.0,
13.3
],
"data_error_upper": [
3.2232149263616057,
6.81860418850495,
4.04535898480132,
3.441355858931078,
6.417008144017231,
3.5884333174011536,
1.806509755688189,
0.7088458501627087,
0.7121704877104538,
1.6470215628946268
]
}
},
{
"n_e": {
"data": [
2.818382931264449e+18,
3.630780547701003e+18,
3.715352290971728e+18,
3.0902954325136046e+18,
3.4673685045253094e+18,
4.4668359215096166e+18,
5.495408738576226e+18,
6.606934480075964e+18,
1.0964781961431828e+19,
1.9952623149688828e+19
],
"data_error_upper": [
3.3844731222032454e+17,
3.410790449992081e+17,
2.9428233267768134e+17,
2.8520903475850006e+17,
2.982466190248131e+17,
3.5045453109391725e+17,
3.556814427555043e+17,
4.135569006089824e+17,
6.060148389202107e+17,
1.0367518405729341e+18
]
},
"name": "Polychrometer 5R5",
"position": {
"r": 0.275,
"z": 0.0
},
"t_e": {
"data": [
8.9,
18.5,
31.700000000000003,
49.300000000000004,
48.1,
43.900000000000006,
46.900000000000006,
42.5,
22.900000000000002,
5.3
],
"data_error_upper": [
1.7421494261920594,
3.786984399786157,
4.598048830508166,
9.386681803228583,
7.037289692084566,
5.442197554193517,
5.538809379756625,
4.889150414330807,
2.243194888441154,
0.36344806321299916
]
}
}
],
"ids_properties": {
"homogeneous_time": 1
},
"time": [
308.0,
309.0,
310.0,
311.0,
312.0,
313.0,
314.0,
315.0,
316.0,
317.0
]
}
}