{
"charge_exchange": {
"channel": [
{
"ion": [
{
"a": 12,
"intensity": {
"data": [
0.001321076426390639,
0.0014321216938317273,
0.0020575263765122208,
0.0025345757308759195,
0.003216111370680973,
0.003924211303082589,
0.004676135329118547,
0.005455566740317151,
0.006357320611098709,
0.007594126132227334,
0.00729699699309751,
0.007372741660042412,
0.007301207956208232,
0.0067281140115834255,
0.008015061472670193,
0.009508759422331828,
0.01032410750507659,
0.00986371723554706,
0.00897117368768226,
0.011158206530575905,
0.01498420098105615,
0.013247343027857955,
0.014002181482248435,
0.014296557147865534,
0.013836067333925393,
0.010831904346979672,
0.008790519526674588,
0.007317434981394303,
0.01301736612563141,
0.014220438124027499,
0.013674689729434522,
0.014710900902070717,
0.014113822160614506,
0.012614697386880747,
0.011640278104200852,
0.009876807364578617,
0.0067966436410553084,
0.016627162082929824,
0.017240408131683045,
0.012287409443900112,
0.010925531518422743,
0.009170285883609514,
0.00907185218830447,
0.010171749243461904,
0.010847969157894592,
0.008655146177365245,
0.010818677786541412,
0.009674425426412862,
0.00869519857389184,
0.008312873203149815,
0.00736774291717972,
0.007218768543882463,
0.0066266257138964425,
0.007139556061071935,
0.0072392367714536185,
0.008065961196429177,
0.007832109981825664
],
"data_error_upper": [
0.00011412528331629325,
0.00012338849516042123,
0.00011483474866770885,
0.0001402541708391096,
0.00014047882774024904,
0.00016822614606902975,
0.00014856255693742638,
0.00015627739996309023,
0.00016814885562320935,
0.00017148329890127705,
0.00017371073019280085,
0.00017369127783488023,
0.00017593479907395196,
0.00019654158119485586,
0.00020027243144047496,
0.00019392654332610337,
0.0002074446873762091,
0.000212986841881542,
0.00018145043873014216,
0.00022049950453224831,
0.00026910253134048226,
0.00023885830644697,
0.00024745541710881683,
0.0003737175584594063,
0.0002603992845306609,
0.00024094120385616258,
0.0002745530416342276,
0.00019183608023161727,
0.000354557027782771,
0.0003210392872654323,
0.00028242707498706,
0.0002997160473241292,
0.0003665362996299777,
0.00023620332529281085,
0.00019900909271151554,
0.00019822349957737684,
0.00017419140362161765,
0.00026785681778218606,
0.00032144798165293503,
0.00024899251413446413,
0.0002523406022637044,
0.000186798955588742,
0.00021651555761077398,
0.00024204906026177933,
0.000259665677399757,
0.00025677462448607524,
0.0002534063932874385,
0.00024676264217635135,
0.00018788940442217988,
0.0001685805678400161,
0.0001873804529706393,
0.00023411957309187915,
0.00020528051411543811,
0.00022124530605810606,
0.00026511275747204653,
0.00021416281924698313,
0.0001894242347886422
]
},
"label": "C3+",
"t_i": {
"data": [
8.026817614339542,
10.585288615249613,
8.538100429505771,
14.054306553267574,
3.287463944654555,
10.104393095070396,
8.382761276855701,
11.481624117829423,
9.42124292097197,
18.427048446267005,
11.334359605204426,
9.232129457443397,
15.668530759592247,
26.176933915409446,
22.691516799726344,
18.275649764669584,
19.21094819065268,
18.170497673746986,
17.288065954118547,
19.941697278040497,
22.959932300501404,
20.787139067818796,
22.85722704427525,
30.59825865705028,
25.431216550219784,
20.442168863547234,
20.41193000753904,
22.617588427852798,
37.26646187975581,
35.48413350324855,
33.71862866044194,
36.022911939673286,
30.39766750185097,
31.021814241322456,
19.87629596290985,
18.381153136753888,
18.10870287930732,
15.54807194642973,
27.5935646417761,
31.332654240206043,
26.525637769268084,
22.562684555327223,
18.062191710403226,
25.400683015779297,
18.15997554350895,
20.143959471391543,
14.512126069932709,
15.05150321371693,
23.06140321668574,
17.327717176602576,
10.43659036234241,
10.018188405144073,
17.52279504731778,
14.107053658429683,
15.146336418503912,
20.09654578883809,
11.583618552870492
],
"data_error_upper": [
6.004536026587876,
6.338102511268558,
3.838602039690087,
4.456163253269979,
2.611801810852172,
3.0454613576344194,
2.185668285181295,
2.148194495461338,
1.9081591590542346,
1.9984567252418055,
1.804172966935912,
1.658861333673976,
2.0426571897177443,
2.9950649339246476,
2.401621245621776,
1.82385767331471,
1.8383997188760044,
1.9197925580778872,
1.7555180143453717,
1.8016167818931972,
1.7873510276740137,
1.6963493332797663,
1.7305003370493957,
2.9255956084903367,
1.949597408574373,
2.0751771693536503,
2.899070952631089,
2.5455337046515294,
3.4023161340728136,
2.7595736108343765,
2.4454795116615866,
2.5104347257028508,
2.9424030702411463,
2.1225011281834285,
1.5726288018171677,
1.7872629548007886,
2.245406748257797,
1.3484346037008244,
1.9942069983061297,
2.305996920970621,
2.3996962247625175,
1.9679030334406136,
2.106328885127524,
2.452130407323675,
2.1191326861844684,
2.735168686276551,
1.891550070957019,
2.1004340073030683,
2.1961037575968936,
1.7686404663766564,
1.8630881252558853,
2.366385585993125,
2.671930972706967,
2.4843569746819147,
3.0318919232687147,
2.4447896054348406,
1.830887125794099
]
},
"velocity_tor": {
"data": [
-4543.399938860085,
-1199.5849322970344,
-2175.3541265724675,
-3012.853344605982,
-873.1366106784371,
-1078.5890120501324,
-1353.129838579317,
-1615.1766780368798,
-1816.4004835170545,
-2268.5607337605807,
-2647.1824483015016,
-2945.6710363948546,
-4158.3222811785245,
-2531.3362608001316,
-4602.672897044172,
-5165.551939891791,
-5543.46657250848,
-4587.884594335019,
-5854.927824882767,
-5981.932381846526,
-7122.714649504698,
-6390.198163395074,
-7971.255896967073,
-8075.387959167941,
-7616.1855163822,
-6904.259218509538,
-6158.075583697234,
-5566.618129071329,
-9366.506768679868,
-12120.812042296666,
-12412.82533541734,
-11415.01497754207,
-8859.474922652425,
-7740.586919090817,
-8233.776378669709,
-6261.641347908323,
-4589.653018341173,
-5775.903744853445,
-5915.795535026637,
-7302.755563758317,
-6609.465614567971,
-5353.382335486108,
-6659.47387462718,
-6614.0103064772975,
-4317.4735667833575,
-3268.5869827975675,
-3388.106874892976,
-3904.8054072280797,
-3175.8749416754986,
-2834.6804588924892,
-2952.8631352535763,
-1534.5861887594026,
-1634.382883467106,
-2932.2592253939442,
-3228.3856479805722,
-2411.518304783383,
-1041.710326716748
],
"data_error_upper": [
1284.47509967834,
1307.0826647894914,
809.1510488865912,
882.559327173195,
611.8372588614541,
630.1764670717912,
473.38884740700115,
440.4563454151661,
407.1910885755477,
374.2785610208069,
372.10241880215295,
352.33874943256575,
398.35635345427664,
509.8186038362844,
423.53378782753276,
345.15305878146233,
345.2747965673891,
364.9942143451805,
334.4395655519287,
327.4395199472632,
321.5293488946245,
313.10760409461585,
308.9397503626522,
477.15169446467166,
338.86710412206656,
379.23540408399566,
528.5901232867001,
453.3879456158462,
522.4426233951231,
438.33379363788583,
394.2344908064242,
390.81055683174816,
489.11118255886004,
346.8314696737743,
289.6177192640693,
335.82452066943836,
422.70357295248124,
262.24927568383544,
337.49251713153114,
375.76835225182015,
407.74260794904666,
351.02495365644023,
395.60844559058773,
428.4441734384816,
396.6840392155911,
498.5329598094408,
372.7241260881573,
411.5060283260197,
360.2118247500784,
337.3291691172098,
389.9589222810419,
499.0415262513783,
506.81640891187317,
491.02899450881466,
594.3301353743067,
452.1838490100134,
375.4572644645804
]
},
"z_ion": 3,
"z_n": 6
},
{
"a": 16,