&machinein
    device = 'VEST'
    magpri = 64
    nacoil = 0
    necoil = 0
    nesum = 0
    nfcoil = 530
    nfsum = 26
    nsilop = 11
    nvesel = 950
    nvsum = 950
/

&in5
    iacoil = 0
    iecoil = 0
    ifcoil = 1
    igrid = 1
    isize = 0
    ivesel = 1
    mgaus1 = 8
    mgaus2 = 10
    nsmp2 = 1
    rleft = 0.05
    rright = 1.2
    zbotto = -1.5
    ztop = 1.5
/

&in3
    af = 0, 0, 0, 0, 0, 0, 0, 0, 0, 0, 0, 0, 0, 0, 0, 0, 0, 0, 0, 0, 0,
         0, 0, 0, 0, 0, 0, 0, 0, 0, 0, 0, 0, 0, 0, 0, 0, 0, 0, 0, 0, 0,
         0, 0, 0, 0, 0, 0, 0, 0, 0, 0, 0, 0, 0, 0, 0, 0, 0, 0, 0, 0, 0,
         0, 0, 0, 0, 0, 0, 0, 0, 0, 0, 0, 0, 0, 0, 0, 0, 0, 0, 0, 0, 0,
         0, 0, 0, 0, 0, 0, 0, 0, 0, 0, 0, 0, 0, 0, 0, 0, 0, 0, 0, 0, 0,
         0, 0, 0, 0, 0, 0, 0, 0, 0, 0, 0, 0, 0, 0, 0, 0, 0, 0, 0, 0, 0,
         0, 0, 0, 0, 0, 0, 0, 0, 0, 0, 0, 0, 0, 0, 0, 0, 0, 0, 0, 0, 0,
         0, 0, 0, 0, 0, 0, 0, 0, 0, 0, 0, 0, 0, 0, 0, 0, 0, 0, 0, 0, 0,
         0, 0, 0, 0, 0, 0, 0, 0, 0, 0, 0, 0, 0, 0, 0, 0, 0, 0, 0, 0, 0,
         0, 0, 0, 0, 0, 0, 0, 0, 0, 0, 0, 0, 0, 0, 0, 0, 0, 0, 0, 0, 0,
         0, 0, 0, 0, 0, 0, 0, 0, 0, 0, 0, 0, 0, 0, 0, 0, 0, 0, 0, 0, 0,
         0, 0, 0, 0, 0, 0, 0, 0, 0, 0, 0, 0, 0, 0, 0, 0, 0, 0, 0, 0, 0,
         0, 0, 0, 0, 0, 0, 0, 0, 0, 0, 0, 0, 0, 0, 0, 0, 0, 0, 0, 0, 0,
         0, 0, 0, 0, 0, 0, 0, 0, 0, 0, 0, 0, 0, 0, 0, 0, 0, 0, 0, 0, 0,
         0, 0, 0, 0, 0, 0, 0, 0, 0, 0, 0, 0, 0, 0, 0, 0, 0, 0, 0, 0, 0,
         0, 0, 0, 0, 0, 0, 0, 0, 0, 0, 0, 0, 0, 0, 0, 0, 0, 0, 0, 0, 0,
         0, 0, 0, 0, 0, 0, 0, 0, 0, 0, 0, 0, 0, 0, 0, 0, 0, 0, 0, 0, 0,
         0, 0, 0, 0, 0, 0, 0, 0, 0, 0, 0, 0, 0, 0, 0, 0, 0, 0, 0, 0, 0,
         0, 0, 0, 0, 0, 0, 0, 0, 0, 0, 0, 0, 0, 0, 0, 0, 0, 0, 0, 0, 0,
         0, 0, 0, 0, 0, 0, 0, 0, 0, 0, 0, 0, 0, 0, 0, 0, 0, 0, 0, 0, 0,
         0, 0, 0, 0, 0, 0, 0, 0, 0, 0, 0, 0, 0, 0, 0, 0, 0, 0, 0, 0, 0,
         0, 0, 0, 0, 0, 0, 0, 0, 0, 0, 0, 0, 0, 0, 0, 0, 0, 0, 0, 0, 0,
         0, 0, 0, 0, 0, 0, 0, 0, 0, 0, 0, 0, 0, 0, 0, 0, 0, 0, 0, 0, 0,
         0, 0, 0, 0, 0, 0, 0, 0, 0, 0, 0, 0, 0, 0, 0, 0, 0, 0, 0, 0, 0,
         0, 0, 0, 0, 0, 0, 0, 0, 0, 0, 0, 0, 0, 0, 0, 0, 0, 0, 0, 0, 0,
         0, 0, 0, 0, 0
    af2 = 0, 0, 0, 0, 0, 0, 0, 0, 0, 0, 0, 0, 0, 0, 0, 0, 0, 0, 0, 0, 0,
          0, 0, 0, 0, 0, 0, 0, 0, 0, 0, 0, 0, 0, 0, 0, 0, 0, 0, 0, 0, 0,
          0, 0, 0, 0, 0, 0, 0, 0, 0, 0, 0, 0, 0, 0, 0, 0, 0, 0, 0, 0, 0,
          0, 0, 0, 0, 0, 0, 0, 0, 0, 0, 0, 0, 0, 0, 0, 0, 0, 0, 0, 0, 0,
          0, 0, 0, 0, 0, 0, 0, 0, 0, 0, 0, 0, 0, 0, 0, 0, 0, 0, 0, 0, 0,
          0, 0, 0, 0, 0, 0, 0, 0, 0, 0, 0, 0, 0, 0, 0, 0, 0, 0, 0, 0, 0,
          0, 0, 0, 0, 0, 0, 0, 0, 0, 0, 0, 0, 0, 0, 0, 0, 0, 0, 0, 0, 0,
          0, 0, 0, 0, 0, 0, 0, 0, 0, 0, 0, 0, 0, 0, 0, 0, 0, 0, 0, 0, 0,
          0, 0, 0, 0, 0, 0, 0, 0, 0, 0, 0, 0, 0, 0, 0, 0, 0, 0, 0, 0, 0,
          0, 0, 0, 0, 0, 0, 0, 0, 0, 0, 0, 0, 0, 0, 0, 0, 0, 0, 0, 0, 0,
          0, 0, 0, 0, 0, 0, 0, 0, 0, 0, 0, 0, 0, 0, 0, 0, 0, 0, 0, 0, 0,
          0, 0, 0, 0, 0, 0, 0, 0, 0, 0, 0, 0, 0, 0, 0, 0, 0, 0, 0, 0, 0,
          0, 0, 0, 0, 0, 0, 0, 0, 0, 0, 0, 0, 0, 0, 0, 0, 0, 0, 0, 0, 0,
          0, 0, 0, 0, 0, 0, 0, 0, 0, 0, 0, 0, 0, 0, 0, 0, 0, 0, 0, 0, 0,
          0, 0, 0, 0, 0, 0, 0, 0, 0, 0, 0, 0, 0, 0, 0, 0, 0, 0, 0, 0, 0,
          0, 0, 0, 0, 0, 0, 0, 0, 0, 0, 0, 0, 0, 0, 0, 0, 0, 0, 0, 0, 0,
          0, 0, 0, 0, 0, 0, 0, 0, 0, 0, 0, 0, 0, 0, 0, 0, 0, 0, 0, 0, 0,
          0, 0, 0, 0, 0, 0, 0, 0, 0, 0, 0, 0, 0, 0, 0, 0, 0, 0, 0, 0, 0,
          0, 0, 0, 0, 0, 0, 0, 0, 0, 0, 0, 0, 0, 0, 0, 0, 0, 0, 0, 0, 0,
          0, 0, 0, 0, 0, 0, 0, 0, 0, 0, 0, 0, 0, 0, 0, 0, 0, 0, 0, 0, 0,
          0, 0, 0, 0, 0, 0, 0, 0, 0, 0, 0, 0, 0, 0, 0, 0, 0, 0, 0, 0, 0,
          0, 0, 0, 0, 0, 0, 0, 0, 0, 0, 0, 0, 0, 0, 0, 0, 0, 0, 0, 0, 0,
          0, 0, 0, 0, 0, 0, 0, 0, 0, 0, 0, 0, 0, 0, 0, 0, 0, 0, 0, 0, 0,
          0, 0, 0, 0, 0, 0, 0, 0, 0, 0, 0, 0, 0, 0, 0, 0, 0, 0, 0, 0, 0,
          0, 0, 0, 0, 0, 0, 0, 0, 0, 0, 0, 0, 0, 0, 0, 0, 0, 0, 0, 0, 0,
          0, 0, 0, 0, 0
    amp2 = 90, 90, 90, 90, 90, 90, 90, 90, 90, 90, 90, 90, 90, 90, 90, 90,
           90, 90, 90, 90, 90, 90, 90, 90, 90, 90, 90, 90, 90, 90, 90, 90,
           90, 90, 90, 90, 90, 90, 90, 90, 90, 90, 90, 90, 90, 90, 90, 90,
           90, 90, 90, 90, 90, 90, 90, 90, 90, 90, 90, 90, 90, 90, 90, 90
    avs = 0, 0, 0, 0, 0, 0, 0, 0, 0, 0, 0, 0, 0, 0, 0, 0, 0, 0, 0, 0, 0,
          0, 0, 0, 0, 0, 0, 0, 0, 0, 0, 0, 0, 0, 0, 0, 0, 0, 0, 0, 0, 0,
          0, 0, 0, 0, 0, 0, 0, 0, 0, 0, 0, 0, 0, 0, 0, 0, 0, 0, 0, 0, 0,
          0, 0, 0, 0, 0, 0, 0, 0, 0, 0, 0, 0, 0, 0, 0, 0, 0, 0, 0, 0, 0,
          0, 0, 0, 0, 0, 0, 0, 0, 0, 0, 0, 0, 0, 0, 0, 0, 0, 0, 0, 0, 0,
          0, 0, 0, 0, 0, 0, 0, 0, 0, 0, 0, 0, 0, 0, 0, 0, 0, 0, 0, 0, 0,
          0, 0, 0, 0, 0, 0, 0, 0, 0, 0, 0, 0, 0, 0, 0, 0, 0, 0, 0, 0, 0,
          0, 0, 0, 0, 0, 0, 0, 0, 0, 0, 0, 0, 0, 0, 0, 0, 0, 0, 0, 0, 0,
          0, 0, 0, 0, 0, 0, 0, 0, 0, 0, 0, 0, 0, 0, 0, 0, 0, 0, 0, 0, 0,
          0, 0, 0, 0, 0, 0, 0, 0, 0, 0, 0, 0, 0, 0, 0, 0, 0, 0, 0, 0, 0,
          0, 0, 0, 0, 0, 0, 0, 0, 0, 0, 0, 0, 0, 0, 0, 0, 0, 0, 0, 0, 0,
          0, 0, 0, 0, 0, 0, 0, 0, 0, 0, 0, 0, 0, 0, 0, 0, 0, 0, 0, 0, 0,
          0, 0, 0, 0, 0, 0, 0, 0, 0, 0, 0, 0, 0, 0, 0, 0, 0, 0, 0, 0, 0,
          0, 0, 0, 0, 0, 0, 0, 0, 0, 0, 0, 0, 0, 0, 0, 0, 0, 0, 0, 0, 0,
          0, 0, 0, 0, 0, 0, 0, 0, 0, 0, 0, 0, 0, 0, 0, 0, 0, 0, 0, 0, 0,
          0, 0, 0, 0, 0, 0, 0, 0, 0, 0, 0, 0, 0, 0, 0, 0, 0, 0, 0, 0, 0,
          0, 0, 0, 0, 0, 0, 0, 0, 0, 0, 0, 0, 0, 0, 0, 0, 0, 0, 0, 0, 0,
          0, 0, 0, 0, 0, 0, 0, 0, 0, 0, 0, 0, 0, 0, 0, 0, 0, 0, 0, 0, 0,
          0, 0, 0, 0, 0, 0, 0, 0, 0, 0, 0, 0, 0, 0, 0, 0, 0, 0, 0, 0, 0,
          0, 0, 0, 0, 0, 0, 0, 0, 0, 0, 0, 0, 0, 0, 0, 0, 0, 0, 0, 0, 0,
          0, 0, 0, 0, 0, 0, 0, 0, 0, 0, 0, 0, 0, 0, 0, 0, 0, 0, 0, 0, 0,
          0, 0, 0, 0, 0, 0, 0, 0, 0, 0, 0, 0, 0, 0, 0, 0, 0, 0, 0, 0, 0,
          0, 0, 0, 0, 0, 0, 0, 0, 0, 0, 0, 0, 0, 0, 0, 0, 0, 0, 0, 0, 0,
          0, 0, 0, 0, 0, 0, 0, 0, 0, 0, 0, 0, 0, 0, 0, 0, 0, 0, 0, 0, 0,
          0, 0, 0, 0, 0, 0, 0, 0, 0, 0, 0, 0, 0, 0, 0, 0, 0, 0, 0, 0, 0,
          0, 0, 0, 0, 0, 0, 0, 0, 0, 0, 0, 0, 0, 0, 0, 0, 0, 0, 0, 0, 0,
          0, 0, 0, 0, 0, 0, 0, 0, 0, 0, 0, 0, 0, 0, 0, 0, 0, 0, 0, 0, 0,
          0, 0, 0, 0, 0, 0, 0, 0, 0, 0, 0, 0, 0, 0, 0, 0, 0, 0, 0, 0, 0,
          0, 0, 0, 0, 0, 0, 0, 0, 0, 0, 0, 0, 0, 0, 0, 0, 0, 0, 0, 0, 0,
          0, 0, 0, 0, 0, 0, 0, 0, 0, 0, 0, 0, 0, 0, 0, 0, 0, 0, 0, 0, 0,
          0, 0, 0, 0, 0, 0, 0, 0, 0, 0, 0, 0, 0, 0, 0, 0, 0, 0, 0, 0, 0,
          0, 0, 0, 0, 0, 0, 0, 0, 0, 0, 0, 0, 0, 0, 0, 0, 0, 0, 0, 0, 0,
          0, 0, 0, 0, 0, 0, 0, 0, 0, 0, 0, 0, 0, 0, 0, 0, 0, 0, 0, 0, 0,
          0, 0, 0, 0, 0, 0, 0, 0, 0, 0, 0, 0, 0, 0, 0, 0, 0, 0, 0, 0, 0,
          0, 0, 0, 0, 0, 0, 0, 0, 0, 0, 0, 0, 0, 0, 0, 0, 0, 0, 0, 0, 0,
          0, 0, 0, 0, 0, 0, 0, 0, 0, 0, 0, 0, 0, 0, 0, 0, 0, 0, 0, 0, 0,
          0, 0, 0, 0, 0, 0, 0, 0, 0, 0, 0, 0, 0, 0, 0, 0, 0, 0, 0, 0, 0,
          0, 0, 0, 0, 0, 0, 0, 0, 0, 0, 0, 0, 0, 0, 0, 0, 0, 0, 0, 0, 0,
          0, 0, 0, 0, 0, 0, 0, 0, 0, 0, 0, 0, 0, 0, 0, 0, 0, 0, 0, 0, 0,
          0, 0, 0, 0, 0, 0, 0, 0, 0, 0, 0, 0, 0, 0, 0, 0, 0, 0, 0, 0, 0,
          0, 0, 0, 0, 0, 0, 0, 0, 0, 0, 0, 0, 0, 0, 0, 0, 0, 0, 0, 0, 0,
          0, 0, 0, 0, 0, 0, 0, 0, 0, 0, 0, 0, 0, 0, 0, 0, 0, 0, 0, 0, 0,
          0, 0, 0, 0, 0, 0, 0, 0, 0, 0, 0, 0, 0, 0, 0, 0, 0, 0, 0, 0, 0,
          0, 0, 0, 0, 0, 0, 0, 0, 0, 0, 0, 0, 0, 0, 0, 0, 0, 0, 0, 0, 0,
          0, 0, 0, 0, 0, 0, 0, 0, 0, 0, 0, 0, 0, 0, 0, 0, 0, 0, 0, 0, 0,
          0, 0, 0, 0, 0
    avs2 = 0, 0, 0, 0, 0, 0, 0, 0, 0, 0, 0, 0, 0, 0, 0, 0, 0, 0, 0, 0, 0,
           0, 0, 0, 0, 0, 0, 0, 0, 0, 0, 0, 0, 0, 0, 0, 0, 0, 0, 0, 0, 0,
           0, 0, 0, 0, 0, 0, 0, 0, 0, 0, 0, 0, 0, 0, 0, 0, 0, 0, 0, 0, 0,
           0, 0, 0, 0, 0, 0, 0, 0, 0, 0, 0, 0, 0, 0, 0, 0, 0, 0, 0, 0, 0,
           0, 0, 0, 0, 0, 0, 0, 0, 0, 0, 0, 0, 0, 0, 0, 0, 0, 0, 0, 0, 0,
           0, 0, 0, 0, 0, 0, 0, 0, 0, 0, 0, 0, 0, 0, 0, 0, 0, 0, 0, 0, 0,
           0, 0, 0, 0, 0, 0, 0, 0, 0, 0, 0, 0, 0, 0, 0, 0, 0, 0, 0, 0, 0,
           0, 0, 0, 0, 0, 0, 0, 0, 0, 0, 0, 0, 0, 0, 0, 0, 0, 0, 0, 0, 0,
           0, 0, 0, 0, 0, 0, 0, 0, 0, 0, 0, 0, 0, 0, 0, 0, 0, 0, 0, 0, 0,
           0, 0, 0, 0, 0, 0, 0, 0, 0, 0, 0, 0, 0, 0, 0, 0, 0, 0, 0, 0, 0,
           0, 0, 0, 0, 0, 0, 0, 0, 0, 0, 0, 0, 0, 0, 0, 0, 0, 0, 0, 0, 0,
           0, 0, 0, 0, 0, 0, 0, 0, 0, 0, 0, 0, 0, 0, 0, 0, 0, 0, 0, 0, 0,
           0, 0, 0, 0, 0, 0, 0, 0, 0, 0, 0, 0, 0, 0, 0, 0, 0, 0, 0, 0, 0,
           0, 0, 0, 0, 0, 0, 0, 0, 0, 0, 0, 0, 0, 0, 0, 0, 0, 0, 0, 0, 0,
           0, 0, 0, 0, 0, 0, 0, 0, 0, 0, 0, 0, 0, 0, 0, 0, 0, 0, 0, 0, 0,
           0, 0, 0, 0, 0, 0, 0, 0, 0, 0, 0, 0, 0, 0, 0, 0, 0, 0, 0, 0, 0,
           0, 0, 0, 0, 0, 0, 0, 0, 0, 0, 0, 0, 0, 0, 0, 0, 0, 0, 0, 0, 0,
           0, 0, 0, 0, 0, 0, 0, 0, 0, 0, 0, 0, 0, 0, 0, 0, 0, 0, 0, 0, 0,
           0, 0, 0, 0, 0, 0, 0, 0, 0, 0, 0, 0, 0, 0, 0, 0, 0, 0, 0, 0, 0,
           0, 0, 0, 0, 0, 0, 0, 0, 0, 0, 0, 0, 0, 0, 0, 0, 0, 0, 0, 0, 0,
           0, 0, 0, 0, 0, 0, 0, 0, 0, 0, 0, 0, 0, 0, 0, 0, 0, 0, 0, 0, 0,
           0, 0, 0, 0, 0, 0, 0, 0, 0, 0, 0, 0, 0, 0, 0, 0, 0, 0, 0, 0, 0,
           0, 0, 0, 0, 0, 0, 0, 0, 0, 0, 0, 0, 0, 0, 0, 0, 0, 0, 0, 0, 0,
           0, 0, 0, 0, 0, 0, 0, 0, 0, 0, 0, 0, 0, 0, 0, 0, 0, 0, 0, 0, 0,
           0, 0, 0, 0, 0, 0, 0, 0, 0, 0, 0, 0, 0, 0, 0, 0, 0, 0, 0, 0, 0,
           0, 0, 0, 0, 0, 0, 0, 0, 0, 0, 0, 0, 0, 0, 0, 0, 0, 0, 0, 0, 0,
           0, 0, 0, 0, 0, 0, 0, 0, 0, 0, 0, 0, 0, 0, 0, 0, 0, 0, 0, 0, 0,
           0, 0, 0, 0, 0, 0, 0, 0, 0, 0, 0, 0, 0, 0, 0, 0, 0, 0, 0, 0, 0,
           0, 0, 0, 0, 0, 0, 0, 0, 0, 0, 0, 0, 0, 0, 0, 0, 0, 0, 0, 0, 0,
           0, 0, 0, 0, 0, 0, 0, 0, 0, 0, 0, 0, 0, 0, 0, 0, 0, 0, 0, 0, 0,
           0, 0, 0, 0, 0, 0, 0, 0, 0, 0, 0, 0, 0, 0, 0, 0, 0, 0, 0, 0, 0,
           0, 0, 0, 0, 0, 0, 0, 0, 0, 0, 0, 0, 0, 0, 0, 0, 0, 0, 0, 0, 0,
           0, 0, 0, 0, 0, 0, 0, 0, 0, 0, 0, 0, 0, 0, 0, 0, 0, 0, 0, 0, 0,
           0, 0, 0, 0, 0, 0, 0, 0, 0, 0, 0, 0, 0, 0, 0, 0, 0, 0, 0, 0, 0,
           0, 0, 0, 0, 0, 0, 0, 0, 0, 0, 0, 0, 0, 0, 0, 0, 0, 0, 0, 0, 0,
           0, 0, 0, 0, 0, 0, 0, 0, 0, 0, 0, 0, 0, 0, 0, 0, 0, 0, 0, 0, 0,
           0, 0, 0, 0, 0, 0, 0, 0, 0, 0, 0, 0, 0, 0, 0, 0, 0, 0, 0, 0, 0,
           0, 0, 0, 0, 0, 0, 0, 0, 0, 0, 0, 0, 0, 0, 0, 0, 0, 0, 0, 0, 0,
           0, 0, 0, 0, 0, 0, 0, 0, 0, 0, 0, 0, 0, 0, 0, 0, 0, 0, 0, 0, 0,
           0, 0, 0, 0, 0, 0, 0, 0, 0, 0, 0, 0, 0, 0, 0, 0, 0, 0, 0, 0, 0,
           0, 0, 0, 0, 0, 0, 0, 0, 0, 0, 0, 0, 0, 0, 0, 0, 0, 0, 0, 0, 0,
           0, 0, 0, 0, 0, 0, 0, 0, 0, 0, 0, 0, 0, 0, 0, 0, 0, 0, 0, 0, 0,
           0, 0, 0, 0, 0, 0, 0, 0, 0, 0, 0, 0, 0, 0, 0, 0, 0, 0, 0, 0, 0,
           0, 0, 0, 0, 0, 0, 0, 0, 0, 0, 0, 0, 0, 0, 0, 0, 0, 0, 0, 0, 0,
           0, 0, 0, 0, 0, 0, 0, 0, 0, 0, 0, 0, 0, 0, 0, 0, 0, 0, 0, 0, 0,
           0, 0, 0, 0, 0
    fcid = 1, 1, 1, 1, 1, 1, 1, 1, 1, 1, 1, 1, 1, 1, 1, 1, 1, 1, 1, 1, 2,
           2, 2, 2, 2, 2, 2, 2, 2, 2, 2, 2, 2, 2, 2, 2, 2, 2, 2, 2, 3, 3,
           3, 3, 3, 3, 3, 3, 3, 3, 3, 3, 3, 3, 3, 3, 3, 3, 3, 4, 4, 4, 4,
           4, 4, 4, 4, 4, 4, 4, 4, 4, 4, 4, 4, 4, 4, 4, 4, 5, 5, 5, 5, 5,
           5, 5, 5, 5, 5, 5, 5, 5, 5, 5, 5, 5, 5, 5, 5, 6, 6, 6, 6, 6, 6,
           6, 6, 6, 6, 6, 6, 6, 6, 6, 6, 6, 6, 6, 6, 7, 7, 7, 7, 7, 7, 7,
           7, 7, 7, 7, 7, 7, 7, 7, 7, 7, 7, 7, 8, 8, 8, 8, 8, 8, 8, 8, 8,
           8, 8, 8, 8, 8, 8, 8, 8, 8, 8, 8, 9, 9, 9, 9, 9, 9, 9, 9, 9, 9,
           9, 9, 9, 9, 9, 9, 9, 9, 9, 9, 9, 9, 9, 9, 9, 9, 9, 9, 9, 9, 9,
           9, 9, 9, 9, 9, 9, 9, 9, 9, 9, 9, 9, 9, 9, 9, 9, 9, 9, 9, 10,
           10, 10, 10, 10, 10, 10, 10, 10, 10, 10, 10, 10, 10, 10, 10, 10,
           10, 10, 10, 10, 10, 10, 10, 10, 10, 10, 10, 10, 10, 10, 10, 10,
           10, 10, 10, 10, 10, 10, 10, 10, 10, 10, 10, 10, 10, 10, 10, 10,
           10, 11, 11, 11, 11, 11, 11, 11, 11, 12, 12, 12, 12, 12, 12, 12,
           12, 13, 13, 13, 13, 13, 13, 13, 13, 14, 14, 14, 14, 14, 14, 14,
           14, 15, 15, 15, 15, 15, 15, 15, 15, 15, 15, 15, 15, 16, 16, 16,
           16, 16, 16, 16, 16, 16, 16, 16, 16, 17, 17, 17, 17, 17, 17, 17,
           17, 17, 17, 17, 17, 18, 18, 18, 18, 18, 18, 18, 18, 18, 18, 18,
           18, 19, 19, 19, 19, 19, 19, 19, 19, 19, 19, 19, 19, 19, 19, 19,
           19, 19, 19, 19, 19, 19, 19, 19, 19, 20, 20, 20, 20, 20, 20, 20,
           20, 20, 20, 20, 20, 20, 20, 20, 20, 20, 20, 20, 20, 20, 20, 20,
           20, 21, 21, 21, 21, 21, 21, 21, 21, 21, 21, 21, 21, 21, 21, 21,
           21, 21, 21, 21, 21, 21, 21, 21, 21, 22, 22, 22, 22, 22, 22, 22,
           22, 22, 22, 22, 22, 22, 22, 22, 22, 22, 22, 22, 22, 22, 22, 22,
           22, 23, 23, 23, 23, 23, 23, 23, 23, 23, 23, 23, 23, 23, 23, 23,
           23, 23, 23, 23, 23, 23, 23, 23, 23, 24, 24, 24, 24, 24, 24, 24,
           24, 24, 24, 24, 24, 24, 24, 24, 24, 24, 24, 24, 24, 24, 24, 24,
           24, 25, 25, 25, 25, 25, 25, 25, 25, 25, 25, 25, 25, 25, 25, 25,
           25, 25, 25, 25, 25, 25, 25, 25, 25, 26, 26, 26, 26, 26, 26, 26,
           26, 26, 26, 26, 26, 26, 26, 26, 26, 26, 26, 26, 26, 26, 26, 26,
           26
    fcname = 'PF1-1', 'PF1-2', 'PF1-3', 'PF1-4', 'PF1-5', 'PF1-6', 'PF1-7',
             'PF1-8', 'PF2U', 'PF2L', 'PF3U', 'PF3L', 'PF4U', 'PF4L', 'PF5U',
             'PF5L', 'PF6U', 'PF6L', 'PF7U', 'PF7L', 'PF8U', 'PF8L', 'PF9U',
             'PF9L', 'PF10U', 'PF10L'
    fcturn = 4, 4, 4, 4, 4, 4, 4, 4, 4, 4, 4, 4, 4, 4, 4, 4, 4, 4, 4, 4,
             4, 4, 4, 4, 4, 4, 4, 4, 4, 4, 4, 4, 4, 4, 4, 4, 4, 4, 4, 4,
             4, 4, 4, 4, 4, 4, 4, 4, 4, 4, 4, 4, 4, 4, 4, 4, 4, 4, 4, 4,
             4, 4, 4, 4, 4, 4, 4, 4, 4, 4, 4, 4, 4, 4, 4, 4, 4, 4, 4, 4,
             4, 4, 4, 4, 4, 4, 4, 4, 4, 4, 4, 4, 4, 4, 4, 4, 4, 4, 4, 4,
             4, 4, 4, 4, 4, 4, 4, 4, 4, 4, 4, 4, 4, 4, 4, 4, 4, 4, 4, 4,
             4, 4, 4, 4, 4, 4, 4, 4, 4, 4, 4, 4, 4, 4, 4, 4, 4, 4, 4, 4,
             4, 4, 4, 4, 4, 4, 4, 4, 4, 4, 4, 4, 4, 4, 4, 4, 4, 4, 5, 5,
             5, 5, 5, 5, 5, 5, 5, 5, 5, 5, 5, 5, 5, 5, 5, 5, 5, 5, 5, 5,
             5, 5, 5, 5, 5, 5, 5, 5, 5, 5, 5, 5, 5, 5, 5, 5, 5, 5, 5, 5,
             5, 5, 5, 5, 5, 5, 5, 5, 5, 5, 5, 5, 5, 5, 5, 5, 5, 5, 5, 5,
             5, 5, 5, 5, 5, 5, 5, 5, 5, 5, 5, 5, 5, 5, 5, 5, 5, 5, 5, 5,
             5, 5, 5, 5, 5, 5, 5, 5, 5, 5, 5, 5, 5, 5, 5, 5, 5, 5, 1, 1,
             1, 1, 1, 1, 1, 1, 1, 1, 1, 1, 1, 1, 1, 1, 1, 1, 1, 1, 1, 1,
             1, 1, 1, 1, 1, 1, 1, 1, 1, 1, 1, 1, 1, 1, 1, 1, 1, 1, 1, 1,
             1, 1, 1, 1, 1, 1, 1, 1, 1, 1, 1, 1, 1, 1, 1, 1, 1, 1, 1, 1,
             1, 1, 1, 1, 1, 1, 1, 1, 1, 1, 1, 1, 1, 1, 1, 1, 1, 1, 1, 1,
             1, 1, 1, 1, 1, 1, 1, 1, 1, 1, 1, 1, 1, 1, 1, 1, 1, 1, 1, 1,
             1, 1, 1, 1, 1, 1, 1, 1, 1, 1, 1, 1, 1, 1, 1, 1, 1, 1, 1, 1,
             1, 1, 1, 1, 1, 1, 1, 1, 1, 1, 1, 1, 1, 1, 1, 1, 1, 1, 1, 1,
             1, 1, 1, 1, 1, 1, 1, 1, 1, 1, 1, 1, 1, 1, 1, 1, 1, 1, 1, 1,
             1, 1, 1, 1, 1, 1, 1, 1, 1, 1, 1, 1, 1, 1, 1, 1, 1, 1, 1, 1,
             1, 1, 1, 1, 1, 1, 1, 1, 1, 1, 1, 1, 1, 1, 1, 1, 1, 1, 1, 1,
             1, 1, 1, 1, 1, 1, 1, 1, 1, 1, 1, 1, 1, 1, 1, 1, 1, 1, 1, 1,
             1, 1, 1, 1, 1, 1, 1, 1, 1, 1, 1, 1, 1, 1, 1, 1, 1, 1, 1, 1,
             1, 1, 1, 1, 1, 1, 1, 1, 1, 1, 1, 1, 1, 1, 1, 1, 1, 1, 1, 1,
             1, 1, 1, 1, 1, 1, 1, 1, 1, 1
    hf = 0.0152, 0.0152, 0.0152, 0.0152, 0.0152, 0.0152, 0.0152, 0.0152,
         0.0152, 0.0152, 0.0152, 0.0152, 0.0152, 0.0152, 0.0152, 0.0152,
         0.0152, 0.0152, 0.0152, 0.0144, 0.0152, 0.0152, 0.0152, 0.0152,
         0.0152, 0.0152, 0.0152, 0.0152, 0.0152, 0.0152, 0.0152, 0.0152,
         0.0152, 0.0152, 0.0152, 0.0152, 0.0152, 0.0152, 0.0152, 0.0152,
         0.0152, 0.0152, 0.0152, 0.0152, 0.0152, 0.0152, 0.0152, 0.0152,
         0.0152, 0.0152, 0.0152, 0.0152, 0.0152, 0.0152, 0.0152, 0.0152,
         0.0152, 0.0152, 0.0152, 0.0152, 0.0152, 0.0152, 0.0152, 0.0152,
         0.0152, 0.0152, 0.0152, 0.0152, 0.0152, 0.0152, 0.0152, 0.0152,
         0.0152, 0.0152, 0.0152, 0.0152, 0.0152, 0.0152, 0.0152, 0.0144,
         0.0152, 0.0152, 0.0152, 0.0152, 0.0152, 0.0152, 0.0152, 0.0152,
         0.0152, 0.0152, 0.0152, 0.0152, 0.0152, 0.0152, 0.0152, 0.0152,
         0.0152, 0.0152, 0.0152, 0.0152, 0.0152, 0.0152, 0.0152, 0.0152,
         0.0152, 0.0152, 0.0152, 0.0152, 0.0152, 0.0152, 0.0152, 0.0152,
         0.0152, 0.0152, 0.0152, 0.0152, 0.0152, 0.0152, 0.0152, 0.0152,
         0.0152, 0.0152, 0.0152, 0.0152, 0.0152, 0.0152, 0.0152, 0.0152,
         0.0152, 0.0152, 0.0152, 0.0152, 0.0152, 0.0152, 0.0152, 0.0152,
         0.0152, 0.0152, 0.0152, 0.0152, 0.0152, 0.0152, 0.0152, 0.0152,
         0.0152, 0.0152, 0.0152, 0.0152, 0.0152, 0.0152, 0.0152, 0.0152,
         0.0152, 0.0152, 0.0152, 0.0152, 0.0152, 0.0152, 0.0152, 0.0152,
         0.0152, 0.0152, 0.0152, 0.0152, 0.0152, 0.0152, 0.0152, 0.0152,
         0.0152, 0.0152, 0.0152, 0.0152, 0.0152, 0.0152, 0.0152, 0.0152,
         0.0152, 0.0152, 0.0152, 0.0152, 0.0152, 0.0152, 0.0152, 0.0152,
         0.0152, 0.0152, 0.0152, 0.0152, 0.0152, 0.0152, 0.0152, 0.0152,
         0.0152, 0.0152, 0.0152, 0.0152, 0.0152, 0.0152, 0.0152, 0.0152,
         0.0152, 0.0152, 0.0152, 0.0152, 0.0152, 0.0152, 0.0152, 0.0152,
         0.0152, 0.0152, 0.0152, 0.0152, 0.0152, 0.0152, 0.0152, 0.0152,
         0.0152, 0.0152, 0.0152, 0.0152, 0.0152, 0.0152, 0.0152, 0.0152,
         0.0152, 0.0152, 0.0152, 0.0152, 0.0152, 0.0152, 0.0152, 0.0152,
         0.0152, 0.0152, 0.0152, 0.0152, 0.0152, 0.0152, 0.0152, 0.0152,
         0.0152, 0.0152, 0.0152, 0.0152, 0.0152, 0.0152, 0.0152, 0.0152,
         0.0152, 0.0152, 0.0152, 0.0152, 0.0152, 0.0152, 0.0152, 0.0152,
         0.0152, 0.0152, 0.0073, 0.0072, 0.0073, 0.0072, 0.0073, 0.0072,
         0.0073, 0.0072, 0.0073, 0.0072, 0.0073, 0.0072, 0.0073, 0.0072,
         0.0073, 0.0072, 0.0073, 0.0072, 0.0073, 0.0072, 0.0073, 0.0072,
         0.0073, 0.0072, 0.0073, 0.0072, 0.0073, 0.0072, 0.0073, 0.0072,
         0.0073, 0.0072, 0.0073, 0.0073, 0.0073, 0.0073, 0.0073, 0.0073,
         0.0072, 0.0072, 0.0072, 0.0072, 0.0072, 0.0072, 0.0073, 0.0073,
         0.0073, 0.0073, 0.0073, 0.0073, 0.0072, 0.0072, 0.0072, 0.0072,
         0.0072, 0.0072, 0.0073, 0.0073, 0.0073, 0.0073, 0.0073, 0.0073,
         0.0072, 0.0072, 0.0072, 0.0072, 0.0072, 0.0072, 0.0073, 0.0073,
         0.0073, 0.0073, 0.0073, 0.0073, 0.0072, 0.0072, 0.0072, 0.0072,
         0.0072, 0.0072, 0.0081, 0.0081, 0.0081, 0.0081, 0.0081, 0.0081,
         0.0081, 0.0081, 0.0081, 0.0081, 0.0081, 0.0081, 0.0081, 0.0081,
         0.0081, 0.0081, 0.0081, 0.0081, 0.0081, 0.0081, 0.0081, 0.0081,
         0.0081, 0.0081, 0.0081, 0.0081, 0.0081, 0.0081, 0.0081, 0.0081,
         0.0081, 0.0081, 0.0081, 0.0081, 0.0081, 0.0081, 0.0081, 0.0081,
         0.0081, 0.0081, 0.0081, 0.0081, 0.0081, 0.0081, 0.0081, 0.0081,
         0.0081, 0.0081, 0.0081, 0.0081, 0.0081, 0.0081, 0.0081, 0.0081,
         0.0081, 0.0081, 0.0081, 0.0081, 0.0081, 0.0081, 0.0081, 0.0081,
         0.0081, 0.0081, 0.0081, 0.0081, 0.0081, 0.0081, 0.0081, 0.0081,
         0.0081, 0.0081, 0.0081, 0.0081, 0.0081, 0.0081, 0.0081, 0.0081,
         0.0081, 0.0081, 0.0081, 0.0081, 0.0081, 0.0081, 0.0081, 0.0081,
         0.0081, 0.0081, 0.0081, 0.0081, 0.0081, 0.0081, 0.0081, 0.0081,
         0.0081, 0.0081, 0.0081, 0.0081, 0.0081, 0.0081, 0.0081, 0.0081,
         0.0081, 0.0081, 0.0081, 0.0081, 0.0081, 0.0081, 0.0081, 0.0081,
         0.0081, 0.0081, 0.0081, 0.0081, 0.0081, 0.0081, 0.0081, 0.0081,
         0.0081, 0.0081, 0.0081, 0.0081, 0.0081, 0.0081, 0.0081, 0.0081,
         0.0081, 0.0081, 0.0081, 0.0081, 0.0081, 0.0081, 0.0081, 0.0081,
         0.0081, 0.0081, 0.0081, 0.0081, 0.0081, 0.0081, 0.0081, 0.0081,
         0.0081, 0.0081, 0.0081, 0.0081, 0.0081, 0.0081, 0.0081, 0.0081,
         0.0081, 0.0081, 0.0081, 0.0081, 0.0081, 0.0081, 0.0081, 0.0081,
         0.0081, 0.0081, 0.0081, 0.0081, 0.0081, 0.0081, 0.0081, 0.0081,
         0.0081, 0.0081, 0.0081, 0.0081, 0.0081, 0.0081, 0.0081, 0.0081,
         0.0081, 0.0081, 0.0081, 0.0081, 0.0081, 0.0081, 0.0081, 0.0081,
         0.0081, 0.0081, 0.0081, 0.0081, 0.0081, 0.0081, 0.0081, 0.0081,
         0.0081, 0.0081
    hvs = 0.004999999999999893, 0.004999999999999893, 0.004999999999999893,
          0.004999999999999893, 0.004999999999999893, 0.004999999999999893,
          0.004999999999999893, 0.004999999999999893, 0.004999999999999893,
          0.004999999999999893, 0.004999999999999893, 0.004999999999999893,
          0.004999999999999893, 0.004999999999999893, 0.004999999999999893,
          0.004999999999999893, 0.004999999999999893, 0.004999999999999893,
          0.004999999999999893, 0.004999999999999949, 0.0050000000000000044,
          0.0050000000000000044, 0.0050000000000000044, 0.0050000000000000044,
          0.0050000000000000044, 0.0050000000000000044, 0.0050000000000000044,
          0.0050000000000000044, 0.0050000000000000044, 0.0050000000000000044,
          0.0050000000000000044, 0.0050000000000000044, 0.0050000000000000044,
          0.0050000000000000044, 0.0050000000000000044, 0.0050000000000000044,
          0.0050000000000000044, 0.0050000000000000044, 0.0050000000000000044,
          0.0050000000000000044, 0.0050000000000000044, 0.0050000000000000044,
          0.0050000000000000044, 0.0050000000000000044, 0.0050000000000000044,
          0.0050000000000000044, 0.0050000000000000044, 0.0050000000000000044,
          0.0050000000000000044, 0.0050000000000000044, 0.0050000000000000044,
          0.0050000000000000044, 0.0050000000000000044, 0.0050000000000000044,
          0.0050000000000000044, 0.0050000000000000044, 0.0050000000000000044,
          0.0050000000000000044, 0.0050000000000000044, 0.0050000000000000044,
          0.0050000000000000044, 0.0050000000000000044, 0.0050000000000000044,
          0.0050000000000000044, 0.0050000000000000044, 0.0050000000000000044,
          0.0050000000000000044, 0.0050000000000000044, 0.0050000000000000044,
          0.0050000000000000044, 0.0050000000000000044, 0.0050000000000000044,
          0.0050000000000000044, 0.0050000000000000044, 0.0050000000000000044,
          0.0050000000000000044, 0.0050000000000000044, 0.0050000000000000044,
          0.0050000000000000044, 0.0050000000000000044, 0.0050000000000000044,
          0.0050000000000000044, 0.0050000000000000044, 0.0050000000000000044,
          0.0050000000000000044, 0.0050000000000000044, 0.0050000000000000044,
          0.0050000000000000044, 0.0050000000000000044, 0.0050000000000000044,
          0.0050000000000000044, 0.0050000000000000044, 0.0050000000000000044,
          0.0050000000000000044, 0.0050000000000000044, 0.0050000000000000044,
          0.0050000000000000044, 0.0050000000000000044, 0.0050000000000000044,
          0.0050000000000000044, 0.0050000000000000044, 0.0050000000000000044,
          0.0050000000000000044, 0.0050000000000000044, 0.0050000000000000044,
          0.0050000000000000044, 0.0050000000000000044, 0.0050000000000000044,
          0.0050000000000000044, 0.0050000000000000044, 0.0050000000000000044,
          0.0050000000000000044, 0.0050000000000000044, 0.005000000000000001,
          0.0049999999999999975, 0.0049999999999999975, 0.004999999999999999,
          0.005000000000000001, 0.005000000000000001, 0.005, 0.005, 0.005000000000000001,
          0.005000000000000001, 0.004999999999999999, 0.0049999999999999975,
          0.0049999999999999975, 0.005000000000000001, 0.0050000000000000044,
          0.0050000000000000044, 0.0050000000000000044, 0.0050000000000000044,
          0.0050000000000000044, 0.0050000000000000044, 0.0050000000000000044,
          0.0050000000000000044, 0.0050000000000000044, 0.0050000000000000044,
          0.0050000000000000044, 0.0050000000000000044, 0.0050000000000000044,
          0.0050000000000000044, 0.0050000000000000044, 0.0050000000000000044,
          0.0050000000000000044, 0.0050000000000000044, 0.0050000000000000044,
          0.0050000000000000044, 0.0050000000000000044, 0.0050000000000000044,
          0.0050000000000000044, 0.0050000000000000044, 0.0050000000000000044,
          0.0050000000000000044, 0.0050000000000000044, 0.0050000000000000044,
          0.0050000000000000044, 0.0050000000000000044, 0.0050000000000000044,
          0.0050000000000000044, 0.0050000000000000044, 0.0050000000000000044,
          0.0050000000000000044, 0.0050000000000000044, 0.0050000000000000044,
          0.0050000000000000044, 0.0050000000000000044, 0.0050000000000000044,
          0.0050000000000000044, 0.0050000000000000044, 0.0050000000000000044,
          0.0050000000000000044, 0.0050000000000000044, 0.0050000000000000044,
          0.0050000000000000044, 0.0050000000000000044, 0.0050000000000000044,
          0.0050000000000000044, 0.0050000000000000044, 0.0050000000000000044,
          0.0050000000000000044, 0.0050000000000000044, 0.0050000000000000044,
          0.0050000000000000044, 0.0050000000000000044, 0.0050000000000000044,
          0.0050000000000000044, 0.0050000000000000044, 0.0050000000000000044,
          0.0050000000000000044, 0.0050000000000000044, 0.0050000000000000044,
          0.0050000000000000044, 0.0050000000000000044, 0.0050000000000000044,
          0.0050000000000000044, 0.0050000000000000044, 0.0050000000000000044,
          0.0050000000000000044, 0.0050000000000000044, 0.0050000000000000044,
          0.0050000000000000044, 0.0050000000000000044, 0.0050000000000000044,
          0.0050000000000000044, 0.0050000000000000044, 0.0050000000000000044,
          0.0050000000000000044, 0.0050000000000000044, 0.0050000000000000044,
          0.0050000000000000044, 0.0050000000000000044, 0.0050000000000000044,
          0.0050000000000000044, 0.0050000000000000044, 0.0050000000000000044,
          0.0050000000000000044, 0.0050000000000000044, 0.0050000000000000044,
          0.0050000000000000044, 0.0050000000000000044, 0.004999999999999949,
          0.004999999999999893, 0.004999999999999893, 0.004999999999999893,
          0.004999999999999893, 0.004999999999999893, 0.004999999999999893,
          0.004999999999999893, 0.004999999999999893, 0.004999999999999893,
          0.004999999999999893, 0.004999999999999893, 0.004999999999999893,
          0.004999999999999893, 0.004999999999999893, 0.004999999999999893,
          0.004999999999999893, 0.004999999999999893, 0.004999999999999893,
          0.004999999999999893, 0.014999999999999902, 0.014999999999999902,
          0.014999999999999902, 0.014999999999999902, 0.014999999999999902,
          0.014999999999999902, 0.014999999999999902, 0.014999999999999902,
          0.014999999999999902, 0.014999999999999902, 0.0129999999999999,
          0.0129999999999999, 0.0129999999999999, 0.0129999999999999, 0.0129999999999999,
          0.0129999999999999, 0.0129999999999999, 0.0129999999999999, 0.0129999999999999,
          0.0129999999999999, 0.016999999999999904, 0.016999999999999904,
          0.016999999999999904, 0.016999999999999904, 0.016999999999999904,
          0.016999999999999904, 0.015000000000000124, 0.015000000000000124,
          0.016999999999999904, 0.016999999999999904, 0.016999999999999904,
          0.016999999999999904, 0.016999999999999904, 0.016999999999999904,
          0.015000000000000124, 0.015000000000000124, 0.020000000000000018,
          0.020000000000000018, 0.020000000000000018, 0.020000000000000018,
          0.020000000000000018, 0.020000000000000018, 0.020000000000000018,
          0.020000000000000018, 0.020000000000000018, 0.020000000000000018,
          0.020000000000000018, 0.020000000000000018, 0.019999999999999907,
          0.020000000000000018, 0.020000000000000018, 0.020000000000000018,
          0.020000000000000018, 0.020000000000000018, 0.020000000000000018,
          0.020000000000000018, 0.020000000000000018, 0.020000000000000018,
          0.01399999999999979, 0.020000000000000018, 0.020000000000000018,
          0.020000000000000018, 0.020000000000000018, 0.020000000000000018,
          0.020000000000000018, 0.020000000000000018, 0.020000000000000018,
          0.020000000000000018, 0.020000000000000018, 0.020000000000000018,
          0.020000000000000018, 0.020000000000000018, 0.020000000000000018,
          0.020000000000000018, 0.020000000000000018, 0.020000000000000018,
          0.020000000000000018, 0.020000000000000018, 0.020000000000000018,
          0.020000000000000018, 0.020000000000000018, 0.014000000000000012,
          0.004999999999999893, 0.004999999999999893, 0.004999999999999893,
          0.004999999999999893, 0.004999999999999893, 0.004999999999999893,
          0.004999999999999893, 0.004999999999999893, 0.004999999999999893,
          0.004999999999999893, 0.004999999999999893, 0.004999999999999893,
          0.004999999999999893, 0.004999999999999893, 0.004999999999999949,
          0.0050000000000000044, 0.0050000000000000044, 0.0050000000000000044,
          0.0050000000000000044, 0.0050000000000000044, 0.0050000000000000044,
          0.0050000000000000044, 0.0050000000000000044, 0.0050000000000000044,
          0.0050000000000000044, 0.0050000000000000044, 0.0050000000000000044,
          0.0050000000000000044, 0.0050000000000000044, 0.0050000000000000044,
          0.0050000000000000044, 0.0050000000000000044, 0.0050000000000000044,
          0.0050000000000000044, 0.0050000000000000044, 0.0050000000000000044,
          0.0050000000000000044, 0.0050000000000000044, 0.0050000000000000044,
          0.0050000000000000044, 0.0050000000000000044, 0.0050000000000000044,
          0.0050000000000000044, 0.0050000000000000044, 0.0050000000000000044,
          0.0050000000000000044, 0.0050000000000000044, 0.0050000000000000044,
          0.0050000000000000044, 0.0050000000000000044, 0.0050000000000000044,
          0.0050000000000000044, 0.0050000000000000044, 0.0050000000000000044,
          0.0050000000000000044, 0.0050000000000000044, 0.0050000000000000044,
          0.0050000000000000044, 0.0050000000000000044, 0.0050000000000000044,
          0.0050000000000000044, 0.0050000000000000044, 0.0050000000000000044,
          0.0050000000000000044, 0.0050000000000000044, 0.0050000000000000044,
          0.0050000000000000044, 0.0050000000000000044, 0.0050000000000000044,
          0.0050000000000000044, 0.0050000000000000044, 0.0050000000000000044,
          0.0050000000000000044, 0.0050000000000000044, 0.0050000000000000044,
          0.0050000000000000044, 0.0050000000000000044, 0.0050000000000000044,
          0.0050000000000000044, 0.0050000000000000044, 0.0050000000000000044,
          0.0050000000000000044, 0.0050000000000000044, 0.0050000000000000044,
          0.0050000000000000044, 0.0050000000000000044, 0.0050000000000000044,
          0.0050000000000000044, 0.0050000000000000044, 0.0050000000000000044,
          0.0050000000000000044, 0.0050000000000000044, 0.0050000000000000044,
          0.0050000000000000044, 0.0050000000000000044, 0.0050000000000000044,
          0.0050000000000000044, 0.0050000000000000044, 0.0050000000000000044,
          0.0050000000000000044, 0.0050000000000000044, 0.0050000000000000044,
          0.0050000000000000044, 0.0050000000000000044, 0.0050000000000000044,
          0.0050000000000000044, 0.0050000000000000044, 0.0050000000000000044,
          0.005000000000000001, 0.0049999999999999975, 0.0049999999999999975,
          0.004999999999999999, 0.005000000000000001, 0.004999999999999999,
          0.005, 0.005, 0.005000000000000001, 0.005000000000000001, 0.0049999999999999975,
          0.0049999999999999975, 0.0049999999999999975, 0.005000000000000001,
          0.0050000000000000044, 0.0050000000000000044, 0.0050000000000000044,
          0.0050000000000000044, 0.0050000000000000044, 0.0050000000000000044,
          0.0050000000000000044, 0.0050000000000000044, 0.0050000000000000044,
          0.0050000000000000044, 0.0050000000000000044, 0.0050000000000000044,
          0.0050000000000000044, 0.0050000000000000044, 0.0050000000000000044,
          0.0050000000000000044, 0.0050000000000000044, 0.0050000000000000044,
          0.0050000000000000044, 0.0050000000000000044, 0.0050000000000000044,
          0.0050000000000000044, 0.0050000000000000044, 0.0050000000000000044,
          0.0050000000000000044, 0.0050000000000000044, 0.0050000000000000044,
          0.0050000000000000044, 0.0050000000000000044, 0.0050000000000000044,
          0.0050000000000000044, 0.0050000000000000044, 0.0050000000000000044,
          0.0050000000000000044, 0.0050000000000000044, 0.0050000000000000044,
          0.0050000000000000044, 0.0050000000000000044, 0.0050000000000000044,
          0.0050000000000000044, 0.0050000000000000044, 0.0050000000000000044,
          0.0050000000000000044, 0.0050000000000000044, 0.0050000000000000044,
          0.0050000000000000044, 0.0050000000000000044, 0.0050000000000000044,
          0.0050000000000000044, 0.0050000000000000044, 0.0050000000000000044,
          0.0050000000000000044, 0.0050000000000000044, 0.0050000000000000044,
          0.0050000000000000044, 0.0050000000000000044, 0.0050000000000000044,
          0.0050000000000000044, 0.0050000000000000044, 0.0050000000000000044,
          0.0050000000000000044, 0.0050000000000000044, 0.0050000000000000044,
          0.0050000000000000044, 0.0050000000000000044, 0.0050000000000000044,
          0.0050000000000000044, 0.0050000000000000044, 0.0050000000000000044,
          0.0050000000000000044, 0.0050000000000000044, 0.0050000000000000044,
          0.0050000000000000044, 0.0050000000000000044, 0.0050000000000000044,
          0.0050000000000000044, 0.0050000000000000044, 0.0050000000000000044,
          0.0050000000000000044, 0.0050000000000000044, 0.0050000000000000044,
          0.0050000000000000044, 0.0050000000000000044, 0.0050000000000000044,
          0.0050000000000000044, 0.0050000000000000044, 0.0050000000000000044,
          0.0050000000000000044, 0.0050000000000000044, 0.0050000000000000044,
          0.0050000000000000044, 0.0050000000000000044, 0.0050000000000000044,
          0.004999999999999893, 0.004999999999999893, 0.004999999999999893,
          0.004999999999999893, 0.004999999999999893, 0.004999999999999893,
          0.004999999999999893, 0.004999999999999893, 0.004999999999999893,
          0.004999999999999893, 0.004999999999999893, 0.004999999999999893,
          0.004999999999999893, 0.004999999999999893, 0.0029999999999998916,
          0.017099999999999893, 0.017099999999999893, 0.017099999999999893,
          0.017099999999999893, 0.017099999999999893, 0.017099999999999893,
          0.017099999999999893, 0.017099999999999893, 0.017099999999999893,
          0.017099999999999893, 0.017099999999999893, 0.017099999999999893,
          0.017099999999999893, 0.017099999999999893, 0.017099999999999893,
          0.017099999999999893, 0.017099999999999893, 0.017099999999999893,
          0.017099999999999893, 0.017099999999999893, 0.014999999999999902,
          0.014999999999999902, 0.014999999999999902, 0.014999999999999902,
          0.014999999999999902, 0.014999999999999902, 0.014999999999999902,
          0.014999999999999902, 0.014999999999999902, 0.014999999999999902,
          0.014999999999999902, 0.014999999999999902, 0.014999999999999902,
          0.014999999999999902, 0.014999999999999902, 0.020000000000000018,
          0.020000000000000018, 0.020000000000000018, 0.020000000000000018,
          0.020000000000000018, 0.020000000000000018, 0.020000000000000018,
          0.020000000000000018, 0.020000000000000018, 0.020000000000000018,
          0.020000000000000018, 0.020000000000000018, 0.020000000000000018,
          0.020000000000000018, 0.020000000000000018, 0.020000000000000018,
          0.020000000000000018, 0.020000000000000018, 0.020000000000000018,
          0.020000000000000018, 0.020000000000000018, 0.020000000000000018,
          0.020000000000000018, 0.020000000000000018, 0.020000000000000018,
          0.020000000000000018, 0.020000000000000018, 0.020000000000000018,
          0.01200000000000001, 0.015000000000000124, 0.015000000000000124,
          0.015000000000000124, 0.015000000000000124, 0.0129999999999999,
          0.0129999999999999, 0.0129999999999999, 0.0129999999999999, 0.015000000000000124,
          0.015000000000000124, 0.015000000000000124, 0.015000000000000124,
          0.015000000000000124, 0.015000000000000124, 0.015000000000000124,
          0.015000000000000124, 0.015000000000000124, 0.015000000000000124,
          0.015000000000000124, 0.015000000000000124, 0.015000000000000124,
          0.015000000000000124, 0.015000000000000124, 0.015000000000000124,
          0.015000000000000124, 0.015000000000000124, 0.015000000000000124,
          0.015000000000000124, 0.015000000000000124, 0.015000000000000124,
          0.014999999999999902, 0.014999999999999902, 0.014999999999999902,
          0.014999999999999902, 0.014999999999999902, 0.014999999999999902,
          0.014999999999999902, 0.014999999999999902, 0.014999999999999902,
          0.014999999999999902, 0.014999999999999902, 0.014999999999999902,
          0.014999999999999902, 0.014999999999999902, 0.014999999999999902,
          0.020000000000000018, 0.020000000000000018, 0.020000000000000018,
          0.020000000000000018, 0.020000000000000018, 0.020000000000000018,
          0.020000000000000018, 0.020000000000000018, 0.020000000000000018,
          0.019999999999999907, 0.020000000000000018, 0.020000000000000018,
          0.020000000000000018, 0.020000000000000018, 0.020000000000000018,
          0.020000000000000018, 0.020000000000000018, 0.020000000000000018,
          0.020000000000000018, 0.020000000000000018, 0.020000000000000018,
          0.020000000000000018, 0.020000000000000018, 0.020000000000000018,
          0.020000000000000018, 0.020000000000000018, 0.020000000000000018,
          0.020000000000000018, 0.01200000000000001, 0.015000000000000124,
          0.015000000000000124, 0.015000000000000124, 0.015000000000000124,
          0.0129999999999999, 0.0129999999999999, 0.0129999999999999, 0.0129999999999999,
          0.015000000000000124, 0.015000000000000124, 0.015000000000000124,
          0.015000000000000124, 0.015000000000000124, 0.015000000000000124,
          0.015000000000000124, 0.015000000000000124, 0.015000000000000124,
          0.015000000000000124, 0.015000000000000124, 0.015000000000000124,
          0.015000000000000124, 0.015000000000000124, 0.015000000000000124,
          0.015000000000000124, 0.015000000000000124, 0.015000000000000124,
          0.015000000000000124, 0.015000000000000124, 0.015000000000000124,
          0.015000000000000124, 0.004999999999999893, 0.004999999999999893,
          0.004999999999999893, 0.004999999999999893, 0.004999999999999893,
          0.004999999999999893, 0.004999999999999893, 0.004999999999999893,
          0.004999999999999893, 0.004999999999999893, 0.004999999999999893,
          0.004999999999999893, 0.004999999999999893, 0.004999999999999893,
          0.004999999999999949, 0.0050000000000000044, 0.0050000000000000044,
          0.0050000000000000044, 0.0050000000000000044, 0.0050000000000000044,
          0.0050000000000000044, 0.0050000000000000044, 0.0050000000000000044,
          0.0050000000000000044, 0.0050000000000000044, 0.0050000000000000044,
          0.0050000000000000044, 0.0050000000000000044, 0.0050000000000000044,
          0.0050000000000000044, 0.0050000000000000044, 0.0050000000000000044,
          0.0050000000000000044, 0.0050000000000000044, 0.0050000000000000044,
          0.0050000000000000044, 0.0050000000000000044, 0.0050000000000000044,
          0.0050000000000000044, 0.0050000000000000044, 0.0050000000000000044,
          0.0050000000000000044, 0.0050000000000000044, 0.0050000000000000044,
          0.0050000000000000044, 0.0050000000000000044, 0.0050000000000000044,
          0.0050000000000000044, 0.0050000000000000044, 0.0050000000000000044,
          0.0050000000000000044, 0.0050000000000000044, 0.0050000000000000044,
          0.0050000000000000044, 0.0050000000000000044, 0.0050000000000000044,
          0.0050000000000000044, 0.0050000000000000044, 0.0050000000000000044,
          0.0050000000000000044, 0.0050000000000000044, 0.0050000000000000044,
          0.0050000000000000044, 0.0050000000000000044, 0.0050000000000000044,
          0.0050000000000000044, 0.0050000000000000044, 0.0050000000000000044,
          0.0050000000000000044, 0.0050000000000000044, 0.0050000000000000044,
          0.0050000000000000044, 0.0050000000000000044, 0.0050000000000000044,
          0.0050000000000000044, 0.0050000000000000044, 0.0050000000000000044,
          0.0050000000000000044, 0.0050000000000000044, 0.0050000000000000044,
          0.0050000000000000044, 0.0050000000000000044, 0.0050000000000000044,
          0.0050000000000000044, 0.0050000000000000044, 0.0050000000000000044,
          0.0050000000000000044, 0.0050000000000000044, 0.0050000000000000044,
          0.0050000000000000044, 0.0050000000000000044, 0.0050000000000000044,
          0.0050000000000000044, 0.0050000000000000044, 0.0050000000000000044,
          0.0050000000000000044, 0.0050000000000000044, 0.0050000000000000044,
          0.0050000000000000044, 0.0050000000000000044, 0.0050000000000000044,
          0.0050000000000000044, 0.0050000000000000044, 0.0050000000000000044,
          0.0050000000000000044, 0.0050000000000000044, 0.0050000000000000044,
          0.0050000000000000044, 0.005000000000000001, 0.0049999999999999975,
          0.0049999999999999975, 0.004999999999999999, 0.005000000000000001,
          0.005000000000000001, 0.005, 0.005, 0.005000000000000001, 0.005000000000000001,
          0.004999999999999999, 0.0049999999999999975, 0.0049999999999999975,
          0.005000000000000001, 0.0050000000000000044, 0.0050000000000000044,
          0.0050000000000000044, 0.0050000000000000044, 0.0050000000000000044,
          0.0050000000000000044, 0.0050000000000000044, 0.0050000000000000044,
          0.0050000000000000044, 0.0050000000000000044, 0.0050000000000000044,
          0.0050000000000000044, 0.0050000000000000044, 0.0050000000000000044,
          0.0050000000000000044, 0.0050000000000000044, 0.0050000000000000044,
          0.0050000000000000044, 0.0050000000000000044, 0.0050000000000000044,
          0.0050000000000000044, 0.0050000000000000044, 0.0050000000000000044,
          0.0050000000000000044, 0.0050000000000000044, 0.0050000000000000044,
          0.0050000000000000044, 0.0050000000000000044, 0.0050000000000000044,
          0.0050000000000000044, 0.0050000000000000044, 0.0050000000000000044,
          0.0050000000000000044, 0.0050000000000000044, 0.0050000000000000044,
          0.0050000000000000044, 0.0050000000000000044, 0.0050000000000000044,
          0.0050000000000000044, 0.0050000000000000044, 0.0050000000000000044,
          0.0050000000000000044, 0.0050000000000000044, 0.0050000000000000044,
          0.0050000000000000044, 0.0050000000000000044, 0.0050000000000000044,
          0.0050000000000000044, 0.0050000000000000044, 0.0050000000000000044,
          0.0050000000000000044, 0.0050000000000000044, 0.0050000000000000044,
          0.0050000000000000044, 0.0050000000000000044, 0.0050000000000000044,
          0.0050000000000000044, 0.0050000000000000044, 0.0050000000000000044,
          0.0050000000000000044, 0.0050000000000000044, 0.0050000000000000044,
          0.0050000000000000044, 0.0050000000000000044, 0.0050000000000000044,
          0.0050000000000000044, 0.0050000000000000044, 0.0050000000000000044,
          0.0050000000000000044, 0.0050000000000000044, 0.0050000000000000044,
          0.0050000000000000044, 0.0050000000000000044, 0.0050000000000000044,
          0.0050000000000000044, 0.0050000000000000044, 0.0050000000000000044,
          0.0050000000000000044, 0.0050000000000000044, 0.0050000000000000044,
          0.0050000000000000044, 0.0050000000000000044, 0.0050000000000000044,
          0.0050000000000000044, 0.0050000000000000044, 0.0050000000000000044,
          0.0050000000000000044, 0.0050000000000000044, 0.0050000000000000044,
          0.0050000000000000044, 0.0050000000000000044, 0.0050000000000000044,
          0.0050000000000000044, 0.004999999999999949, 0.004999999999999893,
          0.004999999999999893, 0.004999999999999893, 0.004999999999999893,
          0.004999999999999893, 0.004999999999999893, 0.004999999999999893,
          0.004999999999999893, 0.004999999999999893, 0.004999999999999893,
          0.004999999999999893, 0.004999999999999893, 0.004999999999999893,
          0.004999999999999893
    islpfc = 0
    lpname = 'Flux Loop ', 'Flux Loop ', 'Flux Loop ', 'Flux Loop ', 'Flux Loop ',
             'Flux Loop ', 'Flux Loop ', 'Flux Loop ', 'Flux Loop ', 'Flux Loop ',
             'Flux Loop '
    mpnam2 = 'MagneticFi', 'MagneticFi', 'MagneticFi', 'MagneticFi', 'MagneticFi',
             'MagneticFi', 'MagneticFi', 'MagneticFi', 'MagneticFi', 'MagneticFi',
             'MagneticFi', 'MagneticFi', 'MagneticFi', 'MagneticFi', 'MagneticFi',
             'MagneticFi', 'MagneticFi', 'MagneticFi', 'MagneticFi', 'MagneticFi',
             'MagneticFi', 'MagneticFi', 'MagneticFi', 'MagneticFi', 'MagneticFi',
             'MagneticFi', 'MagneticFi', 'MagneticFi', 'MagneticFi', 'MagneticFi',
             'MagneticFi', 'MagneticFi', 'MagneticFi', 'MagneticFi', 'MagneticFi',
             'MagneticFi', 'MagneticFi', 'MagneticFi', 'MagneticFi', 'MagneticFi',
             'MagneticFi', 'MagneticFi', 'MagneticFi', 'MagneticFi', 'MagneticFi',
             'MagneticFi', 'MagneticFi', 'MagneticFi', 'MagneticFi', 'MagneticFi',
             'MagneticFi', 'MagneticFi', 'MagneticFi', 'MagneticFi', 'MagneticFi',
             'MagneticFi', 'MagneticFi', 'MagneticFi', 'MagneticFi', 'MagneticFi',
             'MagneticFi', 'MagneticFi', 'MagneticFi', 'MagneticFi'
    rf = 0.053, 0.053, 0.053, 0.053, 0.053, 0.053, 0.053, 0.053, 0.053,
         0.053, 0.053, 0.053, 0.053, 0.053, 0.053, 0.053, 0.053, 0.053,
         0.053, 0.053, 0.053, 0.053, 0.053, 0.053, 0.053, 0.053, 0.053,
         0.053, 0.053, 0.053, 0.053, 0.053, 0.053, 0.053, 0.053, 0.053,
         0.053, 0.053, 0.053, 0.053, 0.053, 0.053, 0.053, 0.053, 0.053,
         0.053, 0.053, 0.053, 0.053, 0.053, 0.053, 0.053, 0.053, 0.053,
         0.053, 0.053, 0.053, 0.053, 0.053, 0.053, 0.053, 0.053, 0.053,
         0.053, 0.053, 0.053, 0.053, 0.053, 0.053, 0.053, 0.053, 0.053,
         0.053, 0.053, 0.053, 0.053, 0.053, 0.053, 0.053, 0.053, 0.053,
         0.053, 0.053, 0.053, 0.053, 0.053, 0.053, 0.053, 0.053, 0.053,
         0.053, 0.053, 0.053, 0.053, 0.053, 0.053, 0.053, 0.053, 0.053,
         0.053, 0.053, 0.053, 0.053, 0.053, 0.053, 0.053, 0.053, 0.053,
         0.053, 0.053, 0.053, 0.053, 0.053, 0.053, 0.053, 0.053, 0.053,
         0.053, 0.053, 0.053, 0.053, 0.053, 0.053, 0.053, 0.053, 0.053,
         0.053, 0.053, 0.053, 0.053, 0.053, 0.053, 0.053, 0.053, 0.053,
         0.053, 0.053, 0.053, 0.053, 0.053, 0.053, 0.053, 0.053, 0.053,
         0.053, 0.053, 0.053, 0.053, 0.053, 0.053, 0.053, 0.053, 0.053,
         0.053, 0.053, 0.053, 0.053, 0.053, 0.094, 0.094, 0.094, 0.094,
         0.094, 0.094, 0.094, 0.094, 0.094, 0.094, 0.094, 0.094, 0.094,
         0.094, 0.094, 0.094, 0.094, 0.094, 0.094, 0.094, 0.094, 0.094,
         0.094, 0.094, 0.094, 0.114, 0.114, 0.114, 0.114, 0.114, 0.114,
         0.114, 0.114, 0.114, 0.114, 0.114, 0.114, 0.114, 0.114, 0.114,
         0.114, 0.114, 0.114, 0.114, 0.114, 0.114, 0.114, 0.114, 0.114,
         0.114, 0.094, 0.094, 0.094, 0.094, 0.094, 0.094, 0.094, 0.094,
         0.094, 0.094, 0.094, 0.094, 0.094, 0.094, 0.094, 0.094, 0.094,
         0.094, 0.094, 0.094, 0.094, 0.094, 0.094, 0.094, 0.094, 0.114,
         0.114, 0.114, 0.114, 0.114, 0.114, 0.114, 0.114, 0.114, 0.114,
         0.114, 0.114, 0.114, 0.114, 0.114, 0.114, 0.114, 0.114, 0.114,
         0.114, 0.114, 0.114, 0.114, 0.114, 0.114, 0.2795, 0.2795, 0.2865,
         0.2865, 0.2935, 0.2935, 0.3005, 0.3005, 0.2795, 0.2795, 0.2865,
         0.2865, 0.2935, 0.2935, 0.3005, 0.3005, 0.5595, 0.5595, 0.5665,
         0.5665, 0.5735, 0.5735, 0.5805, 0.5805, 0.5595, 0.5595, 0.5665,
         0.5665, 0.5735, 0.5735, 0.5805, 0.5805, 0.6925, 0.6995, 0.7065,
         0.7135, 0.7205, 0.7275, 0.6925, 0.6995, 0.7065, 0.7135, 0.7205,
         0.7275, 0.6925, 0.6995, 0.7065, 0.7135, 0.7205, 0.7275, 0.6925,
         0.6995, 0.7065, 0.7135, 0.7205, 0.7275, 0.6925, 0.6995, 0.7065,
         0.7135, 0.7205, 0.7275, 0.6925, 0.6995, 0.7065, 0.7135, 0.7205,
         0.7275, 0.6925, 0.6995, 0.7065, 0.7135, 0.7205, 0.7275, 0.6925,
         0.6995, 0.7065, 0.7135, 0.7205, 0.7275, 0.6925, 0.6995, 0.7065,
         0.7135, 0.7205, 0.7275, 0.6925, 0.6995, 0.7065, 0.7135, 0.7205,
         0.7275, 0.6925, 0.6995, 0.7065, 0.7135, 0.7205, 0.7275, 0.6925,
         0.6995, 0.7065, 0.7135, 0.7205, 0.7275, 0.6925, 0.6995, 0.7065,
         0.7135, 0.7205, 0.7275, 0.6925, 0.6995, 0.7065, 0.7135, 0.7205,
         0.7275, 0.6925, 0.6995, 0.7065, 0.7135, 0.7205, 0.7275, 0.6925,
         0.6995, 0.7065, 0.7135, 0.7205, 0.7275, 0.6925, 0.6995, 0.7065,
         0.7135, 0.7205, 0.7275, 0.6925, 0.6995, 0.7065, 0.7135, 0.7205,
         0.7275, 0.6925, 0.6995, 0.7065, 0.7135, 0.7205, 0.7275, 0.6925,
         0.6995, 0.7065, 0.7135, 0.7205, 0.7275, 0.6925, 0.6995, 0.7065,
         0.7135, 0.7205, 0.7275, 0.6925, 0.6995, 0.7065, 0.7135, 0.7205,
         0.7275, 0.6925, 0.6995, 0.7065, 0.7135, 0.7205, 0.7275, 0.6925,
         0.6995, 0.7065, 0.7135, 0.7205, 0.7275, 0.9125, 0.9195, 0.9265,
         0.9335, 0.9405, 0.9475, 0.9125, 0.9195, 0.9265, 0.9335, 0.9405,
         0.9475, 0.9125, 0.9195, 0.9265, 0.9335, 0.9405, 0.9475, 0.9125,
         0.9195, 0.9265, 0.9335, 0.9405, 0.9475, 0.9125, 0.9195, 0.9265,
         0.9335, 0.9405, 0.9475, 0.9125, 0.9195, 0.9265, 0.9335, 0.9405,
         0.9475, 0.9125, 0.9195, 0.9265, 0.9335, 0.9405, 0.9475, 0.9125,
         0.9195, 0.9265, 0.9335, 0.9405, 0.9475, 0.9125, 0.9195, 0.9265,
         0.9335, 0.9405, 0.9475, 0.9125, 0.9195, 0.9265, 0.9335, 0.9405,
         0.9475, 0.9125, 0.9195, 0.9265, 0.9335, 0.9405, 0.9475, 0.9125,
         0.9195, 0.9265, 0.9335, 0.9405, 0.9475, 0.9125, 0.9195, 0.9265,
         0.9335, 0.9405, 0.9475, 0.9125, 0.9195, 0.9265, 0.9335, 0.9405,
         0.9475, 0.9125, 0.9195, 0.9265, 0.9335, 0.9405, 0.9475, 0.9125,
         0.9195, 0.9265, 0.9335, 0.9405, 0.9475
    rsi = 0.592, 0.792, 0.792, 0.592, 0.138, 0.091, 0.138, 0.13, 0.106,
          0.13, 0.106
    rsisvs = 0.253422777741933, 0.253422777741933, 0.253422777741933, 0.253422777741933,
             0.253422777741933, 0.253422777741933, 0.253422777741933, 0.253422777741933,
             0.253422777741933, 0.253422777741933, 0.253422777741933, 0.253422777741933,
             0.253422777741933, 0.253422777741933, 0.253422777741933, 0.253422777741933,
             0.253422777741933, 0.253422777741933, 0.253422777741933, 0.253422777741933,
             0.13751916973553965, 0.13751916973553965, 0.13751916973553965,
             0.13751916973553965, 0.13751916973553965, 0.13751916973553965,
             0.13751916973553965, 0.13751916973553965, 0.13751916973553965,
             0.13751916973553965, 0.13751916973553965, 0.13751916973553965,
             0.13751916973553965, 0.13751916973553965, 0.13751916973553965,
             0.13751916973553965, 0.13751916973553965, 0.13751916973553965,
             0.13751916973553965, 0.13751916973553965, 0.11599993836152209,
             0.11599993836152209, 0.11599993836152209, 0.11599993836152209,
             0.11599993836152209, 0.11599993836152209, 0.11599993836152209,
             0.11599993836152209, 0.11599993836152209, 0.11599993836152209,
             0.11599993836152209, 0.11599993836152209, 0.11599993836152209,
             0.11599993836152209, 0.11599993836152209, 0.11599993836152209,
             0.11599993836152209, 0.11599993836152209, 0.11599993836152209,
             0.11599993836152209, 0.25409140282166615, 0.25409140282166615,
             0.25409140282166615, 0.25409140282166615, 0.25409140282166615,
             0.25409140282166615, 0.25409140282166615, 0.25409140282166615,
             0.25409140282166615, 0.25409140282166615, 0.25409140282166615,
             0.25409140282166615, 0.25409140282166615, 0.25409140282166615,
             0.25409140282166615, 0.25409140282166615, 0.25409140282166615,
             0.25409140282166615, 0.25409140282166615, 0.25409140282166615,
             0.28793931707820763, 0.28793931707820763, 0.28793931707820763,
             0.28793931707820763, 0.28793931707820763, 0.28793931707820763,
             0.28793931707820763, 0.28793931707820763, 0.28793931707820763,
             0.28793931707820763, 0.28793931707820763, 0.28793931707820763,
             0.28793931707820763, 0.28793931707820763, 0.28793931707820763,
             0.28793931707820763, 0.28793931707820763, 0.28793931707820763,
             0.28793931707820763, 0.28793931707820763, 0.14774668421012058,
             0.14774668421012058, 0.14774668421012058, 0.14774668421012058,
             0.14774668421012058, 0.14774668421012058, 0.14774668421012058,
             0.14774668421012058, 0.14774668421012058, 0.14774668421012058,
             0.14774668421012058, 0.14774668421012058, 0.14774668421012058,
             0.14774668421012058, 0.14774668421012058, 0.14774668421012058,
             0.14774668421012058, 0.14774668421012058, 0.14774668421012058,
             0.14774668421012058, 0.24943182642766887, 0.24943182642766887,
             0.24943182642766887, 0.24943182642766887, 0.24943182642766887,
             0.24943182642766887, 0.24943182642766887, 0.24943182642766887,
             0.24943182642766887, 0.24943182642766887, 0.24943182642766887,
             0.24943182642766887, 0.24943182642766887, 0.24943182642766887,
             0.24943182642766887, 0.24943182642766887, 0.24943182642766887,
             0.24943182642766887, 0.24943182642766887, 0.24943182642766887,
             0.19029886311625993, 0.19029886311625993, 0.19029886311625993,
             0.19029886311625993, 0.19029886311625993, 0.19029886311625993,
             0.19029886311625993, 0.19029886311625993, 0.19029886311625993,
             0.19029886311625993, 0.19029886311625993, 0.19029886311625993,
             0.19029886311625993, 0.19029886311625993, 0.19029886311625993,
             0.19029886311625993, 0.19029886311625993, 0.19029886311625993,
             0.19029886311625993, 0.19029886311625993, 0.19349814221671668,
             0.19349814221671668, 0.19349814221671668, 0.19349814221671668,
             0.19349814221671668, 0.19349814221671668, 0.19349814221671668,
             0.19349814221671668, 0.19349814221671668, 0.19349814221671668,
             0.19349814221671668, 0.19349814221671668, 0.19349814221671668,
             0.19349814221671668, 0.19349814221671668, 0.19349814221671668,
             0.19349814221671668, 0.19349814221671668, 0.19349814221671668,
             0.19349814221671668, 0.1599090510478687, 0.1599090510478687,
             0.1599090510478687, 0.1599090510478687, 0.1599090510478687,
             0.1599090510478687, 0.1599090510478687, 0.1599090510478687,
             0.1599090510478687, 0.1599090510478687, 0.1599090510478687,
             0.1599090510478687, 0.1599090510478687, 0.1599090510478687,
             0.1599090510478687, 0.1599090510478687, 0.1599090510478687,
             0.1599090510478687, 0.1599090510478687, 0.1599090510478687,
             0.11551168209904548, 0.11551168209904548, 0.11551168209904548,
             0.11551168209904548, 0.11551168209904548, 0.11551168209904548,
             0.11551168209904548, 0.11551168209904548, 0.11551168209904548,
             0.11551168209904548, 0.11551168209904548, 0.11551168209904548,
             0.11551168209904548, 0.11551168209904548, 0.11551168209904548,
             0.11551168209904548, 0.11551168209904548, 0.11551168209904548,
             0.11551168209904548, 0.11551168209904548, 0.10972894482960036,
             0.10972894482960036, 0.10972894482960036, 0.10972894482960036,
             0.10972894482960036, 0.10972894482960036, 0.10972894482960036,
             0.10972894482960036, 0.10972894482960036, 0.10972894482960036,
             0.10972894482960036, 0.10972894482960036, 0.10972894482960036,
             0.10972894482960036, 0.10972894482960036, 0.10972894482960036,
             0.10972894482960036, 0.10972894482960036, 0.10972894482960036,
             0.10972894482960036, 0.011598760077053518, 0.011925485713026856,
             0.012252211349000196, 0.012578936984973534, 0.012905662620946872,
             0.011598760077053518, 0.011925485713026856, 0.012252211349000196,
             0.012578936984973534, 0.012905662620946872, 0.015381237631975627,
             0.015758228750406406, 0.01613521986883718, 0.016512210987267954,
             0.047904799977739214, 0.015381237631975627, 0.015758228750406406,
             0.01613521986883718, 0.016512210987267954, 0.047904799977739214,
             0.0020713444362956794, 0.002359631762154508, 0.002647919088013336,
             0.0029362064138721638, 0.003224493739730992, 0.004277441089506599,
             0.004247433267653401, 0.00898495498926681, 0.0020713444362956794,
             0.002359631762154508, 0.002647919088013336, 0.0029362064138721638,
             0.003224493739730992, 0.004277441089506599, 0.004247433267653401,
             0.00898495498926681, 0.009513481753341328, 0.009513481753341328,
             0.009513481753341328, 0.009513481753341328, 0.009513481753341328,
             0.009513481753341328, 0.009513481753341328, 0.009513481753341328,
             0.009513481753341328, 0.009513481753341328, 0.009513481753341328,
             0.009513481753341328, 0.009513481753341328, 0.009513481753341328,
             0.009513481753341328, 0.009513481753341328, 0.009513481753341328,
             0.009513481753341328, 0.009513481753341328, 0.009513481753341328,
             0.009513481753341328, 0.009513481753341328, 0.01359068821905904,
             0.009513481753341328, 0.009513481753341328, 0.009513481753341328,
             0.009513481753341328, 0.009513481753341328, 0.009513481753341328,
             0.009513481753341328, 0.009513481753341328, 0.009513481753341328,
             0.009513481753341328, 0.009513481753341328, 0.009513481753341328,
             0.009513481753341328, 0.009513481753341328, 0.009513481753341328,
             0.009513481753341328, 0.009513481753341328, 0.009513481753341328,
             0.009513481753341328, 0.009513481753341328, 0.009513481753341328,
             0.009513481753341328, 0.01359068821905904, 0.028425130329680446,
             0.028425130329680446, 0.028425130329680446, 0.028425130329680446,
             0.028425130329680446, 0.028425130329680446, 0.028425130329680446,
             0.028425130329680446, 0.028425130329680446, 0.028425130329680446,
             0.028425130329680446, 0.028425130329680446, 0.028425130329680446,
             0.028425130329680446, 0.028425130329680446, 0.028425130329680446,
             0.028425130329680446, 0.028425130329680446, 0.028425130329680446,
             0.028425130329680446, 0.028425130329680446, 0.028425130329680446,
             0.028425130329680446, 0.028425130329680446, 0.028425130329680446,
             0.028425130329680446, 0.028425130329680446, 0.028425130329680446,
             0.028425130329680446, 0.028425130329680446, 0.028425130329680446,
             0.028425130329680446, 0.028425130329680446, 0.028425130329680446,
             0.028425130329680446, 0.028425130329680446, 0.028425130329680446,
             0.028425130329680446, 0.028425130329680446, 0.028425130329680446,
             0.028425130329680446, 0.028425130329680446, 0.028425130329680446,
             0.028425130329680446, 0.028425130329680446, 0.028425130329680446,
             0.028425130329680446, 0.028425130329680446, 0.028425130329680446,
             0.028425130329680446, 0.028425130329680446, 0.028425130329680446,
             0.028425130329680446, 0.028425130329680446, 0.028425130329680446,
             0.028425130329680446, 0.028425130329680446, 0.028425130329680446,
             0.028425130329680446, 0.028425130329680446, 0.028425130329680446,
             0.028425130329680446, 0.028425130329680446, 0.028425130329680446,
             0.028425130329680446, 0.028425130329680446, 0.028425130329680446,
             0.028425130329680446, 0.028425130329680446, 0.028425130329680446,
             0.028425130329680446, 0.028425130329680446, 0.028425130329680446,
             0.028425130329680446, 0.028425130329680446, 0.028425130329680446,
             0.028425130329680446, 0.028425130329680446, 0.028425130329680446,
             0.028425130329680446, 0.028425130329680446, 0.028425130329680446,
             0.028425130329680446, 0.028425130329680446, 0.028425130329680446,
             0.028425130329680446, 0.028425130329680446, 0.028425130329680446,
             0.028425130329680446, 0.028425130329680446, 0.028425130329680446,
             0.028425130329680446, 0.028425130329680446, 0.028425130329680446,
             0.028425130329680446, 0.028425130329680446, 0.028425130329680446,
             0.028425130329680446, 0.028425130329680446, 0.028425130329680446,
             0.028425130329680446, 0.028425130329680446, 0.028425130329680446,
             0.028425130329680446, 0.028425130329680446, 0.028425130329680446,
             0.028425130329680446, 0.028425130329680446, 0.028425130329680446,
             0.028425130329680446, 0.028425130329680446, 0.028425130329680446,
             0.028425130329680446, 0.028425130329680446, 0.028425130329680446,
             0.028425130329680446, 0.028425130329680446, 0.028425130329680446,
             0.028425130329680446, 0.028425130329680446, 0.028425130329680446,
             0.028425130329680446, 0.028425130329680446, 0.028425130329680446,
             0.028425130329680446, 0.028425130329680446, 0.028425130329680446,
             0.028425130329680446, 0.028425130329680446, 0.028425130329680446,
             0.028425130329680446, 0.028425130329680446, 0.028425130329680446,
             0.028425130329680446, 0.028425130329680446, 0.028425130329680446,
             0.028425130329680446, 0.028425130329680446, 0.028425130329680446,
             0.028425130329680446, 0.028425130329680446, 0.028425130329680446,
             0.028425130329680446, 0.028425130329680446, 0.028425130329680446,
             0.028425130329680446, 0.028425130329680446, 0.028425130329680446,
             0.028425130329680446, 0.028425130329680446, 0.028425130329680446,
             0.028425130329680446, 0.028425130329680446, 0.028425130329680446,
             0.028425130329680446, 0.028425130329680446, 0.028425130329680446,
             0.028425130329680446, 0.028425130329680446, 0.028425130329680446,
             0.028425130329680446, 0.028425130329680446, 0.028425130329680446,
             0.028425130329680446, 0.028425130329680446, 0.028425130329680446,
             0.028425130329680446, 0.028425130329680446, 0.028425130329680446,
             0.028425130329680446, 0.028425130329680446, 0.028425130329680446,
             0.028425130329680446, 0.028425130329680446, 0.028425130329680446,
             0.028425130329680446, 0.028425130329680446, 0.028425130329680446,
             0.028425130329680446, 0.028425130329680446, 0.028425130329680446,
             0.028425130329680446, 0.028425130329680446, 0.028425130329680446,
             0.028425130329680446, 0.028425130329680446, 0.028425130329680446,
             0.028425130329680446, 0.028425130329680446, 0.028425130329680446,
             0.028425130329680446, 0.028425130329680446, 0.028425130329680446,
             0.028425130329680446, 0.028425130329680446, 0.028425130329680446,
             0.028425130329680446, 0.028425130329680446, 0.028425130329680446,
             0.028425130329680446, 0.028425130329680446, 0.028425130329680446,
             0.028425130329680446, 0.028425130329680446, 0.028425130329680446,
             0.028425130329680446, 0.028425130329680446, 0.028425130329680446,
             0.028425130329680446, 0.028425130329680446, 0.028425130329680446,
             0.028425130329680446, 0.028425130329680446, 0.028425130329680446,
             0.028425130329680446, 0.028425130329680446, 0.028425130329680446,
             0.028425130329680446, 0.028425130329680446, 0.028425130329680446,
             0.028425130329680446, 0.028425130329680446, 0.028425130329680446,
             0.028425130329680446, 0.028425130329680446, 0.028425130329680446,
             0.028425130329680446, 0.028425130329680446, 0.028425130329680446,
             0.04737521721613407, 0.004876236816184546, 0.005159399034028105,
             0.005442561251871664, 0.0057257234697152245, 0.006008885687558785,
             0.006292047905402345, 0.006575210123245905, 0.0068583723410894646,
             0.007141534558933025, 0.007424696776776585, 0.004876236816184546,
             0.005159399034028105, 0.005442561251871664, 0.0057257234697152245,
             0.006008885687558785, 0.006292047905402345, 0.006575210123245905,
             0.0068583723410894646, 0.007141534558933025, 0.007424696776776585,
             0.009997804460784158, 0.010324530096757498, 0.010651255732730836,
             0.010977981368704176, 0.011304707004677512, 0.01163143264065085,
             0.011958158276624189, 0.012284883912597529, 0.012611609548570869,
             0.012938335184544207, 0.013265060820517547, 0.013591786456490883,
             0.013918512092464223, 0.014245237728437561, 0.026360818356939812,
             0.024626944811490387, 0.024626944811490387, 0.024626944811490387,
             0.024626944811490387, 0.024626944811490387, 0.024626944811490387,
             0.024626944811490387, 0.024626944811490387, 0.024626944811490387,
             0.024626944811490387, 0.024626944811490387, 0.024626944811490387,
             0.024626944811490387, 0.024626944811490387, 0.024626944811490387,
             0.024626944811490387, 0.024626944811490387, 0.024626944811490387,
             0.024626944811490387, 0.024626944811490387, 0.024626944811490387,
             0.024626944811490387, 0.024626944811490387, 0.024626944811490387,
             0.024626944811490387, 0.024626944811490387, 0.024626944811490387,
             0.024626944811490387, 0.041044908019150644, 0.008658229353293473,
             0.00898495498926681, 0.009311680625240149, 0.009638406261213485,
             0.011498229112138644, 0.01187522023056942, 0.012252211349000196,
             0.019328044648777822, 0.004247433267653401, 0.00457415890362674,
             0.0049008845396000785, 0.005227610175573417, 0.005554335811546756,
             0.005881061447520094, 0.006207787083493432, 0.006534512719466771,
             0.006861238355440109, 0.007187963991413447, 0.007514689627386786,
             0.007841415263360125, 0.008168140899333464, 0.008494866535306803,
             0.00882159217128014, 0.00914831780725348, 0.009475043443226817,
             0.009801769079200157, 0.010128494715173495, 0.010455220351146833,
             0.010781945987120173, 0.0731320881853656, 0.009997804460784158,
             0.010324530096757498, 0.010651255732730836, 0.010977981368704176,
             0.011304707004677512, 0.01163143264065085, 0.011958158276624189,
             0.012284883912597529, 0.012611609548570869, 0.012938335184544207,
             0.013265060820517547, 0.013591786456490883, 0.013918512092464223,
             0.014245237728437561, 0.026360818356939812, 0.024626944811490387,
             0.024626944811490387, 0.024626944811490387, 0.024626944811490387,
             0.024626944811490387, 0.024626944811490387, 0.024626944811490387,
             0.024626944811490387, 0.024626944811490387, 0.024626944811490387,
             0.024626944811490387, 0.024626944811490387, 0.024626944811490387,
             0.024626944811490387, 0.024626944811490387, 0.024626944811490387,
             0.024626944811490387, 0.024626944811490387, 0.024626944811490387,
             0.024626944811490387, 0.024626944811490387, 0.024626944811490387,
             0.024626944811490387, 0.024626944811490387, 0.024626944811490387,
             0.024626944811490387, 0.024626944811490387, 0.024626944811490387,
             0.041044908019150644, 0.008658229353293473, 0.00898495498926681,
             0.009311680625240149, 0.009638406261213485, 0.011498229112138644,
             0.01187522023056942, 0.012252211349000196, 0.019328044648777822,
             0.004247433267653401, 0.00457415890362674, 0.0049008845396000785,
             0.005227610175573417, 0.005554335811546756, 0.005881061447520094,
             0.006207787083493432, 0.006534512719466771, 0.006861238355440109,
             0.007187963991413447, 0.007514689627386786, 0.007841415263360125,
             0.008168140899333464, 0.008494866535306803, 0.00882159217128014,
             0.00914831780725348, 0.009475043443226817, 0.009801769079200157,
             0.010128494715173495, 0.010455220351146833, 0.010781945987120173,
             0.0731320881853656, 0.11377855161431823, 0.11377855161431823,
             0.11377855161431823, 0.11377855161431823, 0.11377855161431823,
             0.11377855161431823, 0.11377855161431823, 0.11377855161431823,
             0.11377855161431823, 0.11377855161431823, 0.11377855161431823,
             0.11377855161431823, 0.05994335256977779, 0.05994335256977779,
             0.05994335256977779, 0.05994335256977779, 0.05994335256977779,
             0.05994335256977779, 0.05994335256977779, 0.05994335256977779,
             0.05994335256977779, 0.05994335256977779, 0.05994335256977779,
             0.05994335256977779, 0.02815828088965899, 0.02815828088965899,
             0.02815828088965899, 0.02815828088965899, 0.02815828088965899,
             0.02815828088965899, 0.02815828088965899, 0.02815828088965899,
             0.02815828088965899, 0.02815828088965899, 0.02815828088965899,
             0.02815828088965899, 0.05796428582104997, 0.05796428582104997,
             0.05796428582104997, 0.05796428582104997, 0.05796428582104997,
             0.05796428582104997, 0.05796428582104997, 0.05796428582104997,
             0.05796428582104997, 0.05796428582104997, 0.05796428582104997,
             0.05796428582104997, 0.32075642594002973, 0.32075642594002973,
             0.32075642594002973, 0.32075642594002973, 0.32075642594002973,
             0.32075642594002973, 0.32075642594002973, 0.32075642594002973,
             0.32075642594002973, 0.32075642594002973, 0.32075642594002973,
             0.32075642594002973, 0.37366491581185735, 0.37366491581185735,
             0.37366491581185735, 0.37366491581185735, 0.37366491581185735,
             0.37366491581185735, 0.37366491581185735, 0.37366491581185735,
             0.37366491581185735, 0.37366491581185735, 0.37366491581185735,
             0.37366491581185735, 0.6431651020613394, 0.6431651020613394,
             0.6431651020613394, 0.6431651020613394, 0.6431651020613394,
             0.6431651020613394, 0.6431651020613394, 0.6431651020613394,
             0.6431651020613394, 0.6431651020613394, 0.6431651020613394,
             0.6431651020613394, 0.6241558861954687, 0.6241558861954687,
             0.6241558861954687, 0.6241558861954687, 0.6241558861954687,
             0.6241558861954687, 0.6241558861954687, 0.6241558861954687,
             0.6241558861954687, 0.6241558861954687, 0.6241558861954687,
             0.6241558861954687, 0.4887115324551217, 0.4887115324551217,
             0.4887115324551217, 0.4887115324551217, 0.4887115324551217,
             0.4887115324551217, 0.4887115324551217, 0.4887115324551217,
             0.4887115324551217, 0.4887115324551217, 0.4887115324551217,
             0.4887115324551217, 0.5731638611193773, 0.5731638611193773,
             0.5731638611193773, 0.5731638611193773, 0.5731638611193773,
             0.5731638611193773, 0.5731638611193773, 0.5731638611193773,
             0.5731638611193773, 0.5731638611193773, 0.5731638611193773,
             0.5731638611193773, 0.5803197831132285, 0.5803197831132285,
             0.5803197831132285, 0.5803197831132285, 0.5803197831132285,
             0.5803197831132285, 0.5803197831132285, 0.5803197831132285,
             0.5803197831132285, 0.5803197831132285, 0.5803197831132285,
             0.5803197831132285, 0.6289644249572014, 0.6289644249572014,
             0.6289644249572014, 0.6289644249572014, 0.6289644249572014,
             0.6289644249572014, 0.6289644249572014, 0.6289644249572014,
             0.6289644249572014, 0.6289644249572014, 0.6289644249572014,
             0.6289644249572014, 0.6482293406137619, 0.6482293406137619,
             0.6482293406137619, 0.6482293406137619, 0.6482293406137619,
             0.6482293406137619, 0.6482293406137619, 0.6482293406137619,
             0.6482293406137619, 0.6482293406137619, 0.6482293406137619,
             0.6482293406137619, 0.35966779972796675, 0.35966779972796675,
             0.35966779972796675, 0.35966779972796675, 0.35966779972796675,
             0.35966779972796675, 0.35966779972796675, 0.35966779972796675,
             0.35966779972796675, 0.35966779972796675, 0.35966779972796675,
             0.35966779972796675, 0.31804087592044245, 0.31804087592044245,
             0.31804087592044245, 0.31804087592044245, 0.31804087592044245,
             0.31804087592044245, 0.31804087592044245, 0.31804087592044245,
             0.31804087592044245, 0.31804087592044245, 0.31804087592044245,
             0.31804087592044245, 0.18181589698965817, 0.18181589698965817,
             0.18181589698965817, 0.18181589698965817, 0.18181589698965817,
             0.18181589698965817, 0.18181589698965817, 0.18181589698965817,
             0.18181589698965817, 0.18181589698965817, 0.18181589698965817,
             0.18181589698965817, 0.04822584289163898, 0.04822584289163898,
             0.04822584289163898, 0.04822584289163898, 0.04822584289163898,
             0.04822584289163898, 0.04822584289163898, 0.04822584289163898,
             0.04822584289163898, 0.04822584289163898, 0.04822584289163898,
             0.04822584289163898, 0.04277301644593314, 0.04277301644593314,
             0.04277301644593314, 0.04277301644593314, 0.04277301644593314,
             0.04277301644593314, 0.04277301644593314, 0.04277301644593314,
             0.04277301644593314, 0.04277301644593314, 0.04277301644593314,
             0.04277301644593314, 0.1573633597709678, 0.1573633597709678,
             0.1573633597709678, 0.1573633597709678, 0.1573633597709678,
             0.1573633597709678, 0.1573633597709678, 0.1573633597709678,
             0.1573633597709678, 0.1573633597709678, 0.1573633597709678,
             0.1573633597709678, 0.1573633597709678, 0.1573633597709678
    rvs = 0.803, 0.803, 0.803, 0.803, 0.803, 0.803, 0.803, 0.803, 0.803,
          0.803, 0.803, 0.803, 0.803, 0.803, 0.803, 0.803, 0.803, 0.803,
          0.803, 0.803, 0.803, 0.803, 0.803, 0.803, 0.803, 0.803, 0.803,
          0.803, 0.803, 0.803, 0.803, 0.803, 0.803, 0.803, 0.803, 0.803,
          0.803, 0.803, 0.803, 0.803, 0.803, 0.803, 0.803, 0.803, 0.803,
          0.803, 0.803, 0.803, 0.803, 0.803, 0.803, 0.803, 0.803, 0.803,
          0.803, 0.803, 0.803, 0.803, 0.803, 0.803, 0.803, 0.803, 0.803,
          0.803, 0.803, 0.803, 0.803, 0.803, 0.803, 0.803, 0.803, 0.803,
          0.803, 0.803, 0.803, 0.803, 0.803, 0.803, 0.803, 0.803, 0.803,
          0.803, 0.803, 0.803, 0.803, 0.803, 0.803, 0.803, 0.803, 0.803,
          0.803, 0.803, 0.803, 0.803, 0.803, 0.803, 0.803, 0.803, 0.803,
          0.803, 0.803, 0.803, 0.803, 0.803, 0.803, 0.803, 0.803, 0.803,
          0.803, 0.803, 0.803, 0.803, 0.803, 0.803, 0.803, 0.803, 0.803,
          0.803, 0.803, 0.803, 0.803, 0.803, 0.803, 0.803, 0.803, 0.803,
          0.803, 0.803, 0.803, 0.803, 0.803, 0.803, 0.803, 0.803, 0.803,
          0.803, 0.803, 0.803, 0.803, 0.803, 0.803, 0.803, 0.803, 0.803,
          0.803, 0.803, 0.803, 0.803, 0.803, 0.803, 0.803, 0.803, 0.803,
          0.803, 0.803, 0.803, 0.803, 0.803, 0.803, 0.803, 0.803, 0.803,
          0.803, 0.803, 0.803, 0.803, 0.803, 0.803, 0.803, 0.803, 0.803,
          0.803, 0.803, 0.803, 0.803, 0.803, 0.803, 0.803, 0.803, 0.803,
          0.803, 0.803, 0.803, 0.803, 0.803, 0.803, 0.803, 0.803, 0.803,
          0.803, 0.803, 0.803, 0.803, 0.803, 0.803, 0.803, 0.803, 0.803,
          0.803, 0.803, 0.803, 0.803, 0.803, 0.803, 0.803, 0.803, 0.803,
          0.803, 0.803, 0.803, 0.803, 0.803, 0.803, 0.803, 0.803, 0.803,
          0.803, 0.803, 0.803, 0.803, 0.803, 0.803, 0.803, 0.803, 0.803,
          0.803, 0.803, 0.803, 0.803, 0.803, 0.803, 0.803, 0.803, 0.803,
          0.803, 0.803, 0.803, 0.803, 0.803, 0.803, 0.71, 0.73, 0.75, 0.77,
          0.79, 0.71, 0.73, 0.75, 0.77, 0.79, 0.816, 0.836, 0.856, 0.876,
          0.8895, 0.816, 0.836, 0.856, 0.876, 0.8895, 0.1437, 0.1637, 0.1837,
          0.2037, 0.2237, 0.24185, 0.26, 0.275, 0.1437, 0.1637, 0.1837,
          0.2037, 0.2237, 0.24185, 0.26, 0.275, 0.132, 0.132, 0.132, 0.132,
          0.132, 0.132, 0.132, 0.132, 0.132, 0.132, 0.132, 0.132, 0.132,
          0.132, 0.132, 0.132, 0.132, 0.132, 0.132, 0.132, 0.132, 0.132,
          0.132, 0.132, 0.132, 0.132, 0.132, 0.132, 0.132, 0.132, 0.132,
          0.132, 0.132, 0.132, 0.132, 0.132, 0.132, 0.132, 0.132, 0.132,
          0.132, 0.132, 0.132, 0.132, 0.132, 0.132, 0.0812, 0.0812, 0.0812,
          0.0812, 0.0812, 0.0812, 0.0812, 0.0812, 0.0812, 0.0812, 0.0812,
          0.0812, 0.0812, 0.0812, 0.0812, 0.0812, 0.0812, 0.0812, 0.0812,
          0.0812, 0.0812, 0.0812, 0.0812, 0.0812, 0.0812, 0.0812, 0.0812,
          0.0812, 0.0812, 0.0812, 0.0812, 0.0812, 0.0812, 0.0812, 0.0812,
          0.0812, 0.0812, 0.0812, 0.0812, 0.0812, 0.0812, 0.0812, 0.0812,
          0.0812, 0.0812, 0.0812, 0.0812, 0.0812, 0.0812, 0.0812, 0.0812,
          0.0812, 0.0812, 0.0812, 0.0812, 0.0812, 0.0812, 0.0812, 0.0812,
          0.0812, 0.0812, 0.0812, 0.0812, 0.0812, 0.0812, 0.0812, 0.0812,
          0.0812, 0.0812, 0.0812, 0.0812, 0.0812, 0.0812, 0.0812, 0.0812,
          0.0812, 0.0812, 0.0812, 0.0812, 0.0812, 0.0812, 0.0812, 0.0812,
          0.0812, 0.0812, 0.0812, 0.0812, 0.0812, 0.0812, 0.0812, 0.0812,
          0.0812, 0.0812, 0.0812, 0.0812, 0.0812, 0.0812, 0.0812, 0.0812,
          0.0812, 0.0812, 0.0812, 0.0812, 0.0812, 0.0812, 0.0812, 0.0812,
          0.0812, 0.0812, 0.0812, 0.0812, 0.0812, 0.0812, 0.0812, 0.0812,
          0.0812, 0.0812, 0.0812, 0.0812, 0.0812, 0.0812, 0.0812, 0.0812,
          0.0812, 0.0812, 0.0812, 0.0812, 0.0812, 0.0812, 0.0812, 0.0812,
          0.0812, 0.0812, 0.0812, 0.0812, 0.0812, 0.0812, 0.0812, 0.0812,
          0.0812, 0.0812, 0.0812, 0.0812, 0.0812, 0.0812, 0.0812, 0.0812,
          0.0812, 0.0812, 0.0812, 0.0812, 0.0812, 0.0812, 0.0812, 0.0812,
          0.0812, 0.0812, 0.0812, 0.0812, 0.0812, 0.0812, 0.0812, 0.0812,
          0.0812, 0.0812, 0.0812, 0.0812, 0.0812, 0.0812, 0.0812, 0.0812,
          0.0812, 0.0812, 0.0812, 0.0812, 0.0812, 0.0812, 0.0812, 0.0812,
          0.0812, 0.0812, 0.0812, 0.0812, 0.0812, 0.0812, 0.0812, 0.0812,
          0.0812, 0.0812, 0.0812, 0.0812, 0.0812, 0.0812, 0.0812, 0.0812,
          0.0812, 0.0812, 0.0812, 0.0812, 0.0812, 0.0812, 0.0812, 0.0812,
          0.0812, 0.0812, 0.0812, 0.0812, 0.0812, 0.0812, 0.0812, 0.0812,
          0.0812, 0.0812, 0.0812, 0.0812, 0.0812, 0.0812, 0.0812, 0.0812,
          0.0812, 0.0812, 0.0812, 0.0812, 0.0812, 0.0812, 0.0812, 0.0812,
          0.0812, 0.0812, 0.0812, 0.08507, 0.09001, 0.09495, 0.09989, 0.10483,
          0.10977, 0.11471, 0.11965, 0.12459, 0.12953, 0.08507, 0.09001,
          0.09495, 0.09989, 0.10483, 0.10977, 0.11471, 0.11965, 0.12459,
          0.12953, 0.612, 0.632, 0.652, 0.672, 0.692, 0.712, 0.732, 0.752,
          0.772, 0.792, 0.812, 0.832, 0.852, 0.872, 0.8875, 0.603, 0.603,
          0.603, 0.603, 0.603, 0.603, 0.603, 0.603, 0.603, 0.603, 0.603,
          0.603, 0.603, 0.603, 0.603, 0.603, 0.603, 0.603, 0.603, 0.603,
          0.603, 0.603, 0.603, 0.603, 0.603, 0.603, 0.603, 0.603, 0.603,
          0.53, 0.55, 0.57, 0.59, 0.61, 0.63, 0.65, 0.6665, 0.26, 0.28,
          0.3, 0.32, 0.34, 0.36, 0.38, 0.4, 0.42, 0.44, 0.46, 0.48, 0.5,
          0.52, 0.54, 0.56, 0.58, 0.6, 0.62, 0.64, 0.66, 0.6715, 0.612,
          0.632, 0.652, 0.672, 0.692, 0.712, 0.732, 0.752, 0.772, 0.792,
          0.812, 0.832, 0.852, 0.872, 0.8875, 0.603, 0.603, 0.603, 0.603,
          0.603, 0.603, 0.603, 0.603, 0.603, 0.603, 0.603, 0.603, 0.603,
          0.603, 0.603, 0.603, 0.603, 0.603, 0.603, 0.603, 0.603, 0.603,
          0.603, 0.603, 0.603, 0.603, 0.603, 0.603, 0.603, 0.53, 0.55, 0.57,
          0.59, 0.61, 0.63, 0.65, 0.6665, 0.26, 0.28, 0.3, 0.32, 0.34, 0.36,
          0.38, 0.4, 0.42, 0.44, 0.46, 0.48, 0.5, 0.52, 0.54, 0.56, 0.58,
          0.6, 0.62, 0.64, 0.66, 0.6715, 0.1, 0.1, 0.1, 0.1, 0.1, 0.1, 0.1,
          0.1, 0.1, 0.1, 0.1, 0.1, 0.1, 0.1, 0.1, 0.1, 0.1, 0.1, 0.1, 0.1,
          0.1, 0.1, 0.1, 0.1, 0.1, 0.1, 0.1, 0.1, 0.1, 0.1, 0.1, 0.1, 0.1,
          0.1, 0.1, 0.1, 0.1, 0.1, 0.1, 0.1, 0.1, 0.1, 0.1, 0.1, 0.1, 0.1,
          0.1, 0.1, 0.1, 0.1, 0.1, 0.1, 0.1, 0.1, 0.1, 0.1, 0.1, 0.1, 0.1,
          0.1, 0.1, 0.1, 0.1, 0.1, 0.1, 0.1, 0.1, 0.1, 0.1, 0.1, 0.1, 0.1,
          0.1, 0.1, 0.1, 0.1, 0.1, 0.1, 0.1, 0.1, 0.1, 0.1, 0.1, 0.1, 0.1,
          0.1, 0.1, 0.1, 0.1, 0.1, 0.1, 0.1, 0.1, 0.1, 0.1, 0.1, 0.1, 0.1,
          0.1, 0.1, 0.1, 0.1, 0.1, 0.1, 0.1, 0.1, 0.1, 0.1, 0.1, 0.1, 0.1,
          0.1, 0.1, 0.1, 0.1, 0.1, 0.1, 0.1, 0.1, 0.1, 0.1, 0.1, 0.1, 0.1,
          0.1, 0.1, 0.1, 0.1, 0.1, 0.1, 0.1, 0.1, 0.1, 0.1, 0.1, 0.1, 0.1,
          0.1, 0.1, 0.1, 0.1, 0.1, 0.1, 0.1, 0.1, 0.1, 0.1, 0.1, 0.1, 0.1,
          0.1, 0.1, 0.1, 0.1, 0.1, 0.1, 0.1, 0.1, 0.1, 0.1, 0.1, 0.1, 0.1,
          0.1, 0.1, 0.1, 0.1, 0.1, 0.1, 0.1, 0.1, 0.1, 0.1, 0.1, 0.1, 0.1,
          0.1, 0.1, 0.1, 0.1, 0.1, 0.1, 0.1, 0.1, 0.1, 0.1, 0.1, 0.1, 0.1,
          0.1, 0.1, 0.1, 0.1, 0.1, 0.1, 0.1, 0.1, 0.1, 0.1, 0.1, 0.1, 0.1,
          0.1, 0.1, 0.1, 0.1, 0.1, 0.1, 0.1, 0.1, 0.1, 0.1, 0.1, 0.1, 0.1,
          0.1, 0.1, 0.1, 0.1, 0.1, 0.1, 0.1, 0.1, 0.1, 0.1, 0.1, 0.1, 0.1,
          0.1, 0.1
    smp2 = 0.01, 0.01, 0.01, 0.01, 0.01, 0.01, 0.01, 0.01, 0.01, 0.01, 0.01,
           0.01, 0.01, 0.01, 0.01, 0.01, 0.01, 0.01, 0.01, 0.01, 0.01, 0.01,
           0.01, 0.01, 0.01, 0.01, 0.01, 0.01, 0.01, 0.01, 0.01, 0.01, 0.01,
           0.01, 0.01, 0.01, 0.01, 0.01, 0.01, 0.01, 0.01, 0.01, 0.01, 0.01,
           0.01, 0.01, 0.01, 0.01, 0.01, 0.01, 0.01, 0.01, 0.01, 0.01, 0.01,
           0.01, 0.01, 0.01, 0.01, 0.01, 0.01, 0.01, 0.01, 0.01
    turnfc = 1, 1, 1, 1, 1, 1, 1, 1, 1, 1, 1, 1, 1, 1, 1, 1, 1, 1, 1, 1,
             1, 1, 1, 1, 1, 1
    vsid = 1, 2, 3, 4, 5, 6, 7, 8, 9, 10, 11, 12, 13, 14, 15, 16, 17, 18,
           19, 20, 21, 22, 23, 24, 25, 26, 27, 28, 29, 30, 31, 32, 33, 34,
           35, 36, 37, 38, 39, 40, 41, 42, 43, 44, 45, 46, 47, 48, 49, 50,
           51, 52, 53, 54, 55, 56, 57, 58, 59, 60, 61, 62, 63, 64, 65, 66,
           67, 68, 69, 70, 71, 72, 73, 74, 75, 76, 77, 78, 79, 80, 81, 82,
           83, 84, 85, 86, 87, 88, 89, 90, 91, 92, 93, 94, 95, 96, 97, 98,
           99, 100, 101, 102, 103, 104, 105, 106, 107, 108, 109, 110, 111,
           112, 113, 114, 115, 116, 117, 118, 119, 120, 121, 122, 123, 124,
           125, 126, 127, 128, 129, 130, 131, 132, 133, 134, 135, 136, 137,
           138, 139, 140, 141, 142, 143, 144, 145, 146, 147, 148, 149, 150,
           151, 152, 153, 154, 155, 156, 157, 158, 159, 160, 161, 162, 163,
           164, 165, 166, 167, 168, 169, 170, 171, 172, 173, 174, 175, 176,
           177, 178, 179, 180, 181, 182, 183, 184, 185, 186, 187, 188, 189,
           190, 191, 192, 193, 194, 195, 196, 197, 198, 199, 200, 201, 202,
           203, 204, 205, 206, 207, 208, 209, 210, 211, 212, 213, 214, 215,
           216, 217, 218, 219, 220, 221, 222, 223, 224, 225, 226, 227, 228,
           229, 230, 231, 232, 233, 234, 235, 236, 237, 238, 239, 240, 241,
           242, 243, 244, 245, 246, 247, 248, 249, 250, 251, 252, 253, 254,
           255, 256, 257, 258, 259, 260, 261, 262, 263, 264, 265, 266, 267,
           268, 269, 270, 271, 272, 273, 274, 275, 276, 277, 278, 279, 280,
           281, 282, 283, 284, 285, 286, 287, 288, 289, 290, 291, 292, 293,
           294, 295, 296, 297, 298, 299, 300, 301, 302, 303, 304, 305, 306,
           307, 308, 309, 310, 311, 312, 313, 314, 315, 316, 317, 318, 319,
           320, 321, 322, 323, 324, 325, 326, 327, 328, 329, 330, 331, 332,
           333, 334, 335, 336, 337, 338, 339, 340, 341, 342, 343, 344, 345,
           346, 347, 348, 349, 350, 351, 352, 353, 354, 355, 356, 357, 358,
           359, 360, 361, 362, 363, 364, 365, 366, 367, 368, 369, 370, 371,
           372, 373, 374, 375, 376, 377, 378, 379, 380, 381, 382, 383, 384,
           385, 386, 387, 388, 389, 390, 391, 392, 393, 394, 395, 396, 397,
           398, 399, 400, 401, 402, 403, 404, 405, 406, 407, 408, 409, 410,
           411, 412, 413, 414, 415, 416, 417, 418, 419, 420, 421, 422, 423,
           424, 425, 426, 427, 428, 429, 430, 431, 432, 433, 434, 435, 436,
           437, 438, 439, 440, 441, 442, 443, 444, 445, 446, 447, 448, 449,
           450, 451, 452, 453, 454, 455, 456, 457, 458, 459, 460, 461, 462,
           463, 464, 465, 466, 467, 468, 469, 470, 471, 472, 473, 474, 475,
           476, 477, 478, 479, 480, 481, 482, 483, 484, 485, 486, 487, 488,
           489, 490, 491, 492, 493, 494, 495, 496, 497, 498, 499, 500, 501,
           502, 503, 504, 505, 506, 507, 508, 509, 510, 511, 512, 513, 514,
           515, 516, 517, 518, 519, 520, 521, 522, 523, 524, 525, 526, 527,
           528, 529, 530, 531, 532, 533, 534, 535, 536, 537, 538, 539, 540,
           541, 542, 543, 544, 545, 546, 547, 548, 549, 550, 551, 552, 553,
           554, 555, 556, 557, 558, 559, 560, 561, 562, 563, 564, 565, 566,
           567, 568, 569, 570, 571, 572, 573, 574, 575, 576, 577, 578, 579,
           580, 581, 582, 583, 584, 585, 586, 587, 588, 589, 590, 591, 592,
           593, 594, 595, 596, 597, 598, 599, 600, 601, 602, 603, 604, 605,
           606, 607, 608, 609, 610, 611, 612, 613, 614, 615, 616, 617, 618,
           619, 620, 621, 622, 623, 624, 625, 626, 627, 628, 629, 630, 631,
           632, 633, 634, 635, 636, 637, 638, 639, 640, 641, 642, 643, 644,
           645, 646, 647, 648, 649, 650, 651, 652, 653, 654, 655, 656, 657,
           658, 659, 660, 661, 662, 663, 664, 665, 666, 667, 668, 669, 670,
           671, 672, 673, 674, 675, 676, 677, 678, 679, 680, 681, 682, 683,
           684, 685, 686, 687, 688, 689, 690, 691, 692, 693, 694, 695, 696,
           697, 698, 699, 700, 701, 702, 703, 704, 705, 706, 707, 708, 709,
           710, 711, 712, 713, 714, 715, 716, 717, 718, 719, 720, 721, 722,
           723, 724, 725, 726, 727, 728, 729, 730, 731, 732, 733, 734, 735,
           736, 737, 738, 739, 740, 741, 742, 743, 744, 745, 746, 747, 748,
           749, 750, 751, 752, 753, 754, 755, 756, 757, 758, 759, 760, 761,
           762, 763, 764, 765, 766, 767, 768, 769, 770, 771, 772, 773, 774,
           775, 776, 777, 778, 779, 780, 781, 782, 783, 784, 785, 786, 787,
           788, 789, 790, 791, 792, 793, 794, 795, 796, 797, 798, 799, 800,
           801, 802, 803, 804, 805, 806, 807, 808, 809, 810, 811, 812, 813,
           814, 815, 816, 817, 818, 819, 820, 821, 822, 823, 824, 825, 826,
           827, 828, 829, 830, 831, 832, 833, 834, 835, 836, 837, 838, 839,
           840, 841, 842, 843, 844, 845, 846, 847, 848, 849, 850, 851, 852,
           853, 854, 855, 856, 857, 858, 859, 860, 861, 862, 863, 864, 865,
           866, 867, 868, 869, 870, 871, 872, 873, 874, 875, 876, 877, 878,
           879, 880, 881, 882, 883, 884, 885, 886, 887, 888, 889, 890, 891,
           892, 893, 894, 895, 896, 897, 898, 899, 900, 901, 902, 903, 904,
           905, 906, 907, 908, 909, 910, 911, 912, 913, 914, 915, 916, 917,
           918, 919, 920, 921, 922, 923, 924, 925, 926, 927, 928, 929, 930,
           931, 932, 933, 934, 935, 936, 937, 938, 939, 940, 941, 942, 943,
           944, 945, 946, 947, 948, 949, 950
    vsname = 'W1', 'W1', 'W1', 'W1', 'W1', 'W1', 'W1', 'W1', 'W1', 'W1',
             'W1', 'W1', 'W1', 'W1', 'W1', 'W1', 'W1', 'W1', 'W1', 'W1',
             'W1', 'W1', 'W1', 'W1', 'W1', 'W1', 'W1', 'W1', 'W1', 'W1',
             'W1', 'W1', 'W1', 'W1', 'W1', 'W1', 'W1', 'W1', 'W1', 'W1',
             'W1', 'W1', 'W1', 'W1', 'W1', 'W1', 'W1', 'W1', 'W1', 'W1',
             'W1', 'W1', 'W1', 'W1', 'W1', 'W1', 'W1', 'W1', 'W1', 'W1',
             'W1', 'W1', 'W1', 'W1', 'W1', 'W1', 'W1', 'W1', 'W1', 'W1',
             'W1', 'W1', 'W1', 'W1', 'W1', 'W1', 'W1', 'W1', 'W1', 'W1',
             'W1', 'W1', 'W1', 'W1', 'W1', 'W1', 'W1', 'W1', 'W1', 'W1',
             'W1', 'W1', 'W1', 'W1', 'W1', 'W1', 'W1', 'W1', 'W1', 'W1',
             'W1', 'W1', 'W1', 'W1', 'W1', 'W1', 'W1', 'W1', 'W1', 'W1',
             'W1', 'W1', 'W1', 'W1', 'W1', 'W1', 'W1', 'W1', 'W1', 'W1',
             'W1', 'W1', 'W1', 'W1', 'W1', 'W1', 'W1', 'W1', 'W1', 'W1',
             'W1', 'W1', 'W1', 'W1', 'W1', 'W1', 'W1', 'W1', 'W1', 'W1',
             'W1', 'W1', 'W1', 'W1', 'W1', 'W1', 'W1', 'W1', 'W1', 'W1',
             'W1', 'W1', 'W1', 'W1', 'W1', 'W1', 'W1', 'W1', 'W1', 'W1',
             'W1', 'W1', 'W1', 'W1', 'W1', 'W1', 'W1', 'W1', 'W1', 'W1',
             'W1', 'W1', 'W1', 'W1', 'W1', 'W1', 'W1', 'W1', 'W1', 'W1',
             'W1', 'W1', 'W1', 'W1', 'W1', 'W1', 'W1', 'W1', 'W1', 'W1',
             'W1', 'W1', 'W1', 'W1', 'W1', 'W1', 'W1', 'W1', 'W1', 'W1',
             'W1', 'W1', 'W1', 'W1', 'W1', 'W1', 'W1', 'W1', 'W1', 'W1',
             'W1', 'W1', 'W1', 'W1', 'W1', 'W1', 'W1', 'W1', 'W1', 'W1',
             'W1', 'W1', 'W1', 'W1', 'W1', 'W1', 'W1', 'W1', 'W1', 'W1',
             'W1', 'W1', 'W1', 'W1', 'W1', 'W1', 'W1', 'W1', 'W1', 'W1',
             'W9', 'W9', 'W9', 'W9', 'W9', 'W9', 'W9', 'W9', 'W9', 'W9',
             'W9', 'W9', 'W9', 'W9', 'W9', 'W9', 'W9', 'W9', 'W9', 'W9',
             'W2', 'W2', 'W2', 'W2', 'W2', 'W2', 'W2', 'W2', 'W2', 'W2',
             'W2', 'W2', 'W2', 'W2', 'W2', 'W2', 'W3', 'W3', 'W3', 'W3',
             'W3', 'W3', 'W3', 'W3', 'W3', 'W3', 'W3', 'W3', 'W3', 'W3',
             'W3', 'W3', 'W3', 'W3', 'W3', 'W3', 'W3', 'W3', 'W3', 'W3',
             'W3', 'W3', 'W3', 'W3', 'W3', 'W3', 'W3', 'W3', 'W3', 'W3',
             'W3', 'W3', 'W3', 'W3', 'W3', 'W3', 'W3', 'W3', 'W3', 'W3',
             'W3', 'W3', 'W4', 'W4', 'W4', 'W4', 'W4', 'W4', 'W4', 'W4',
             'W4', 'W4', 'W4', 'W4', 'W4', 'W4', 'W4', 'W4', 'W4', 'W4',
             'W4', 'W4', 'W4', 'W4', 'W4', 'W4', 'W4', 'W4', 'W4', 'W4',
             'W4', 'W4', 'W4', 'W4', 'W4', 'W4', 'W4', 'W4', 'W4', 'W4',
             'W4', 'W4', 'W4', 'W4', 'W4', 'W4', 'W4', 'W4', 'W4', 'W4',
             'W4', 'W4', 'W4', 'W4', 'W4', 'W4', 'W4', 'W4', 'W4', 'W4',
             'W4', 'W4', 'W4', 'W4', 'W4', 'W4', 'W4', 'W4', 'W4', 'W4',
             'W4', 'W4', 'W4', 'W4', 'W4', 'W4', 'W4', 'W4', 'W4', 'W4',
             'W4', 'W4', 'W4', 'W4', 'W4', 'W4', 'W4', 'W4', 'W4', 'W4',
             'W4', 'W4', 'W4', 'W4', 'W4', 'W4', 'W4', 'W4', 'W4', 'W4',
             'W4', 'W4', 'W4', 'W4', 'W4', 'W4', 'W4', 'W4', 'W4', 'W4',
             'W4', 'W4', 'W4', 'W4', 'W4', 'W4', 'W4', 'W4', 'W4', 'W4',
             'W4', 'W4', 'W4', 'W4', 'W4', 'W4', 'W4', 'W4', 'W4', 'W4',
             'W4', 'W4', 'W4', 'W4', 'W4', 'W4', 'W4', 'W4', 'W4', 'W4',
             'W4', 'W4', 'W4', 'W4', 'W4', 'W4', 'W4', 'W4', 'W4', 'W4',
             'W4', 'W4', 'W4', 'W4', 'W4', 'W4', 'W4', 'W4', 'W4', 'W4',
             'W4', 'W4', 'W4', 'W4', 'W4', 'W4', 'W4', 'W4', 'W4', 'W4',
             'W4', 'W4', 'W4', 'W4', 'W4', 'W4', 'W4', 'W4', 'W4', 'W4',
             'W4', 'W4', 'W4', 'W4', 'W4', 'W4', 'W4', 'W4', 'W4', 'W4',
             'W4', 'W4', 'W4', 'W4', 'W4', 'W4', 'W4', 'W4', 'W4', 'W4',
             'W4', 'W4', 'W4', 'W4', 'W4', 'W4', 'W4', 'W4', 'W4', 'W4',
             'W4', 'W4', 'W4', 'W4', 'W4', 'W4', 'W4', 'W4', 'W4', 'W4',
             'W4', 'W4', 'W4', 'W4', 'W4', 'W4', 'W4', 'W4', 'W4', 'W4',
             'W4', 'W4', 'W5', 'W5', 'W5', 'W5', 'W5', 'W5', 'W5', 'W5',
             'W5', 'W5', 'W5', 'W5', 'W5', 'W5', 'W5', 'W5', 'W5', 'W5',
             'W5', 'W5', 'W8', 'W8', 'W8', 'W8', 'W8', 'W8', 'W8', 'W8',
             'W8', 'W8', 'W8', 'W8', 'W8', 'W8', 'W8', 'W6', 'W6', 'W6',
             'W6', 'W6', 'W6', 'W6', 'W6', 'W6', 'W6', 'W6', 'W6', 'W6',
             'W6', 'W6', 'W6', 'W6', 'W6', 'W6', 'W6', 'W6', 'W6', 'W6',
             'W6', 'W6', 'W6', 'W6', 'W6', 'W6', 'W10', 'W10', 'W10', 'W10',
             'W10', 'W10', 'W10', 'W10', 'W7', 'W7', 'W7', 'W7', 'W7', 'W7',
             'W7', 'W7', 'W7', 'W7', 'W7', 'W7', 'W7', 'W7', 'W7', 'W7',
             'W7', 'W7', 'W7', 'W7', 'W7', 'W7', 'W8', 'W8', 'W8', 'W8',
             'W8', 'W8', 'W8', 'W8', 'W8', 'W8', 'W8', 'W8', 'W8', 'W8',
             'W8', 'W6', 'W6', 'W6', 'W6', 'W6', 'W6', 'W6', 'W6', 'W6',
             'W6', 'W6', 'W6', 'W6', 'W6', 'W6', 'W6', 'W6', 'W6', 'W6',
             'W6', 'W6', 'W6', 'W6', 'W6', 'W6', 'W6', 'W6', 'W6', 'W6',
             'W10', 'W10', 'W10', 'W10', 'W10', 'W10', 'W10', 'W10', 'W7',
             'W7', 'W7', 'W7', 'W7', 'W7', 'W7', 'W7', 'W7', 'W7', 'W7',
             'W7', 'W7', 'W7', 'W7', 'W7', 'W7', 'W7', 'W7', 'W7', 'W7',
             'W7', 'W11', 'W11', 'W11', 'W11', 'W11', 'W11', 'W11', 'W11',
             'W11', 'W11', 'W11', 'W11', 'W11', 'W11', 'W11', 'W11', 'W11',
             'W11', 'W11', 'W11', 'W11', 'W11', 'W11', 'W11', 'W11', 'W11',
             'W11', 'W11', 'W11', 'W11', 'W11', 'W11', 'W11', 'W11', 'W11',
             'W11', 'W11', 'W11', 'W11', 'W11', 'W11', 'W11', 'W11', 'W11',
             'W11', 'W11', 'W11', 'W11', 'W11', 'W11', 'W11', 'W11', 'W11',
             'W11', 'W11', 'W11', 'W11', 'W11', 'W11', 'W11', 'W11', 'W11',
             'W11', 'W11', 'W11', 'W11', 'W11', 'W11', 'W11', 'W11', 'W11',
             'W11', 'W11', 'W11', 'W11', 'W11', 'W11', 'W11', 'W11', 'W11',
             'W11', 'W11', 'W11', 'W11', 'W11', 'W11', 'W11', 'W11', 'W11',
             'W11', 'W11', 'W11', 'W11', 'W11', 'W11', 'W11', 'W11', 'W11',
             'W11', 'W11', 'W11', 'W11', 'W11', 'W11', 'W11', 'W11', 'W11',
             'W11', 'W11', 'W11', 'W11', 'W11', 'W11', 'W11', 'W11', 'W11',
             'W11', 'W11', 'W11', 'W11', 'W11', 'W11', 'W11', 'W11', 'W11',
             'W11', 'W11', 'W11', 'W11', 'W11', 'W11', 'W11', 'W11', 'W11',
             'W11', 'W11', 'W11', 'W11', 'W11', 'W11', 'W11', 'W11', 'W11',
             'W11', 'W11', 'W11', 'W11', 'W11', 'W11', 'W11', 'W11', 'W11',
             'W11', 'W11', 'W11', 'W11', 'W11', 'W11', 'W11', 'W11', 'W11',
             'W11', 'W11', 'W11', 'W11', 'W11', 'W11', 'W11', 'W11', 'W11',
             'W11', 'W11', 'W11', 'W11', 'W11', 'W11', 'W11', 'W11', 'W11',
             'W11', 'W11', 'W11', 'W11', 'W11', 'W11', 'W11', 'W11', 'W11',
             'W11', 'W11', 'W11', 'W11', 'W11', 'W11', 'W11', 'W11', 'W11',
             'W11', 'W11', 'W11', 'W11', 'W11', 'W11', 'W11', 'W11', 'W11',
             'W11', 'W11', 'W11', 'W11', 'W11', 'W11', 'W11', 'W11', 'W11',
             'W11', 'W11', 'W11', 'W11', 'W11', 'W11', 'W11', 'W11', 'W11',
             'W11', 'W11', 'W11', 'W11', 'W11', 'W11'
    wf = 0.0172, 0.0172, 0.0172, 0.0172, 0.0172, 0.0172, 0.0172, 0.0172,
         0.0172, 0.0172, 0.0172, 0.0172, 0.0172, 0.0172, 0.0172, 0.0172,
         0.0172, 0.0172, 0.0172, 0.0172, 0.0172, 0.0172, 0.0172, 0.0172,
         0.0172, 0.0172, 0.0172, 0.0172, 0.0172, 0.0172, 0.0172, 0.0172,
         0.0172, 0.0172, 0.0172, 0.0172, 0.0172, 0.0172, 0.0172, 0.0172,
         0.0172, 0.0172, 0.0172, 0.0172, 0.0172, 0.0172, 0.0172, 0.0172,
         0.0172, 0.0172, 0.0172, 0.0172, 0.0172, 0.0172, 0.0172, 0.0172,
         0.0172, 0.0172, 0.0172, 0.0172, 0.0172, 0.0172, 0.0172, 0.0172,
         0.0172, 0.0172, 0.0172, 0.0172, 0.0172, 0.0172, 0.0172, 0.0172,
         0.0172, 0.0172, 0.0172, 0.0172, 0.0172, 0.0172, 0.0172, 0.0172,
         0.0172, 0.0172, 0.0172, 0.0172, 0.0172, 0.0172, 0.0172, 0.0172,
         0.0172, 0.0172, 0.0172, 0.0172, 0.0172, 0.0172, 0.0172, 0.0172,
         0.0172, 0.0172, 0.0172, 0.0172, 0.0172, 0.0172, 0.0172, 0.0172,
         0.0172, 0.0172, 0.0172, 0.0172, 0.0172, 0.0172, 0.0172, 0.0172,
         0.0172, 0.0172, 0.0172, 0.0172, 0.0172, 0.0172, 0.0172, 0.0172,
         0.0172, 0.0172, 0.0172, 0.0172, 0.0172, 0.0172, 0.0172, 0.0172,
         0.0172, 0.0172, 0.0172, 0.0172, 0.0172, 0.0172, 0.0172, 0.0172,
         0.0172, 0.0172, 0.0172, 0.0172, 0.0172, 0.0172, 0.0172, 0.0172,
         0.0172, 0.0172, 0.0172, 0.0172, 0.0172, 0.0172, 0.0172, 0.0172,
         0.0172, 0.0172, 0.0172, 0.0172, 0.0172, 0.0172, 0.02, 0.02, 0.02,
         0.02, 0.02, 0.02, 0.02, 0.02, 0.02, 0.02, 0.02, 0.02, 0.02, 0.02,
         0.02, 0.02, 0.02, 0.02, 0.02, 0.02, 0.02, 0.02, 0.02, 0.02, 0.02,
         0.02, 0.02, 0.02, 0.02, 0.02, 0.02, 0.02, 0.02, 0.02, 0.02, 0.02,
         0.02, 0.02, 0.02, 0.02, 0.02, 0.02, 0.02, 0.02, 0.02, 0.02, 0.02,
         0.02, 0.02, 0.02, 0.02, 0.02, 0.02, 0.02, 0.02, 0.02, 0.02, 0.02,
         0.02, 0.02, 0.02, 0.02, 0.02, 0.02, 0.02, 0.02, 0.02, 0.02, 0.02,
         0.02, 0.02, 0.02, 0.02, 0.02, 0.02, 0.02, 0.02, 0.02, 0.02, 0.02,
         0.02, 0.02, 0.02, 0.02, 0.02, 0.02, 0.02, 0.02, 0.02, 0.02, 0.02,
         0.02, 0.02, 0.02, 0.02, 0.02, 0.02, 0.02, 0.02, 0.02, 0.007, 0.007,
         0.007, 0.007, 0.007, 0.007, 0.007, 0.007, 0.007, 0.007, 0.007,
         0.007, 0.007, 0.007, 0.007, 0.007, 0.007, 0.007, 0.007, 0.007,
         0.007, 0.007, 0.007, 0.007, 0.007, 0.007, 0.007, 0.007, 0.007,
         0.007, 0.007, 0.007, 0.007, 0.007, 0.007, 0.007, 0.007, 0.007,
         0.007, 0.007, 0.007, 0.007, 0.007, 0.007, 0.007, 0.007, 0.007,
         0.007, 0.007, 0.007, 0.007, 0.007, 0.007, 0.007, 0.007, 0.007,
         0.007, 0.007, 0.007, 0.007, 0.007, 0.007, 0.007, 0.007, 0.007,
         0.007, 0.007, 0.007, 0.007, 0.007, 0.007, 0.007, 0.007, 0.007,
         0.007, 0.007, 0.007, 0.007, 0.007, 0.007, 0.007, 0.007, 0.007,
         0.007, 0.007, 0.007, 0.007, 0.007, 0.007, 0.007, 0.007, 0.007,
         0.007, 0.007, 0.007, 0.007, 0.007, 0.007, 0.007, 0.007, 0.007,
         0.007, 0.007, 0.007, 0.007, 0.007, 0.007, 0.007, 0.007, 0.007,
         0.007, 0.007, 0.007, 0.007, 0.007, 0.007, 0.007, 0.007, 0.007,
         0.007, 0.007, 0.007, 0.007, 0.007, 0.007, 0.007, 0.007, 0.007,
         0.007, 0.007, 0.007, 0.007, 0.007, 0.007, 0.007, 0.007, 0.007,
         0.007, 0.007, 0.007, 0.007, 0.007, 0.007, 0.007, 0.007, 0.007,
         0.007, 0.007, 0.007, 0.007, 0.007, 0.007, 0.007, 0.007, 0.007,
         0.007, 0.007, 0.007, 0.007, 0.007, 0.007, 0.007, 0.007, 0.007,
         0.007, 0.007, 0.007, 0.007, 0.007, 0.007, 0.007, 0.007, 0.007,
         0.007, 0.007, 0.007, 0.007, 0.007, 0.007, 0.007, 0.007, 0.007,
         0.007, 0.007, 0.007, 0.007, 0.007, 0.007, 0.007, 0.007, 0.007,
         0.007, 0.007, 0.007, 0.007, 0.007, 0.007, 0.007, 0.007, 0.007,
         0.007, 0.007, 0.007, 0.007, 0.007, 0.007, 0.007, 0.007, 0.007,
         0.007, 0.007, 0.007, 0.007, 0.007, 0.007, 0.007, 0.007, 0.007,
         0.007, 0.007, 0.007, 0.007, 0.007, 0.007, 0.007, 0.007, 0.007,
         0.007, 0.007, 0.007, 0.007, 0.007, 0.007, 0.007, 0.007, 0.007,
         0.007, 0.007, 0.007, 0.007, 0.007, 0.007, 0.007, 0.007, 0.007,
         0.007, 0.007, 0.007, 0.007, 0.007, 0.007, 0.007, 0.007, 0.007,
         0.007, 0.007, 0.007, 0.007, 0.007, 0.007, 0.007, 0.007, 0.007,
         0.007, 0.007, 0.007, 0.007, 0.007, 0.007, 0.007, 0.007, 0.007
    wvs = 0.006000000000000005, 0.006000000000000005, 0.006000000000000005,
          0.006000000000000005, 0.006000000000000005, 0.006000000000000005,
          0.006000000000000005, 0.006000000000000005, 0.006000000000000005,
          0.006000000000000005, 0.006000000000000005, 0.006000000000000005,
          0.006000000000000005, 0.006000000000000005, 0.006000000000000005,
          0.006000000000000005, 0.006000000000000005, 0.006000000000000005,
          0.006000000000000005, 0.006000000000000005, 0.006000000000000005,
          0.006000000000000005, 0.006000000000000005, 0.006000000000000005,
          0.006000000000000005, 0.006000000000000005, 0.006000000000000005,
          0.006000000000000005, 0.006000000000000005, 0.006000000000000005,
          0.006000000000000005, 0.006000000000000005, 0.006000000000000005,
          0.006000000000000005, 0.006000000000000005, 0.006000000000000005,
          0.006000000000000005, 0.006000000000000005, 0.006000000000000005,
          0.006000000000000005, 0.006000000000000005, 0.006000000000000005,
          0.006000000000000005, 0.006000000000000005, 0.006000000000000005,
          0.006000000000000005, 0.006000000000000005, 0.006000000000000005,
          0.006000000000000005, 0.006000000000000005, 0.006000000000000005,
          0.006000000000000005, 0.006000000000000005, 0.006000000000000005,
          0.006000000000000005, 0.006000000000000005, 0.006000000000000005,
          0.006000000000000005, 0.006000000000000005, 0.006000000000000005,
          0.006000000000000005, 0.006000000000000005, 0.006000000000000005,
          0.006000000000000005, 0.006000000000000005, 0.006000000000000005,
          0.006000000000000005, 0.006000000000000005, 0.006000000000000005,
          0.006000000000000005, 0.006000000000000005, 0.006000000000000005,
          0.006000000000000005, 0.006000000000000005, 0.006000000000000005,
          0.006000000000000005, 0.006000000000000005, 0.006000000000000005,
          0.006000000000000005, 0.006000000000000005, 0.006000000000000005,
          0.006000000000000005, 0.006000000000000005, 0.006000000000000005,
          0.006000000000000005, 0.006000000000000005, 0.006000000000000005,
          0.006000000000000005, 0.006000000000000005, 0.006000000000000005,
          0.006000000000000005, 0.006000000000000005, 0.006000000000000005,
          0.006000000000000005, 0.006000000000000005, 0.006000000000000005,
          0.006000000000000005, 0.006000000000000005, 0.006000000000000005,
          0.006000000000000005, 0.006000000000000005, 0.006000000000000005,
          0.006000000000000005, 0.006000000000000005, 0.006000000000000005,
          0.006000000000000005, 0.006000000000000005, 0.006000000000000005,
          0.006000000000000005, 0.006000000000000005, 0.006000000000000005,
          0.006000000000000005, 0.006000000000000005, 0.006000000000000005,
          0.006000000000000005, 0.006000000000000005, 0.006000000000000005,
          0.006000000000000005, 0.006000000000000005, 0.006000000000000005,
          0.006000000000000005, 0.006000000000000005, 0.006000000000000005,
          0.006000000000000005, 0.006000000000000005, 0.006000000000000005,
          0.006000000000000005, 0.006000000000000005, 0.006000000000000005,
          0.006000000000000005, 0.006000000000000005, 0.006000000000000005,
          0.006000000000000005, 0.006000000000000005, 0.006000000000000005,
          0.006000000000000005, 0.006000000000000005, 0.006000000000000005,
          0.006000000000000005, 0.006000000000000005, 0.006000000000000005,
          0.006000000000000005, 0.006000000000000005, 0.006000000000000005,
          0.006000000000000005, 0.006000000000000005, 0.006000000000000005,
          0.006000000000000005, 0.006000000000000005, 0.006000000000000005,
          0.006000000000000005, 0.006000000000000005, 0.006000000000000005,
          0.006000000000000005, 0.006000000000000005, 0.006000000000000005,
          0.006000000000000005, 0.006000000000000005, 0.006000000000000005,
          0.006000000000000005, 0.006000000000000005, 0.006000000000000005,
          0.006000000000000005, 0.006000000000000005, 0.006000000000000005,
          0.006000000000000005, 0.006000000000000005, 0.006000000000000005,
          0.006000000000000005, 0.006000000000000005, 0.006000000000000005,
          0.006000000000000005, 0.006000000000000005, 0.006000000000000005,
          0.006000000000000005, 0.006000000000000005, 0.006000000000000005,
          0.006000000000000005, 0.006000000000000005, 0.006000000000000005,
          0.006000000000000005, 0.006000000000000005, 0.006000000000000005,
          0.006000000000000005, 0.006000000000000005, 0.006000000000000005,
          0.006000000000000005, 0.006000000000000005, 0.006000000000000005,
          0.006000000000000005, 0.006000000000000005, 0.006000000000000005,
          0.006000000000000005, 0.006000000000000005, 0.006000000000000005,
          0.006000000000000005, 0.006000000000000005, 0.006000000000000005,
          0.006000000000000005, 0.006000000000000005, 0.006000000000000005,
          0.006000000000000005, 0.006000000000000005, 0.006000000000000005,
          0.006000000000000005, 0.006000000000000005, 0.006000000000000005,
          0.006000000000000005, 0.006000000000000005, 0.006000000000000005,
          0.006000000000000005, 0.006000000000000005, 0.006000000000000005,
          0.006000000000000005, 0.006000000000000005, 0.006000000000000005,
          0.006000000000000005, 0.006000000000000005, 0.006000000000000005,
          0.006000000000000005, 0.006000000000000005, 0.006000000000000005,
          0.006000000000000005, 0.006000000000000005, 0.006000000000000005,
          0.006000000000000005, 0.006000000000000005, 0.006000000000000005,
          0.006000000000000005, 0.006000000000000005, 0.006000000000000005,
          0.006000000000000005, 0.006000000000000005, 0.006000000000000005,
          0.006000000000000005, 0.006000000000000005, 0.006000000000000005,
          0.006000000000000005, 0.006000000000000005, 0.006000000000000005,
          0.020000000000000018, 0.020000000000000018, 0.020000000000000018,
          0.020000000000000018, 0.020000000000000018, 0.020000000000000018,
          0.020000000000000018, 0.020000000000000018, 0.020000000000000018,
          0.020000000000000018, 0.020000000000000018, 0.020000000000000018,
          0.020000000000000018, 0.020000000000000018, 0.006999999999999895,
          0.020000000000000018, 0.020000000000000018, 0.020000000000000018,
          0.020000000000000018, 0.006999999999999895, 0.020000000000000018,
          0.020000000000000018, 0.020000000000000018, 0.020000000000000018,
          0.020000000000000018, 0.01629999999999998, 0.020000000000000018,
          0.010000000000000009, 0.020000000000000018, 0.020000000000000018,
          0.020000000000000018, 0.020000000000000018, 0.020000000000000018,
          0.01629999999999998, 0.020000000000000018, 0.010000000000000009,
          0.003400000000000014, 0.003400000000000014, 0.003400000000000014,
          0.003400000000000014, 0.003400000000000014, 0.003400000000000014,
          0.003400000000000014, 0.003400000000000014, 0.003400000000000014,
          0.003400000000000014, 0.003400000000000014, 0.003400000000000014,
          0.003400000000000014, 0.003400000000000014, 0.003400000000000014,
          0.003400000000000014, 0.003400000000000014, 0.003400000000000014,
          0.003400000000000014, 0.003400000000000014, 0.003400000000000014,
          0.003400000000000014, 0.003400000000000014, 0.003400000000000014,
          0.003400000000000014, 0.003400000000000014, 0.003400000000000014,
          0.003400000000000014, 0.003400000000000014, 0.003400000000000014,
          0.003400000000000014, 0.003400000000000014, 0.003400000000000014,
          0.003400000000000014, 0.003400000000000014, 0.003400000000000014,
          0.003400000000000014, 0.003400000000000014, 0.003400000000000014,
          0.003400000000000014, 0.003400000000000014, 0.003400000000000014,
          0.003400000000000014, 0.003400000000000014, 0.003400000000000014,
          0.003400000000000014, 0.002799999999999997, 0.002799999999999997,
          0.002799999999999997, 0.002799999999999997, 0.002799999999999997,
          0.002799999999999997, 0.002799999999999997, 0.002799999999999997,
          0.002799999999999997, 0.002799999999999997, 0.002799999999999997,
          0.002799999999999997, 0.002799999999999997, 0.002799999999999997,
          0.002799999999999997, 0.002799999999999997, 0.002799999999999997,
          0.002799999999999997, 0.002799999999999997, 0.002799999999999997,
          0.002799999999999997, 0.002799999999999997, 0.002799999999999997,
          0.002799999999999997, 0.002799999999999997, 0.002799999999999997,
          0.002799999999999997, 0.002799999999999997, 0.002799999999999997,
          0.002799999999999997, 0.002799999999999997, 0.002799999999999997,
          0.002799999999999997, 0.002799999999999997, 0.002799999999999997,
          0.002799999999999997, 0.002799999999999997, 0.002799999999999997,
          0.002799999999999997, 0.002799999999999997, 0.002799999999999997,
          0.002799999999999997, 0.002799999999999997, 0.002799999999999997,
          0.002799999999999997, 0.002799999999999997, 0.002799999999999997,
          0.002799999999999997, 0.002799999999999997, 0.002799999999999997,
          0.002799999999999997, 0.002799999999999997, 0.002799999999999997,
          0.002799999999999997, 0.002799999999999997, 0.002799999999999997,
          0.002799999999999997, 0.002799999999999997, 0.002799999999999997,
          0.002799999999999997, 0.002799999999999997, 0.002799999999999997,
          0.002799999999999997, 0.002799999999999997, 0.002799999999999997,
          0.002799999999999997, 0.002799999999999997, 0.002799999999999997,
          0.002799999999999997, 0.002799999999999997, 0.002799999999999997,
          0.002799999999999997, 0.002799999999999997, 0.002799999999999997,
          0.002799999999999997, 0.002799999999999997, 0.002799999999999997,
          0.002799999999999997, 0.002799999999999997, 0.002799999999999997,
          0.002799999999999997, 0.002799999999999997, 0.002799999999999997,
          0.002799999999999997, 0.002799999999999997, 0.002799999999999997,
          0.002799999999999997, 0.002799999999999997, 0.002799999999999997,
          0.002799999999999997, 0.002799999999999997, 0.002799999999999997,
          0.002799999999999997, 0.002799999999999997, 0.002799999999999997,
          0.002799999999999997, 0.002799999999999997, 0.002799999999999997,
          0.002799999999999997, 0.002799999999999997, 0.002799999999999997,
          0.002799999999999997, 0.002799999999999997, 0.002799999999999997,
          0.002799999999999997, 0.002799999999999997, 0.002799999999999997,
          0.002799999999999997, 0.002799999999999997, 0.002799999999999997,
          0.002799999999999997, 0.002799999999999997, 0.002799999999999997,
          0.002799999999999997, 0.002799999999999997, 0.002799999999999997,
          0.002799999999999997, 0.002799999999999997, 0.002799999999999997,
          0.002799999999999997, 0.002799999999999997, 0.002799999999999997,
          0.002799999999999997, 0.002799999999999997, 0.002799999999999997,
          0.002799999999999997, 0.002799999999999997, 0.002799999999999997,
          0.002799999999999997, 0.002799999999999997, 0.002799999999999997,
          0.002799999999999997, 0.002799999999999997, 0.002799999999999997,
          0.002799999999999997, 0.002799999999999997, 0.002799999999999997,
          0.002799999999999997, 0.002799999999999997, 0.002799999999999997,
          0.002799999999999997, 0.002799999999999997, 0.002799999999999997,
          0.002799999999999997, 0.002799999999999997, 0.002799999999999997,
          0.002799999999999997, 0.002799999999999997, 0.002799999999999997,
          0.002799999999999997, 0.002799999999999997, 0.002799999999999997,
          0.002799999999999997, 0.002799999999999997, 0.002799999999999997,
          0.002799999999999997, 0.002799999999999997, 0.002799999999999997,
          0.002799999999999997, 0.002799999999999997, 0.002799999999999997,
          0.002799999999999997, 0.002799999999999997, 0.002799999999999997,
          0.002799999999999997, 0.002799999999999997, 0.002799999999999997,
          0.002799999999999997, 0.002799999999999997, 0.002799999999999997,
          0.002799999999999997, 0.002799999999999997, 0.002799999999999997,
          0.002799999999999997, 0.002799999999999997, 0.002799999999999997,
          0.002799999999999997, 0.002799999999999997, 0.002799999999999997,
          0.002799999999999997, 0.002799999999999997, 0.002799999999999997,
          0.002799999999999997, 0.002799999999999997, 0.002799999999999997,
          0.002799999999999997, 0.002799999999999997, 0.002799999999999997,
          0.002799999999999997, 0.002799999999999997, 0.002799999999999997,
          0.002799999999999997, 0.002799999999999997, 0.002799999999999997,
          0.002799999999999997, 0.002799999999999997, 0.002799999999999997,
          0.002799999999999997, 0.002799999999999997, 0.002799999999999997,
          0.002799999999999997, 0.002799999999999997, 0.002799999999999997,
          0.002799999999999997, 0.002799999999999997, 0.002799999999999997,
          0.002799999999999997, 0.002799999999999997, 0.002799999999999997,
          0.002799999999999997, 0.002799999999999997, 0.002799999999999997,
          0.002799999999999997, 0.002799999999999997, 0.002799999999999997,
          0.002799999999999997, 0.002799999999999997, 0.002799999999999997,
          0.002799999999999997, 0.002799999999999997, 0.002799999999999997,
          0.002799999999999997, 0.002799999999999997, 0.002799999999999997,
          0.002799999999999997, 0.002799999999999997, 0.002799999999999997,
          0.002799999999999997, 0.002799999999999997, 0.002799999999999997,
          0.0050000000000000044, 0.0050000000000000044, 0.0050000000000000044,
          0.0050000000000000044, 0.0050000000000000044, 0.0050000000000000044,
          0.0050000000000000044, 0.0050000000000000044, 0.0050000000000000044,
          0.0050000000000000044, 0.0050000000000000044, 0.0050000000000000044,
          0.0050000000000000044, 0.0050000000000000044, 0.0050000000000000044,
          0.0050000000000000044, 0.0050000000000000044, 0.0050000000000000044,
          0.0050000000000000044, 0.0050000000000000044, 0.020000000000000018,
          0.020000000000000018, 0.020000000000000018, 0.020000000000000018,
          0.020000000000000018, 0.020000000000000018, 0.020000000000000018,
          0.020000000000000018, 0.020000000000000018, 0.020000000000000018,
          0.020000000000000018, 0.020000000000000018, 0.020000000000000018,
          0.020000000000000018, 0.010999999999999899, 0.006000000000000005,
          0.006000000000000005, 0.006000000000000005, 0.006000000000000005,
          0.006000000000000005, 0.006000000000000005, 0.006000000000000005,
          0.006000000000000005, 0.006000000000000005, 0.006000000000000005,
          0.006000000000000005, 0.006000000000000005, 0.006000000000000005,
          0.006000000000000005, 0.006000000000000005, 0.006000000000000005,
          0.006000000000000005, 0.006000000000000005, 0.006000000000000005,
          0.006000000000000005, 0.006000000000000005, 0.006000000000000005,
          0.006000000000000005, 0.006000000000000005, 0.006000000000000005,
          0.006000000000000005, 0.006000000000000005, 0.006000000000000005,
          0.006000000000000005, 0.020000000000000018, 0.020000000000000018,
          0.020000000000000018, 0.020000000000000018, 0.020000000000000018,
          0.020000000000000018, 0.020000000000000018, 0.0129999999999999,
          0.020000000000000018, 0.020000000000000018, 0.020000000000000018,
          0.020000000000000018, 0.020000000000000018, 0.020000000000000018,
          0.020000000000000018, 0.020000000000000018, 0.020000000000000018,
          0.020000000000000018, 0.020000000000000018, 0.020000000000000018,
          0.020000000000000018, 0.020000000000000018, 0.020000000000000018,
          0.020000000000000018, 0.020000000000000018, 0.020000000000000018,
          0.020000000000000018, 0.020000000000000018, 0.020000000000000018,
          0.0029999999999998916, 0.020000000000000018, 0.020000000000000018,
          0.020000000000000018, 0.020000000000000018, 0.020000000000000018,
          0.020000000000000018, 0.020000000000000018, 0.020000000000000018,
          0.020000000000000018, 0.020000000000000018, 0.020000000000000018,
          0.020000000000000018, 0.020000000000000018, 0.020000000000000018,
          0.010999999999999899, 0.006000000000000005, 0.006000000000000005,
          0.006000000000000005, 0.006000000000000005, 0.006000000000000005,
          0.006000000000000005, 0.006000000000000005, 0.006000000000000005,
          0.006000000000000005, 0.006000000000000005, 0.006000000000000005,
          0.006000000000000005, 0.006000000000000005, 0.006000000000000005,
          0.006000000000000005, 0.006000000000000005, 0.006000000000000005,
          0.006000000000000005, 0.006000000000000005, 0.006000000000000005,
          0.006000000000000005, 0.006000000000000005, 0.006000000000000005,
          0.006000000000000005, 0.006000000000000005, 0.006000000000000005,
          0.006000000000000005, 0.006000000000000005, 0.006000000000000005,
          0.020000000000000018, 0.020000000000000018, 0.020000000000000018,
          0.020000000000000018, 0.020000000000000018, 0.020000000000000018,
          0.020000000000000018, 0.0129999999999999, 0.020000000000000018,
          0.020000000000000018, 0.020000000000000018, 0.020000000000000018,
          0.020000000000000018, 0.020000000000000018, 0.020000000000000018,
          0.020000000000000018, 0.020000000000000018, 0.020000000000000018,
          0.020000000000000018, 0.020000000000000018, 0.020000000000000018,
          0.020000000000000018, 0.020000000000000018, 0.020000000000000018,
          0.020000000000000018, 0.020000000000000018, 0.020000000000000018,
          0.020000000000000018, 0.020000000000000018, 0.0029999999999998916,
          9.999999999998899e-05, 9.999999999998899e-05, 9.999999999998899e-05,
          9.999999999998899e-05, 9.999999999998899e-05, 9.999999999998899e-05,
          9.999999999998899e-05, 9.999999999998899e-05, 9.999999999998899e-05,
          9.999999999998899e-05, 9.999999999998899e-05, 9.999999999998899e-05,
          9.999999999998899e-05, 9.999999999998899e-05, 9.999999999998899e-05,
          9.999999999998899e-05, 9.999999999998899e-05, 9.999999999998899e-05,
          9.999999999998899e-05, 9.999999999998899e-05, 9.999999999998899e-05,
          9.999999999998899e-05, 9.999999999998899e-05, 9.999999999998899e-05,
          9.999999999998899e-05, 9.999999999998899e-05, 9.999999999998899e-05,
          9.999999999998899e-05, 9.999999999998899e-05, 9.999999999998899e-05,
          9.999999999998899e-05, 9.999999999998899e-05, 9.999999999998899e-05,
          9.999999999998899e-05, 9.999999999998899e-05, 9.999999999998899e-05,
          9.999999999998899e-05, 9.999999999998899e-05, 9.999999999998899e-05,
          9.999999999998899e-05, 9.999999999998899e-05, 9.999999999998899e-05,
          9.999999999998899e-05, 9.999999999998899e-05, 9.999999999998899e-05,
          9.999999999998899e-05, 9.999999999998899e-05, 9.999999999998899e-05,
          9.999999999998899e-05, 9.999999999998899e-05, 9.999999999998899e-05,
          9.999999999998899e-05, 9.999999999998899e-05, 9.999999999998899e-05,
          9.999999999998899e-05, 9.999999999998899e-05, 9.999999999998899e-05,
          9.999999999998899e-05, 9.999999999998899e-05, 9.999999999998899e-05,
          9.999999999998899e-05, 9.999999999998899e-05, 9.999999999998899e-05,
          9.999999999998899e-05, 9.999999999998899e-05, 9.999999999998899e-05,
          9.999999999998899e-05, 9.999999999998899e-05, 9.999999999998899e-05,
          9.999999999998899e-05, 9.999999999998899e-05, 9.999999999998899e-05,
          9.999999999998899e-05, 9.999999999998899e-05, 9.999999999998899e-05,
          9.999999999998899e-05, 9.999999999998899e-05, 9.999999999998899e-05,
          9.999999999998899e-05, 9.999999999998899e-05, 9.999999999998899e-05,
          9.999999999998899e-05, 9.999999999998899e-05, 9.999999999998899e-05,
          9.999999999998899e-05, 9.999999999998899e-05, 9.999999999998899e-05,
          9.999999999998899e-05, 9.999999999998899e-05, 9.999999999998899e-05,
          9.999999999998899e-05, 9.999999999998899e-05, 9.999999999998899e-05,
          9.999999999998899e-05, 9.999999999998899e-05, 9.999999999998899e-05,
          9.999999999998899e-05, 9.999999999998899e-05, 9.999999999998899e-05,
          9.999999999998899e-05, 9.999999999998899e-05, 9.999999999998899e-05,
          9.999999999998899e-05, 9.999999999998899e-05, 9.999999999998899e-05,
          9.999999999998899e-05, 9.999999999998899e-05, 9.999999999998899e-05,
          9.999999999998899e-05, 9.999999999998899e-05, 9.999999999998899e-05,
          9.999999999998899e-05, 9.999999999998899e-05, 9.999999999998899e-05,
          9.999999999998899e-05, 9.999999999998899e-05, 9.999999999998899e-05,
          9.999999999998899e-05, 9.999999999998899e-05, 9.999999999998899e-05,
          9.999999999998899e-05, 9.999999999998899e-05, 9.999999999998899e-05,
          9.999999999998899e-05, 9.999999999998899e-05, 9.999999999998899e-05,
          9.999999999998899e-05, 9.999999999998899e-05, 9.999999999998899e-05,
          9.999999999998899e-05, 9.999999999998899e-05, 9.999999999998899e-05,
          9.999999999998899e-05, 9.999999999998899e-05, 9.999999999998899e-05,
          9.999999999998899e-05, 9.999999999998899e-05, 9.999999999998899e-05,
          9.999999999998899e-05, 9.999999999998899e-05, 9.999999999998899e-05,
          9.999999999998899e-05, 9.999999999998899e-05, 9.999999999998899e-05,
          9.999999999998899e-05, 9.999999999998899e-05, 9.999999999998899e-05,
          9.999999999998899e-05, 9.999999999998899e-05, 9.999999999998899e-05,
          9.999999999998899e-05, 9.999999999998899e-05, 9.999999999998899e-05,
          9.999999999998899e-05, 9.999999999998899e-05, 9.999999999998899e-05,
          9.999999999998899e-05, 9.999999999998899e-05, 9.999999999998899e-05,
          9.999999999998899e-05, 9.999999999998899e-05, 9.999999999998899e-05,
          9.999999999998899e-05, 9.999999999998899e-05, 9.999999999998899e-05,
          9.999999999998899e-05, 9.999999999998899e-05, 9.999999999998899e-05,
          9.999999999998899e-05, 9.999999999998899e-05, 9.999999999998899e-05,
          9.999999999998899e-05, 9.999999999998899e-05, 9.999999999998899e-05,
          9.999999999998899e-05, 9.999999999998899e-05, 9.999999999998899e-05,
          9.999999999998899e-05, 9.999999999998899e-05, 9.999999999998899e-05,
          9.999999999998899e-05, 9.999999999998899e-05, 9.999999999998899e-05,
          9.999999999998899e-05, 9.999999999998899e-05, 9.999999999998899e-05,
          9.999999999998899e-05, 9.999999999998899e-05, 9.999999999998899e-05,
          9.999999999998899e-05, 9.999999999998899e-05, 9.999999999998899e-05,
          9.999999999998899e-05, 9.999999999998899e-05, 9.999999999998899e-05,
          9.999999999998899e-05, 9.999999999998899e-05, 9.999999999998899e-05,
          9.999999999998899e-05, 9.999999999998899e-05, 9.999999999998899e-05,
          9.999999999998899e-05, 9.999999999998899e-05, 9.999999999998899e-05,
          9.999999999998899e-05, 9.999999999998899e-05, 9.999999999998899e-05,
          9.999999999998899e-05, 9.999999999998899e-05, 9.999999999998899e-05,
          9.999999999998899e-05, 9.999999999998899e-05, 9.999999999998899e-05,
          9.999999999998899e-05, 9.999999999998899e-05, 9.999999999998899e-05,
          9.999999999998899e-05, 9.999999999998899e-05, 9.999999999998899e-05,
          9.999999999998899e-05, 9.999999999998899e-05, 9.999999999998899e-05,
          9.999999999998899e-05, 9.999999999998899e-05, 9.999999999998899e-05,
          9.999999999998899e-05, 9.999999999998899e-05, 9.999999999998899e-05,
          9.999999999998899e-05, 9.999999999998899e-05
    xmp2 = 0.089, 0.089, 0.089, 0.089, 0.089, 0.089, 0.089, 0.089, 0.089,
           0.089, 0.089, 0.089, 0.089, 0.089, 0.089, 0.089, 0.089, 0.089,
           0.089, 0.089, 0.089, 0.089, 0.089, 0.089, 0.089, 0.089, 0.089,
           0.796, 0.796, 0.796, 0.796, 0.796, 0.796, 0.796, 0.796, 0.796,
           0.796, 0.796, 0.796, 0.796, 0.796, 0.796, 0.796, 0.796, 0.796,
           0.796, 0.796, 0.796, 0.1377, 0.1377, 0.1377, 0.1377, 0.1377,
           0.1377, 0.1377, 0.1377, 0.1377, 0.1377, 0.1377, 0.1377, 0.1377,
           0.1377, 0.1377, 0.1377
    ymp2 = 0.54, 0.5, 0.46, 0.42, 0.38, 0.34, 0.3, 0.26, 0.22, 0.16, 0.12,
           0.08, 0.04, 0, -0.04, -0.08, -0.12, -0.16, -0.22, -0.26, -0.3,
           -0.34, -0.38, -0.42, -0.46, -0.5, -0.54, 0.42, 0.38, 0.34, 0.3,
           0.26, 0.22, 0.18, 0.1, 0.06, 0.02, -0.02, -0.06, -0.1, -0.14,
           -0.18, -0.22, -0.26, -0.3, -0.34, -0.38, -0.42, 0.8328, 0.8728,
           0.9128, 0.9528, 0.9928, 1.0328, 1.0728, 1.1128, -0.8328, -0.8728,
           -0.9128, -0.9528, -0.9928, -1.0328, -1.0728, -1.1128
    zf = 0.2956, 0.2804, 0.2652, 0.25, 0.2348, 0.2196, 0.2044, 0.1892, 0.174,
         0.1588, 0.1436, 0.1284, 0.1132, 0.098, 0.0828, 0.0676, 0.0524,
         0.0372, 0.022, 0.0072, 0.5996, 0.5844, 0.5692, 0.554, 0.5388, 0.5236,
         0.5084, 0.4932, 0.478, 0.4628, 0.4476, 0.4324, 0.4172, 0.402, 0.3868,
         0.3716, 0.3564, 0.3412, 0.326, 0.3108, 0.8884, 0.8732, 0.858, 0.8428,
         0.8276, 0.8124, 0.7972, 0.782, 0.7668, 0.7516, 0.7364, 0.7212,
         0.706, 0.6908, 0.6756, 0.6604, 0.6452, 0.63, 0.6148, 1.1924, 1.1772,
         1.162, 1.1468, 1.1316, 1.1164, 1.1012, 1.086, 1.0708, 1.0556, 1.0404,
         1.0252, 1.01, 0.9948, 0.9796, 0.9644, 0.9492, 0.934, 0.9188, 0.9036,
         -0.0072, -0.022, -0.0372, -0.0524, -0.0676, -0.0828, -0.098, -0.1132,
         -0.1284, -0.1436, -0.1588, -0.174, -0.1892, -0.2044, -0.2196, -0.2348,
         -0.25, -0.2652, -0.2804, -0.2956, -0.3108, -0.326, -0.3412, -0.3564,
         -0.3716, -0.3868, -0.402, -0.4172, -0.4324, -0.4476, -0.4628, -0.478,
         -0.4932, -0.5084, -0.5236, -0.5388, -0.554, -0.5692, -0.5844, -0.5996,
         -0.6148, -0.63, -0.6452, -0.6604, -0.6756, -0.6908, -0.706, -0.7212,
         -0.7364, -0.7516, -0.7668, -0.782, -0.7972, -0.8124, -0.8276, -0.8428,
         -0.858, -0.8732, -0.8884, -0.9036, -0.9188, -0.934, -0.9492, -0.9644,
         -0.9796, -0.9948, -1.01, -1.0252, -1.0404, -1.0556, -1.0708, -1.086,
         -1.1012, -1.1164, -1.1316, -1.1468, -1.162, -1.1772, -1.1924, 0.7976,
         0.8128, 0.828, 0.8432, 0.8584, 0.8736, 0.8888, 0.904, 0.9192, 0.9344,
         0.9496, 0.9648, 0.98, 0.9952, 1.0104, 1.0256, 1.0408, 1.056, 1.0712,
         1.0864, 1.1016, 1.1168, 1.132, 1.1472, 1.1624, 0.7976, 0.8128,
         0.828, 0.8432, 0.8584, 0.8736, 0.8888, 0.904, 0.9192, 0.9344, 0.9496,
         0.9648, 0.98, 0.9952, 1.0104, 1.0256, 1.0408, 1.056, 1.0712, 1.0864,
         1.1016, 1.1168, 1.132, 1.1472, 1.1624, -1.1624, -1.1472, -1.132,
         -1.1168, -1.1016, -1.0864, -1.0712, -1.056, -1.0408, -1.0256, -1.0104,
         -0.9952, -0.98, -0.9648, -0.9496, -0.9344, -0.9192, -0.904, -0.8888,
         -0.8736, -0.8584, -0.8432, -0.828, -0.8128, -0.7976, -1.1624, -1.1472,
         -1.132, -1.1168, -1.1016, -1.0864, -1.0712, -1.056, -1.0408, -1.0256,
         -1.0104, -0.9952, -0.98, -0.9648, -0.9496, -0.9344, -0.9192, -0.904,
         -0.8888, -0.8736, -0.8584, -0.8432, -0.828, -0.8128, -0.7976, 1.2537,
         1.2464, 1.2537, 1.2464, 1.2537, 1.2464, 1.2537, 1.2464, -1.2537,
         -1.2464, -1.2537, -1.2464, -1.2537, -1.2464, -1.2537, -1.2464,
         1.2537, 1.2464, 1.2537, 1.2464, 1.2537, 1.2464, 1.2537, 1.2464,
         -1.2537, -1.2464, -1.2537, -1.2464, -1.2537, -1.2464, -1.2537,
         -1.2464, 1.15365, 1.15365, 1.15365, 1.15365, 1.15365, 1.15365,
         1.1464, 1.1464, 1.1464, 1.1464, 1.1464, 1.1464, -1.15365, -1.15365,
         -1.15365, -1.15365, -1.15365, -1.15365, -1.1464, -1.1464, -1.1464,
         -1.1464, -1.1464, -1.1464, 0.8786500000000002, 0.8786500000000002,
         0.8786500000000002, 0.8786500000000002, 0.8786500000000002, 0.8786500000000002,
         0.8714, 0.8714, 0.8714, 0.8714, 0.8714, 0.8714, -0.8786500000000002,
         -0.8786500000000002, -0.8786500000000002, -0.8786500000000002,
         -0.8786500000000002, -0.8786500000000002, -0.8714, -0.8714, -0.8714,
         -0.8714, -0.8714, -0.8714, 0.70785, 0.70785, 0.70785, 0.70785,
         0.70785, 0.70785, 0.71595, 0.71595, 0.71595, 0.71595, 0.71595,
         0.71595, 0.72405, 0.72405, 0.72405, 0.72405, 0.72405, 0.72405,
         0.73215, 0.73215, 0.73215, 0.73215, 0.73215, 0.73215, -0.70785,
         -0.70785, -0.70785, -0.70785, -0.70785, -0.70785, -0.71595, -0.71595,
         -0.71595, -0.71595, -0.71595, -0.71595, -0.72405, -0.72405, -0.72405,
         -0.72405, -0.72405, -0.72405, -0.73215, -0.73215, -0.73215, -0.73215,
         -0.73215, -0.73215, 0.66785, 0.66785, 0.66785, 0.66785, 0.66785,
         0.66785, 0.67595, 0.67595, 0.67595, 0.67595, 0.67595, 0.67595,
         0.68405, 0.68405, 0.68405, 0.68405, 0.68405, 0.68405, 0.69215,
         0.69215, 0.69215, 0.69215, 0.69215, 0.69215, -0.66785, -0.66785,
         -0.66785, -0.66785, -0.66785, -0.66785, -0.67595, -0.67595, -0.67595,
         -0.67595, -0.67595, -0.67595, -0.68405, -0.68405, -0.68405, -0.68405,
         -0.68405, -0.68405, -0.69215, -0.69215, -0.69215, -0.69215, -0.69215,
         -0.69215, 0.53445, 0.53445, 0.53445, 0.53445, 0.53445, 0.53445,
         0.52635, 0.52635, 0.52635, 0.52635, 0.52635, 0.52635, 0.51825,
         0.51825, 0.51825, 0.51825, 0.51825, 0.51825, 0.51015, 0.51015,
         0.51015, 0.51015, 0.51015, 0.51015, -0.53445, -0.53445, -0.53445,
         -0.53445, -0.53445, -0.53445, -0.52635, -0.52635, -0.52635, -0.52635,
         -0.52635, -0.52635, -0.51825, -0.51825, -0.51825, -0.51825, -0.51825,
         -0.51825, -0.51015, -0.51015, -0.51015, -0.51015, -0.51015, -0.51015,
         0.49285, 0.49285, 0.49285, 0.49285, 0.49285, 0.49285, 0.48475,
         0.48475, 0.48475, 0.48475, 0.48475, 0.48475, 0.47665, 0.47665,
         0.47665, 0.47665, 0.47665, 0.47665, 0.46855, 0.46855, 0.46855,
         0.46855, 0.46855, 0.46855, -0.49285, -0.49285, -0.49285, -0.49285,
         -0.49285, -0.49285, -0.48475, -0.48475, -0.48475, -0.48475, -0.48475,
         -0.48475, -0.47665, -0.47665, -0.47665, -0.47665, -0.47665, -0.47665,
         -0.46855, -0.46855, -0.46855, -0.46855, -0.46855, -0.46855
    zsi = 0.685, 0.46, -0.46, -0.685, -0.805, 0.04, 0.805, 0.696, 0.62,
          -0.696, -0.62
    zvs = -0.5975, -0.5925, -0.5875, -0.5825, -0.5775, -0.5725, -0.5675,
          -0.5625, -0.5575, -0.5525, -0.5475, -0.5425, -0.5375, -0.5325,
          -0.5275, -0.5225, -0.5175, -0.5125, -0.5075, -0.5025, -0.4975,
          -0.4925, -0.4875, -0.4825, -0.4775, -0.4725, -0.4675, -0.4625,
          -0.4575, -0.4525, -0.4475, -0.4425, -0.4375, -0.4325, -0.4275,
          -0.4225, -0.4175, -0.4125, -0.4075, -0.4025, -0.3975, -0.3925,
          -0.3875, -0.3825, -0.3775, -0.3725, -0.3675, -0.3625, -0.3575,
          -0.3525, -0.3475, -0.3425, -0.3375, -0.3325, -0.3275, -0.3225,
          -0.3175, -0.3125, -0.3075, -0.3025, -0.2975, -0.2925, -0.2875,
          -0.2825, -0.2775, -0.2725, -0.2675, -0.2625, -0.2575, -0.2525,
          -0.2475, -0.2425, -0.2375, -0.2325, -0.2275, -0.2225, -0.2175,
          -0.2125, -0.2075, -0.2025, -0.1975, -0.1925, -0.1875, -0.1825,
          -0.1775, -0.1725, -0.1675, -0.1625, -0.1575, -0.1525, -0.1475,
          -0.1425, -0.1375, -0.1325, -0.1275, -0.1225, -0.1175, -0.1125,
          -0.1075, -0.1025, -0.0975, -0.0925, -0.0875, -0.0825, -0.0775,
          -0.0725, -0.0675, -0.0625, -0.0575, -0.0525, -0.0475, -0.0425,
          -0.0375, -0.0325, -0.0275, -0.0225, -0.0175, -0.0125, -0.0075,
          -0.0025, 0.0025, 0.0075, 0.0125, 0.0175, 0.0225, 0.0275, 0.0325,
          0.0375, 0.0425, 0.0475, 0.0525, 0.0575, 0.0625, 0.0675, 0.0725,
          0.0775, 0.0825, 0.0875, 0.0925, 0.0975, 0.1025, 0.1075, 0.1125,
          0.1175, 0.1225, 0.1275, 0.1325, 0.1375, 0.1425, 0.1475, 0.1525,
          0.1575, 0.1625, 0.1675, 0.1725, 0.1775, 0.1825, 0.1875, 0.1925,
          0.1975, 0.2025, 0.2075, 0.2125, 0.2175, 0.2225, 0.2275, 0.2325,
          0.2375, 0.2425, 0.2475, 0.2525, 0.2575, 0.2625, 0.2675, 0.2725,
          0.2775, 0.2825, 0.2875, 0.2925, 0.2975, 0.3025, 0.3075, 0.3125,
          0.3175, 0.3225, 0.3275, 0.3325, 0.3375, 0.3425, 0.3475, 0.3525,
          0.3575, 0.3625, 0.3675, 0.3725, 0.3775, 0.3825, 0.3875, 0.3925,
          0.3975, 0.4025, 0.4075, 0.4125, 0.4175, 0.4225, 0.4275, 0.4325,
          0.4375, 0.4425, 0.4475, 0.4525, 0.4575, 0.4625, 0.4675, 0.4725,
          0.4775, 0.4825, 0.4875, 0.4925, 0.4975, 0.5025, 0.5075, 0.5125,
          0.5175, 0.5225, 0.5275, 0.5325, 0.5375, 0.5425, 0.5475, 0.5525,
          0.5575, 0.5625, 0.5675, 0.5725, 0.5775, 0.5825, 0.5875, 0.5925,
          0.5975, 0.5925, 0.5925, 0.5925, 0.5925, 0.5925, -0.5925, -0.5925,
          -0.5925, -0.5925, -0.5925, 0.5935, 0.5935, 0.5935, 0.5935, 0.5935,
          -0.5935, -0.5935, -0.5935, -0.5935, -0.5935, 1.1935, 1.1935, 1.1935,
          1.1935, 1.1935, 1.1935, 1.1925, 1.1925, -1.1935, -1.1935, -1.1935,
          -1.1935, -1.1935, -1.1935, -1.1925, -1.1925, 0.755, 0.775, 0.795,
          0.815, 0.835, 0.855, 0.875, 0.895, 0.915, 0.935, 0.955, 0.975,
          0.9949999999999999, 1.015, 1.035, 1.055, 1.075, 1.095, 1.115,
          1.135, 1.155, 1.175, 1.192, -1.189, -1.169, -1.149, -1.129, -1.109,
          -1.089, -1.069, -1.049, -1.029, -1.009, -0.989, -0.969, -0.949,
          -0.929, -0.909, -0.889, -0.869, -0.849, -0.829, -0.809, -0.789,
          -0.769, -0.752, -0.5715, -0.5665, -0.5615, -0.5565, -0.5515, -0.5465,
          -0.5415, -0.5365, -0.5315, -0.5265, -0.5215, -0.5165, -0.5115,
          -0.5065, -0.5015, -0.4965, -0.4915, -0.4865, -0.4815, -0.4765,
          -0.4715, -0.4665, -0.4615, -0.4565, -0.4515, -0.4465, -0.4415,
          -0.4365, -0.4315, -0.4265, -0.4215, -0.4165, -0.4115, -0.4065,
          -0.4015, -0.3965, -0.3915, -0.3865, -0.3815, -0.3765, -0.3715,
          -0.3665, -0.3615, -0.3565, -0.3515, -0.3465, -0.3415, -0.3365,
          -0.3315, -0.3265, -0.3215, -0.3165, -0.3115, -0.3065, -0.3015,
          -0.2965, -0.2915, -0.2865, -0.2815, -0.2765, -0.2715, -0.2665,
          -0.2615, -0.2565, -0.2515, -0.2465, -0.2415, -0.2365, -0.2315,
          -0.2265, -0.2215, -0.2165, -0.2115, -0.2065, -0.2015, -0.1965,
          -0.1915, -0.1865, -0.1815, -0.1765, -0.1715, -0.1665, -0.1615,
          -0.1565, -0.1515, -0.1465, -0.1415, -0.1365, -0.1315, -0.1265,
          -0.1215, -0.1165, -0.1115, -0.1065, -0.1015, -0.0965, -0.0915,
          -0.0865, -0.0815, -0.0765, -0.0715, -0.0665, -0.0615, -0.0565,
          -0.0515, -0.0465, -0.0415, -0.0365, -0.0315, -0.0265, -0.0215,
          -0.0165, -0.0115, -0.0065, -0.0015, 0.0035, 0.0085, 0.0135, 0.0185,
          0.0235, 0.0285, 0.0335, 0.0385, 0.0435, 0.0485, 0.0535, 0.0585,
          0.0635, 0.0685, 0.0735, 0.0785, 0.0835, 0.0885, 0.0935, 0.0985,
          0.1035, 0.1085, 0.1135, 0.1185, 0.1235, 0.1285, 0.1335, 0.1385,
          0.1435, 0.1485, 0.1535, 0.1585, 0.1635, 0.1685, 0.1735, 0.1785,
          0.1835, 0.1885, 0.1935, 0.1985, 0.2035, 0.2085, 0.2135, 0.2185,
          0.2235, 0.2285, 0.2335, 0.2385, 0.2435, 0.2485, 0.2535, 0.2585,
          0.2635, 0.2685, 0.2735, 0.2785, 0.2835, 0.2885, 0.2935, 0.2985,
          0.3035, 0.3085, 0.3135, 0.3185, 0.3235, 0.3285, 0.3335, 0.3385,
          0.3435, 0.3485, 0.3535, 0.3585, 0.3635, 0.3685, 0.3735, 0.3785,
          0.3835, 0.3885, 0.3935, 0.3985, 0.4035, 0.4085, 0.4135, 0.4185,
          0.4235, 0.4285, 0.4335, 0.4385, 0.4435, 0.4485, 0.4535, 0.4585,
          0.4635, 0.4685, 0.4735, 0.4785, 0.4835, 0.4885, 0.4935, 0.4985,
          0.5035, 0.5085, 0.5135, 0.5185, 0.5235, 0.5285, 0.5335, 0.5385,
          0.5435, 0.5485, 0.5535, 0.5585, 0.5635, 0.5685, 0.5725, 0.58255,
          0.59965, 0.61675, 0.63385, 0.65095, 0.66805, 0.68515, 0.70225,
          0.71935, 0.73645, -0.58255, -0.59965, -0.61675, -0.63385, -0.65095,
          -0.66805, -0.68515, -0.70225, -0.71935, -0.73645, 0.6075, 0.6075,
          0.6075, 0.6075, 0.6075, 0.6075, 0.6075, 0.6075, 0.6075, 0.6075,
          0.6075, 0.6075, 0.6075, 0.6075, 0.6075, 0.625, 0.645, 0.665, 0.685,
          0.705, 0.725, 0.745, 0.765, 0.785, 0.805, 0.825, 0.845, 0.865,
          0.885, 0.905, 0.925, 0.945, 0.965, 0.985, 1.005, 1.025, 1.045,
          1.065, 1.085, 1.105, 1.125, 1.145, 1.165, 1.181, 1.1925, 1.1925,
          1.1925, 1.1925, 1.1935, 1.1935, 1.1935, 1.1935, 1.2075, 1.2075,
          1.2075, 1.2075, 1.2075, 1.2075, 1.2075, 1.2075, 1.2075, 1.2075,
          1.2075, 1.2075, 1.2075, 1.2075, 1.2075, 1.2075, 1.2075, 1.2075,
          1.2075, 1.2075, 1.2075, 1.2075, -0.6075, -0.6075, -0.6075, -0.6075,
          -0.6075, -0.6075, -0.6075, -0.6075, -0.6075, -0.6075, -0.6075,
          -0.6075, -0.6075, -0.6075, -0.6075, -1.177, -1.157, -1.137, -1.117,
          -1.097, -1.077, -1.057, -1.037, -1.017, -0.9969999999999999, -0.977,
          -0.957, -0.937, -0.917, -0.897, -0.877, -0.857, -0.837, -0.817,
          -0.797, -0.777, -0.757, -0.737, -0.717, -0.697, -0.677, -0.657,
          -0.637, -0.621, -1.1925, -1.1925, -1.1925, -1.1925, -1.1935, -1.1935,
          -1.1935, -1.1935, -1.2075, -1.2075, -1.2075, -1.2075, -1.2075,
          -1.2075, -1.2075, -1.2075, -1.2075, -1.2075, -1.2075, -1.2075,
          -1.2075, -1.2075, -1.2075, -1.2075, -1.2075, -1.2075, -1.2075,
          -1.2075, -1.2075, -1.2075, 0.5725, 0.5675, 0.5625, 0.5575, 0.5525,
          0.5475, 0.5425, 0.5375, 0.5325, 0.5275, 0.5225, 0.5175, 0.5125,
          0.5075, 0.5025, 0.4975, 0.4925, 0.4875, 0.4825, 0.4775, 0.4725,
          0.4675, 0.4625, 0.4575, 0.4525, 0.4475, 0.4425, 0.4375, 0.4325,
          0.4275, 0.4225, 0.4175, 0.4125, 0.4075, 0.4025, 0.3975, 0.3925,
          0.3875, 0.3825, 0.3775, 0.3725, 0.3675, 0.3625, 0.3575, 0.3525,
          0.3475, 0.3425, 0.3375, 0.3325, 0.3275, 0.3225, 0.3175, 0.3125,
          0.3075, 0.3025, 0.2975, 0.2925, 0.2875, 0.2825, 0.2775, 0.2725,
          0.2675, 0.2625, 0.2575, 0.2525, 0.2475, 0.2425, 0.2375, 0.2325,
          0.2275, 0.2225, 0.2175, 0.2125, 0.2075, 0.2025, 0.1975, 0.1925,
          0.1875, 0.1825, 0.1775, 0.1725, 0.1675, 0.1625, 0.1575, 0.1525,
          0.1475, 0.1425, 0.1375, 0.1325, 0.1275, 0.1225, 0.1175, 0.1125,
          0.1075, 0.1025, 0.0975, 0.0925, 0.0875, 0.0825, 0.0775, 0.0725,
          0.0675, 0.0625, 0.0575, 0.0525, 0.0475, 0.0425, 0.0375, 0.0325,
          0.0275, 0.0225, 0.0175, 0.0125, 0.0075, 0.0025, -0.0025, -0.0075,
          -0.0125, -0.0175, -0.0225, -0.0275, -0.0325, -0.0375, -0.0425,
          -0.0475, -0.0525, -0.0575, -0.0625, -0.0675, -0.0725, -0.0775,
          -0.0825, -0.0875, -0.0925, -0.0975, -0.1025, -0.1075, -0.1125,
          -0.1175, -0.1225, -0.1275, -0.1325, -0.1375, -0.1425, -0.1475,
          -0.1525, -0.1575, -0.1625, -0.1675, -0.1725, -0.1775, -0.1825,
          -0.1875, -0.1925, -0.1975, -0.2025, -0.2075, -0.2125, -0.2175,
          -0.2225, -0.2275, -0.2325, -0.2375, -0.2425, -0.2475, -0.2525,
          -0.2575, -0.2625, -0.2675, -0.2725, -0.2775, -0.2825, -0.2875,
          -0.2925, -0.2975, -0.3025, -0.3075, -0.3125, -0.3175, -0.3225,
          -0.3275, -0.3325, -0.3375, -0.3425, -0.3475, -0.3525, -0.3575,
          -0.3625, -0.3675, -0.3725, -0.3775, -0.3825, -0.3875, -0.3925,
          -0.3975, -0.4025, -0.4075, -0.4125, -0.4175, -0.4225, -0.4275,
          -0.4325, -0.4375, -0.4425, -0.4475, -0.4525, -0.4575, -0.4625,
          -0.4675, -0.4725, -0.4775, -0.4825, -0.4875, -0.4925, -0.4975,
          -0.5025, -0.5075, -0.5125, -0.5175, -0.5225, -0.5275, -0.5325,
          -0.5375, -0.5425, -0.5475, -0.5525, -0.5575, -0.5625, -0.5675,
          -0.5725
/

&incheck
    aminor_max = 75.0
    aminor_min = 25.0
    betap_max = 6.0
    betat_max = 25.0
    dbpli_diff = 0.05
    delbp_diff = 0.08
    elong_max = 4.0
    elong_min = 0.8
    gapin_min = -0.2
    gapout_min = -0.2
    gaptop_min = -0.2
    li_max = 1.5
    li_min = 0.05
    plasma_diff = 0.08
    qout_max = 200.0
    qout_min = 1.0
    qstar_max = 200.0
    qstar_min = 1.0
    rcntr_max = 160.0
    rcntr_min = 30.0
    rcurrt_max = 160.0
    rcurrt_min = 30.0
    sepin_check = -90.0
    zcntr_max = 165.0
    zcntr_min = -165.0
    zcurrt_max = 165.0
    zcurrt_min = -165.0
/
