  EFIT     09/12/2024    # 48224   300ms           0 129 129
 0.115000000E+01 0.300000000E+01 0.400000000E+00 0.500000000E-01 0.000000000E+00
 0.427343483E+00 0.234376515E-01-0.716669083E-02-0.182313894E-02 0.150869643E+00
 0.143167391E+06-0.716669083E-02 0.000000000E+00 0.427343483E+00 0.000000000E+00
 0.234376515E-01 0.000000000E+00-0.182313894E-02 0.000000000E+00 0.000000000E+00
 0.726645917E-01 0.725410505E-01 0.724170420E-01 0.722925831E-01 0.721676910E-01
 0.720423830E-01 0.719166765E-01 0.717905889E-01 0.716641379E-01 0.715373412E-01
 0.714102166E-01 0.712827822E-01 0.711550559E-01 0.710270561E-01 0.708988011E-01
 0.707703093E-01 0.706415994E-01 0.705126901E-01 0.703836003E-01 0.702543490E-01
 0.701249554E-01 0.699954388E-01 0.698658186E-01 0.697361144E-01 0.696063459E-01
 0.694765331E-01 0.693466958E-01 0.692168544E-01 0.690870292E-01 0.689572405E-01
 0.688275091E-01 0.686978558E-01 0.685683015E-01 0.684388673E-01 0.683095744E-01
 0.681804444E-01 0.680514987E-01 0.679227592E-01 0.677942477E-01 0.676659864E-01
 0.675379975E-01 0.674103033E-01 0.672829265E-01 0.671558898E-01 0.670292161E-01
 0.669029285E-01 0.667770503E-01 0.666516048E-01 0.665266157E-01 0.664021067E-01
 0.662781016E-01 0.661546247E-01 0.660317001E-01 0.659093523E-01 0.657876059E-01
 0.656664856E-01 0.655460164E-01 0.654262233E-01 0.653071316E-01 0.651887667E-01
 0.650711542E-01 0.649543198E-01 0.648382894E-01 0.647230891E-01 0.646087450E-01
 0.644952835E-01 0.643827311E-01 0.642711145E-01 0.641604605E-01 0.640507960E-01
 0.639421480E-01 0.638345439E-01 0.637280109E-01 0.636225766E-01 0.635182685E-01
 0.634151144E-01 0.633131421E-01 0.632123796E-01 0.631128550E-01 0.630145964E-01
 0.629176321E-01 0.628219906E-01 0.627277001E-01 0.626347894E-01 0.625432871E-01
 0.624532217E-01 0.623646222E-01 0.622775174E-01 0.621919360E-01 0.621079072E-01
 0.620254598E-01 0.619446229E-01 0.618654255E-01 0.617878966E-01 0.617120654E-01
 0.616379609E-01 0.615656122E-01 0.614950484E-01 0.614262984E-01 0.613593914E-01
 0.612943563E-01 0.612312219E-01 0.611700173E-01 0.611107711E-01 0.610535121E-01
 0.609982691E-01 0.609450704E-01 0.608939446E-01 0.608449200E-01 0.607980248E-01
 0.607532871E-01 0.607107349E-01 0.606703958E-01 0.606322975E-01 0.605964675E-01
 0.605629329E-01 0.605317208E-01 0.605028581E-01 0.604763713E-01 0.604522869E-01
 0.604306310E-01 0.604114295E-01 0.603947079E-01 0.603804917E-01 0.603688059E-01
 0.603596752E-01 0.603531242E-01 0.603491769E-01 0.603478572E-01
 0.854309836E+02 0.844894093E+02 0.835460889E+02 0.826011667E+02 0.816547870E+02
 0.807070942E+02 0.797582328E+02 0.788083470E+02 0.778575812E+02 0.769060798E+02
 0.759539872E+02 0.750014478E+02 0.740486058E+02 0.730956056E+02 0.721425918E+02
 0.711897085E+02 0.702371001E+02 0.692849111E+02 0.683332858E+02 0.673823686E+02
 0.664323038E+02 0.654832358E+02 0.645353089E+02 0.635886676E+02 0.626434562E+02
 0.616998191E+02 0.607579006E+02 0.598178451E+02 0.588797969E+02 0.579439005E+02
 0.570103002E+02 0.560791404E+02 0.551505654E+02 0.542247196E+02 0.533017474E+02
 0.523817931E+02 0.514650011E+02 0.505515158E+02 0.496414815E+02 0.487350426E+02
 0.478323435E+02 0.469335285E+02 0.460387421E+02 0.451481285E+02 0.442618321E+02
 0.433799974E+02 0.425027686E+02 0.416302902E+02 0.407627065E+02 0.399001618E+02
 0.390428006E+02 0.381907672E+02 0.373442060E+02 0.365032613E+02 0.356680775E+02
 0.348387990E+02 0.340155702E+02 0.331985354E+02 0.323878389E+02 0.315836252E+02
 0.307860386E+02 0.299952234E+02 0.292113241E+02 0.284344851E+02 0.276648506E+02
 0.269025650E+02 0.261477728E+02 0.254006182E+02 0.246612457E+02 0.239297996E+02
 0.232064243E+02 0.224912641E+02 0.217844635E+02 0.210861667E+02 0.203965182E+02
 0.197156623E+02 0.190437433E+02 0.183809058E+02 0.177272939E+02 0.170830521E+02
 0.164483248E+02 0.158232563E+02 0.152079910E+02 0.146026732E+02 0.140074474E+02
 0.134224578E+02 0.128478489E+02 0.122837650E+02 0.117303505E+02 0.111877497E+02
 0.106561071E+02 0.101355669E+02 0.962627364E+01 0.912837157E+01 0.864200509E+01
 0.816731856E+01 0.770445636E+01 0.725356284E+01 0.681478238E+01 0.638825935E+01
 0.597413810E+01 0.557256301E+01 0.518367845E+01 0.480762877E+01 0.444455836E+01
 0.409461157E+01 0.375793277E+01 0.343466633E+01 0.312495662E+01 0.282894800E+01
 0.254678484E+01 0.227861151E+01 0.202457237E+01 0.178481179E+01 0.155947414E+01
 0.134870379E+01 0.115264510E+01 0.971442433E+00 0.805240166E+00 0.654182661E+00
 0.518414286E+00 0.398079408E+00 0.293322394E+00 0.204287610E+00 0.131119425E+00
 0.739622040E-01 0.329603149E-01 0.825812460E-02 0.000000000E+00
-0.214623877E+00-0.215085872E+00-0.215514187E+00-0.215908820E+00-0.216269773E+00
-0.216597044E+00-0.216890635E+00-0.217150545E+00-0.217376773E+00-0.217569320E+00
-0.217728187E+00-0.217853372E+00-0.217944877E+00-0.218002700E+00-0.218026843E+00
-0.218017304E+00-0.217974084E+00-0.217897184E+00-0.217786602E+00-0.217642339E+00
-0.217464396E+00-0.217252771E+00-0.217007465E+00-0.216728478E+00-0.216415810E+00
-0.216069462E+00-0.215689432E+00-0.215275721E+00-0.214828329E+00-0.214347256E+00
-0.213832502E+00-0.213284067E+00-0.212701951E+00-0.212086154E+00-0.211436677E+00
-0.210753518E+00-0.210036677E+00-0.209286156E+00-0.208501954E+00-0.207684071E+00
-0.206832507E+00-0.205947262E+00-0.205028336E+00-0.204075729E+00-0.203089441E+00
-0.202069472E+00-0.201015821E+00-0.199928490E+00-0.198807478E+00-0.197652785E+00
-0.196464410E+00-0.195242355E+00-0.193986619E+00-0.192697201E+00-0.191374103E+00
-0.190017324E+00-0.188626863E+00-0.187202722E+00-0.185744900E+00-0.184253396E+00
-0.182728212E+00-0.181169346E+00-0.179576800E+00-0.177950572E+00-0.176290664E+00
-0.174597074E+00-0.172869804E+00-0.171108852E+00-0.169314219E+00-0.167485906E+00
-0.165623911E+00-0.163728235E+00-0.161798879E+00-0.159835841E+00-0.157839122E+00
-0.155808723E+00-0.153744642E+00-0.151646880E+00-0.149515437E+00-0.147350314E+00
-0.145151509E+00-0.142919023E+00-0.140652856E+00-0.138353008E+00-0.136019479E+00
-0.133652269E+00-0.131251378E+00-0.128816807E+00-0.126348554E+00-0.123846620E+00
-0.121311005E+00-0.118741709E+00-0.116138732E+00-0.113502073E+00-0.110831734E+00
-0.108127714E+00-0.105390013E+00-0.102618631E+00-0.998135679E-01-0.969748237E-01
-0.941023986E-01-0.911962924E-01-0.882565051E-01-0.852830369E-01-0.822758876E-01
-0.792350574E-01-0.761605461E-01-0.730523538E-01-0.699104804E-01-0.667349261E-01
-0.635256907E-01-0.602827743E-01-0.570061769E-01-0.536958985E-01-0.503519391E-01
-0.469742986E-01-0.435629771E-01-0.401179746E-01-0.366392911E-01-0.331269266E-01
-0.295808810E-01-0.260011545E-01-0.223877469E-01-0.187406583E-01-0.150598887E-01
-0.113454380E-01-0.759730637E-02-0.381549370E-02-0.000000000E+00
-0.225327895E+05-0.225763466E+05-0.226164455E+05-0.226530863E+05-0.226862689E+05
-0.227159933E+05-0.227422595E+05-0.227650675E+05-0.227844174E+05-0.228003090E+05
-0.228127425E+05-0.228217178E+05-0.228272350E+05-0.228292939E+05-0.228278947E+05
-0.228230372E+05-0.228147216E+05-0.228029479E+05-0.227877159E+05-0.227690257E+05
-0.227468774E+05-0.227212709E+05-0.226922062E+05-0.226596833E+05-0.226237023E+05
-0.225842630E+05-0.225413656E+05-0.224950100E+05-0.224451962E+05-0.223919243E+05
-0.223351941E+05-0.222750058E+05-0.222113593E+05-0.221442546E+05-0.220736917E+05
-0.219996706E+05-0.219221914E+05-0.218412540E+05-0.217568584E+05-0.216690046E+05
-0.215776926E+05-0.214829225E+05-0.213846942E+05-0.212830076E+05-0.211778630E+05
-0.210692601E+05-0.209571990E+05-0.208416798E+05-0.207227024E+05-0.206002668E+05
-0.204743730E+05-0.203450210E+05-0.202122109E+05-0.200759425E+05-0.199362160E+05
-0.197930313E+05-0.196463885E+05-0.194962874E+05-0.193427282E+05-0.191857108E+05
-0.190252352E+05-0.188613014E+05-0.186939094E+05-0.185230593E+05-0.183487509E+05
-0.181709844E+05-0.179897597E+05-0.178050769E+05-0.176169358E+05-0.174253366E+05
-0.172302792E+05-0.170317636E+05-0.168297898E+05-0.166243578E+05-0.164154677E+05
-0.162031194E+05-0.159873128E+05-0.157680482E+05-0.155453253E+05-0.153191442E+05
-0.150895050E+05-0.148564076E+05-0.146198520E+05-0.143798382E+05-0.141363662E+05
-0.138894361E+05-0.136390478E+05-0.133852013E+05-0.131278966E+05-0.128671337E+05
-0.126029127E+05-0.123352334E+05-0.120640960E+05-0.117895004E+05-0.115114466E+05
-0.112299347E+05-0.109449645E+05-0.106565362E+05-0.103646497E+05-0.100693050E+05
-0.977050214E+04-0.946824109E+04-0.916252185E+04-0.885334444E+04-0.854070884E+04
-0.822461506E+04-0.790506310E+04-0.758205296E+04-0.725558464E+04-0.692565813E+04
-0.659227345E+04-0.625543058E+04-0.591512953E+04-0.557137029E+04-0.522415288E+04
-0.487347728E+04-0.451934351E+04-0.416175155E+04-0.380070141E+04-0.343619308E+04
-0.306822658E+04-0.269680189E+04-0.232191902E+04-0.194357797E+04-0.156177874E+04
-0.117652133E+04-0.787805735E+03-0.395631958E+03-0.000000000E+00
-0.242935315E-04-0.336722127E-04-0.445025411E-04-0.567431549E-04-0.703480993E-04
-0.852672592E-04-0.101446811E-03-0.118829685E-03-0.137356021E-03-0.156963631E-03
-0.177588436E-03-0.199164887E-03-0.221626371E-03-0.244905579E-03-0.268934849E-03
-0.293646476E-03-0.318972995E-03-0.344847415E-03-0.371203434E-03-0.397975608E-03
-0.425099493E-03-0.452511741E-03-0.480150178E-03-0.507953834E-03-0.535862949E-03
-0.563818949E-03-0.591764382E-03-0.619642838E-03-0.647398840E-03-0.674977702E-03
-0.702325381E-03-0.729388296E-03-0.756113143E-03-0.782446688E-03-0.808335567E-03
-0.833726062E-03-0.858563896E-03-0.882794024E-03-0.906360432E-03-0.929205956E-03
-0.951272114E-03-0.972498964E-03-0.992824994E-03-0.101218703E-02-0.103052021E-02
-0.104775797E-02-0.106383205E-02-0.107867265E-02-0.109220852E-02-0.110436716E-02
-0.111507504E-02-0.112425795E-02-0.113184129E-02-0.113775050E-02-0.114191148E-02
-0.114425113E-02-0.114469782E-02-0.114318199E-02-0.113963674E-02-0.113399844E-02
-0.112620734E-02-0.111620821E-02-0.110395095E-02-0.108939119E-02-0.107249089E-02
-0.105321883E-02-0.103155112E-02-0.100747165E-02-0.980972404E-03-0.952053807E-03
-0.920724889E-03-0.887003422E-03-0.850915954E-03-0.812497739E-03-0.771792587E-03
-0.728852613E-03-0.683737907E-03-0.636516110E-03-0.587261925E-03-0.536056554E-03
-0.482987079E-03-0.428145794E-03-0.371629507E-03-0.313538813E-03-0.253977357E-03
-0.193051097E-03-0.130867575E-03-0.675352142E-04-0.316263759E-05 0.621419673E-04
 0.128271446E-03 0.195120226E-03 0.262584807E-03 0.330564205E-03 0.398960335E-03
 0.467678342E-03 0.536626871E-03 0.605718295E-03 0.674868882E-03 0.743998925E-03
 0.813032821E-03 0.881899119E-03 0.950530521E-03 0.101886387E-02 0.108684008E-02
 0.115440409E-02 0.122150474E-02 0.128809470E-02 0.135413030E-02 0.141957141E-02
 0.148438134E-02 0.154852662E-02 0.161197692E-02 0.167470484E-02 0.173668579E-02
 0.179789782E-02 0.185832151E-02 0.191793974E-02 0.197673766E-02 0.203470244E-02
 0.209182321E-02 0.214809093E-02 0.220349821E-02 0.225803925E-02 0.231170971E-02
 0.236450661E-02 0.241642821E-02 0.246747393E-02 0.251764428E-02-0.275254070E-04
-0.381373589E-04-0.503819876E-04-0.642085875E-04-0.795610770E-04-0.963786033E-04
-0.114596162E-03-0.134145225E-03-0.154954351E-03-0.176949792E-03-0.200056060E-03
-0.224196469E-03-0.249293636E-03-0.275269940E-03-0.302047939E-03-0.329550740E-03
-0.357702325E-03-0.386427826E-03-0.415653761E-03-0.445308223E-03-0.475321018E-03
-0.505623774E-03-0.536149990E-03-0.566835058E-03-0.597616239E-03-0.628432595E-03
-0.659224891E-03-0.689935458E-03-0.720508017E-03-0.750887481E-03-0.781019716E-03
-0.810851291E-03-0.840329194E-03-0.869400537E-03-0.898012254E-03-0.926110779E-03
-0.953641735E-03-0.980549625E-03-0.100677753E-02-0.103226681E-02-0.105695688E-02
-0.108078493E-02-0.110368578E-02-0.112559166E-02-0.114643216E-02-0.116613416E-02
-0.118462179E-02-0.120181657E-02-0.121763748E-02-0.123200120E-02-0.124482236E-02
-0.125601393E-02-0.126548761E-02-0.127315436E-02-0.127892492E-02-0.128271051E-02
-0.128442346E-02-0.128397800E-02-0.128129102E-02-0.127628291E-02-0.126887839E-02
-0.125900735E-02-0.124660574E-02-0.123161635E-02-0.121398963E-02-0.119368445E-02
-0.117066873E-02-0.114492012E-02-0.111642646E-02-0.108518623E-02-0.105120883E-02
-0.101451476E-02-0.975135700E-03-0.933114385E-03-0.888504437E-03-0.841370004E-03
-0.791785295E-03-0.739833998E-03-0.685608595E-03-0.629209574E-03-0.570744573E-03
-0.510327455E-03-0.448077341E-03-0.384117619E-03-0.318574944E-03-0.251578241E-03
-0.183257746E-03-0.113744067E-03-0.431673179E-04 0.283437018E-04 0.100662250E-03
 0.173664310E-03 0.247229181E-03 0.321239986E-03 0.395584099E-03 0.470153500E-03
 0.544845040E-03 0.619560657E-03 0.694207507E-03 0.768698044E-03 0.842950050E-03
 0.916886610E-03 0.990436050E-03 0.106353184E-02 0.113611246E-02 0.120812127E-02
 0.127950630E-02 0.135022010E-02 0.142021954E-02 0.148946557E-02 0.155792306E-02
 0.162556057E-02 0.169235012E-02 0.175826701E-02 0.182328962E-02 0.188739919E-02
 0.195057963E-02 0.201281738E-02 0.207410118E-02 0.213442192E-02 0.219377249E-02
 0.225214762E-02 0.230954375E-02 0.236595886E-02 0.242139239E-02 0.247584509E-02
 0.252931893E-02 0.258181695E-02 0.263334322E-02-0.313006339E-04-0.433468098E-04
-0.572319866E-04-0.728930128E-04-0.902604398E-04-0.109259377E-03-0.129810354E-03
-0.151830180E-03-0.175232761E-03-0.199929897E-03-0.225832011E-03-0.252848831E-03
-0.280890011E-03-0.309865687E-03-0.339686967E-03-0.370266362E-03-0.401518158E-03
-0.433358719E-03-0.465706745E-03-0.498483464E-03-0.531612780E-03-0.565021361E-03
-0.598638681E-03-0.632397008E-03-0.666231346E-03-0.700079330E-03-0.733881062E-03
-0.767578915E-03-0.801117278E-03-0.834442272E-03-0.867501413E-03-0.900243253E-03
-0.932616980E-03-0.964572003E-03-0.996057510E-03-0.102702202E-02-0.105741294E-02
-0.108717610E-02-0.111625531E-02-0.114459197E-02-0.117212463E-02-0.119878866E-02
-0.122451595E-02-0.124923459E-02-0.127286871E-02-0.129533832E-02-0.131655927E-02
-0.133644324E-02-0.135489787E-02-0.137182700E-02-0.138713093E-02-0.140070684E-02
-0.141244935E-02-0.142225110E-02-0.143000350E-02-0.143559752E-02-0.143892464E-02
-0.143987779E-02-0.143835242E-02-0.143424763E-02-0.142746727E-02-0.141792114E-02
-0.140552615E-02-0.139020745E-02-0.137189959E-02-0.135054751E-02-0.132610756E-02
-0.129854834E-02-0.126785147E-02-0.123401217E-02-0.119703971E-02-0.115695768E-02
-0.111380411E-02-0.106763131E-02-0.101850565E-02-0.966507017E-03-0.911728219E-03
-0.854274113E-03-0.794260644E-03-0.731813735E-03-0.667068065E-03-0.600165772E-03
-0.531255096E-03-0.460489001E-03-0.388023792E-03-0.314017765E-03-0.238629906E-03
-0.162018663E-03-0.843408062E-04-0.575039088E-05 0.736021665E-04 0.153570895E-03
 0.234014953E-03 0.314799200E-03 0.395794642E-03 0.476878776E-03 0.557935828E-03
 0.638856901E-03 0.719540033E-03 0.799890187E-03 0.879819172E-03 0.959245518E-03
 0.103809429E-02 0.111629689E-02 0.119379080E-02 0.127051932E-02 0.134643131E-02
 0.142148087E-02 0.149562708E-02 0.156883368E-02 0.164106878E-02 0.171230460E-02
 0.178251715E-02 0.185168600E-02 0.191979399E-02 0.198682701E-02 0.205277373E-02
 0.211762541E-02 0.218137565E-02 0.224402025E-02 0.230555697E-02 0.236598536E-02
 0.242530666E-02 0.248352355E-02 0.254064010E-02 0.259666159E-02 0.265159440E-02
 0.270544593E-02 0.275822442E-02-0.357620307E-04-0.494934270E-04-0.652999229E-04
-0.831014779E-04-0.102810713E-03-0.124334143E-03-0.147573391E-03-0.172426361E-03
-0.198788341E-03-0.226553029E-03-0.255613460E-03-0.285862845E-03-0.317195313E-03
-0.349506557E-03-0.382694391E-03-0.416659231E-03-0.451304487E-03-0.486536888E-03
-0.522266743E-03-0.558408135E-03-0.594879050E-03-0.631601461E-03-0.668501343E-03
-0.705508635E-03-0.742557142E-03-0.779584381E-03-0.816531360E-03-0.853342298E-03
-0.889964287E-03-0.926346890E-03-0.962441685E-03-0.998201766E-03-0.103358119E-02
-0.106853440E-02-0.110301561E-02-0.113697818E-02-0.117037398E-02-0.120315275E-02
-0.123526149E-02-0.126664384E-02-0.129723949E-02-0.132698369E-02-0.135580670E-02
-0.138363341E-02-0.141038298E-02-0.143596856E-02-0.146029712E-02-0.148326941E-02
-0.150477999E-02-0.152471744E-02-0.154296469E-02-0.155939949E-02-0.157389504E-02
-0.158632075E-02-0.159654316E-02-0.160442702E-02-0.160983644E-02-0.161263623E-02
-0.161269329E-02-0.160987811E-02-0.160406633E-02-0.159514035E-02-0.158299092E-02
-0.156751878E-02-0.154863624E-02-0.152626862E-02-0.150035570E-02-0.147085293E-02
-0.143773257E-02-0.140098453E-02-0.136061709E-02-0.131665727E-02-0.126915102E-02
-0.121816311E-02-0.116377669E-02-0.110609267E-02-0.104522872E-02-0.981318115E-03
-0.914508326E-03-0.844959382E-03-0.772842136E-03-0.698336385E-03-0.621628941E-03
-0.542911670E-03-0.462379563E-03-0.380228868E-03-0.296655320E-03-0.211852504E-03
-0.126010375E-03-0.393139427E-04 0.480578594E-04 0.135933119E-03 0.224147710E-03
 0.312545883E-03 0.400980685E-03 0.489314236E-03 0.577417859E-03 0.665172102E-03
 0.752466642E-03 0.839200114E-03 0.925279862E-03 0.101062163E-02 0.109514922E-02
 0.117879411E-02 0.126149503E-02 0.134319758E-02 0.142385376E-02 0.150342161E-02
 0.158186474E-02 0.165915194E-02 0.173525681E-02 0.181015736E-02 0.188383564E-02
 0.195627744E-02 0.202747192E-02 0.209741137E-02 0.216609087E-02 0.223350803E-02
 0.229966281E-02 0.236455720E-02 0.242819512E-02 0.249058210E-02 0.255172523E-02
 0.261163291E-02 0.267031473E-02 0.272778135E-02 0.278404435E-02 0.283911612E-02
 0.289300979E-02-0.411090529E-04-0.568448946E-04-0.749268161E-04-0.952513782E-04
-0.117706750E-03-0.142174514E-03-0.168531386E-03-0.196650820E-03-0.226404458E-03
-0.257663426E-03-0.290299468E-03-0.324185929E-03-0.359198586E-03-0.395216356E-03
-0.432121879E-03-0.469802006E-03-0.508148181E-03-0.547056754E-03-0.586429222E-03
-0.626172395E-03-0.666198522E-03-0.706425346E-03-0.746776110E-03-0.787179500E-03
-0.827569524E-03-0.867885317E-03-0.908070863E-03-0.948074642E-03-0.987849173E-03
-0.102735049E-02-0.106653753E-02-0.110537143E-02-0.114381478E-02-0.118183086E-02
-0.121938274E-02-0.125643245E-02-0.129294011E-02-0.132886306E-02-0.136415495E-02
-0.139876493E-02-0.143263682E-02-0.146570834E-02-0.149791036E-02-0.152916628E-02
-0.155939142E-02-0.158849259E-02-0.161636770E-02-0.164290556E-02-0.166798583E-02
-0.169147916E-02-0.171324750E-02-0.173314460E-02-0.175101677E-02-0.176670385E-02
-0.178004031E-02-0.179085667E-02-0.179898105E-02-0.180424086E-02-0.180646474E-02
-0.180548455E-02-0.180113749E-02-0.179326834E-02-0.178173169E-02-0.176639419E-02
-0.174713679E-02-0.172385687E-02-0.169647030E-02-0.166491325E-02-0.162914382E-02
-0.158914340E-02-0.154491769E-02-0.149649736E-02-0.144393838E-02-0.138732183E-02
-0.132675342E-02-0.126236248E-02-0.119430063E-02-0.112274001E-02-0.104787120E-02
-0.969900854E-03-0.889049091E-03-0.805546766E-03-0.719632626E-03-0.631550493E-03
-0.541546495E-03-0.449866455E-03-0.356753457E-03-0.262445656E-03-0.167174356E-03
-0.711623733E-04 0.253773066E-04 0.122242582E-03 0.219243013E-03 0.316200345E-03
 0.412948796E-03 0.509335144E-03 0.605218638E-03 0.700470761E-03 0.794974875E-03
 0.888625767E-03 0.981329137E-03 0.107300102E-02 0.116356717E-02 0.125296249E-02
 0.134113032E-02 0.142802189E-02 0.151359571E-02 0.159781690E-02 0.168065675E-02
 0.176209208E-02 0.184210478E-02 0.192068135E-02 0.199781240E-02 0.207349229E-02
 0.214771875E-02 0.222049247E-02 0.229181684E-02 0.236169763E-02 0.243014270E-02
 0.249716179E-02 0.256276625E-02 0.262696891E-02 0.268978379E-02 0.275122605E-02
 0.281131175E-02 0.287005774E-02 0.292748159E-02 0.298360140E-02 0.303843575E-02
-0.476291174E-04-0.657837253E-04-0.865954571E-04-0.109927722E-03-0.135634807E-03
-0.163564555E-03-0.193560791E-03-0.225465465E-03-0.259120484E-03-0.294369254E-03
-0.331057952E-03-0.369036566E-03-0.408159739E-03-0.448287439E-03-0.489285488E-03
-0.531025980E-03-0.573387594E-03-0.616255830E-03-0.659523187E-03-0.703089287E-03
-0.746860971E-03-0.790752354E-03-0.834684852E-03-0.878587150E-03-0.922395113E-03
-0.966051599E-03-0.100950617E-02-0.105271466E-02-0.109563862E-02-0.113824462E-02
-0.118050339E-02-0.122238891E-02-0.126387736E-02-0.130494600E-02-0.134557202E-02
-0.138573141E-02-0.142539773E-02-0.146454094E-02-0.150312624E-02-0.154111294E-02
-0.157845330E-02-0.161509147E-02-0.165096240E-02-0.168599092E-02-0.172009079E-02
-0.175316390E-02-0.178509963E-02-0.181577439E-02-0.184505129E-02-0.187278016E-02
-0.189879775E-02-0.192292831E-02-0.194498438E-02-0.196476802E-02-0.198207221E-02
-0.199668268E-02-0.200837990E-02-0.201694143E-02-0.202214439E-02-0.202376821E-02
-0.202159752E-02-0.201542516E-02-0.200505531E-02-0.199030666E-02-0.197101560E-02
-0.194703932E-02-0.191825879E-02-0.188458153E-02-0.184594406E-02-0.180231399E-02
-0.175369166E-02-0.170011121E-02-0.164164116E-02-0.157838430E-02-0.151047698E-02
-0.143808772E-02-0.136141527E-02-0.128068596E-02-0.119615060E-02-0.110808088E-02
-0.101676545E-02-0.922505758E-03-0.825611807E-03-0.726397961E-03-0.625178917E-03
-0.522265970E-03-0.417963638E-03-0.312566737E-03-0.206357922E-03-0.996057130E-04
 0.743699128E-05 0.114533959E-03 0.221466250E-03 0.328032481E-03 0.434048771E-03
 0.539348433E-03 0.643781449E-03 0.747213792E-03 0.849526615E-03 0.950615377E-03
 0.105038890E-02 0.114876842E-02 0.124568662E-02 0.134108669E-02 0.143492144E-02
 0.152715237E-02 0.161774890E-02 0.170668754E-02 0.179395119E-02 0.187952845E-02
 0.196341303E-02 0.204560311E-02 0.212610088E-02 0.220491204E-02 0.228204534E-02
 0.235751225E-02 0.243132654E-02 0.250350402E-02 0.257406221E-02 0.264302011E-02
 0.271039799E-02 0.277621712E-02 0.284049969E-02 0.290326856E-02 0.296454717E-02
 0.302435940E-02 0.308272948E-02 0.313968186E-02 0.319524114E-02-0.557526014E-04
-0.768760238E-04-0.101011152E-03-0.127973322E-03-0.157569267E-03-0.189601080E-03
-0.223869537E-03-0.260176764E-03-0.298328294E-03-0.338134635E-03-0.379412437E-03
-0.421985370E-03-0.465684783E-03-0.510350197E-03-0.555829658E-03-0.601979975E-03
-0.648666858E-03-0.695764985E-03-0.743158030E-03-0.790738685E-03-0.838408717E-03
-0.886079059E-03-0.933669951E-03-0.981111086E-03-0.102834171E-02-0.107531062E-02
-0.112197596E-02-0.116830481E-02-0.121427249E-02-0.125986161E-02-0.130506088E-02
-0.134986377E-02-0.139426696E-02-0.143826884E-02-0.148186785E-02-0.152506097E-02
-0.156784213E-02-0.161020069E-02-0.165211998E-02-0.169357577E-02-0.173453486E-02
-0.177495357E-02-0.181477632E-02-0.185393413E-02-0.189234327E-02-0.192990388E-02
-0.196649886E-02-0.200199283E-02-0.203623141E-02-0.206904089E-02-0.210022819E-02
-0.212958139E-02-0.215687064E-02-0.218184960E-02-0.220425736E-02-0.222382077E-02
-0.224025711E-02-0.225327723E-02-0.226258880E-02-0.226790000E-02-0.226892335E-02
-0.226537977E-02-0.225700286E-02-0.224354337E-02-0.222477374E-02-0.220049263E-02
-0.217052943E-02-0.213474844E-02-0.209305277E-02-0.204538756E-02-0.199174267E-02
-0.193215456E-02-0.186670723E-02-0.179553236E-02-0.171880842E-02-0.163675875E-02
-0.154964873E-02-0.145778185E-02-0.136149495E-02-0.126115263E-02-0.115714117E-02
-0.104986194E-02-0.939724853E-03-0.827141923E-03-0.712521210E-03-0.596261395E-03
-0.478747080E-03-0.360344910E-03-0.241400559E-03-0.122236542E-03-0.315081068E-05
 0.115583955E-03 0.233720458E-03 0.351036397E-03 0.467333689E-03 0.582437393E-03
 0.696194417E-03 0.808472092E-03 0.919156663E-03 0.102815176E-02 0.113537686E-02
 0.124076583E-02 0.134426548E-02 0.144583424E-02 0.154544089E-02 0.164306340E-02
 0.173868785E-02 0.183230745E-02 0.192392167E-02 0.201353540E-02 0.210115823E-02
 0.218680381E-02 0.227048927E-02 0.235223468E-02 0.243206261E-02 0.250999771E-02
 0.258606635E-02 0.266029632E-02 0.273271654E-02 0.280335682E-02 0.287224764E-02
 0.293941999E-02 0.300490519E-02 0.306873477E-02 0.313094032E-02 0.319155345E-02
 0.325060562E-02 0.330812816E-02 0.336415214E-02-0.661553699E-04-0.909962068E-04
-0.119243476E-03-0.150641301E-03-0.184929437E-03-0.221848955E-03-0.261146287E-03
-0.302575829E-03-0.345901466E-03-0.390897382E-03-0.437348505E-03-0.485050807E-03
-0.533811567E-03-0.583449598E-03-0.633795385E-03-0.684691084E-03-0.735990354E-03
-0.787558040E-03-0.839269812E-03-0.891011867E-03-0.942680826E-03-0.994183920E-03
-0.104543949E-02-0.109637771E-02-0.114694142E-02-0.119708678E-02-0.124678359E-02
-0.129601498E-02-0.134477662E-02-0.139307519E-02-0.144092650E-02-0.148835321E-02
-0.153538245E-02-0.158204356E-02-0.162836577E-02-0.167437618E-02-0.172009787E-02
-0.176554808E-02-0.181073651E-02-0.185566363E-02-0.190031889E-02-0.194467894E-02
-0.198870560E-02-0.203234387E-02-0.207551970E-02-0.211813780E-02-0.216007956E-02
-0.220120099E-02-0.224133120E-02-0.228027114E-02-0.231779319E-02-0.235364132E-02
-0.238753221E-02-0.241915711E-02-0.244818449E-02-0.247426330E-02-0.249702675E-02
-0.251609641E-02-0.253108661E-02-0.254160907E-02-0.254727781E-02-0.254771436E-02
-0.254255342E-02-0.253144890E-02-0.251408046E-02-0.249016032E-02-0.245944015E-02
-0.242171784E-02-0.237684369E-02-0.232472575E-02-0.226533418E-02-0.219870429E-02
-0.212493842E-02-0.204420634E-02-0.195674449E-02-0.186285355E-02-0.176289453E-02
-0.165728305E-02-0.154648196E-02-0.143099248E-02-0.131134408E-02-0.118808385E-02
-0.106176560E-02-0.932939604E-03-0.802143203E-03-0.669892758E-03-0.536677145E-03
-0.402952854E-03-0.269140657E-03-0.135623714E-03-0.274691623E-05 0.129182736E-03
 0.259894960E-03 0.389154409E-03 0.516758496E-03 0.642534949E-03 0.766339251E-03
 0.888052050E-03 0.100757662E-02 0.112483642E-02 0.123977282E-02 0.135234292E-02
 0.146251761E-02 0.157027980E-02 0.167562276E-02 0.177854869E-02 0.187906741E-02
 0.197719521E-02 0.207295385E-02 0.216636964E-02 0.225747265E-02 0.234629606E-02
 0.243287552E-02 0.251724864E-02 0.259945458E-02 0.267953360E-02 0.275752681E-02
 0.283347580E-02 0.290742249E-02 0.297940885E-02 0.304947678E-02 0.311766796E-02
 0.318402369E-02 0.324858488E-02 0.331139189E-02 0.337248450E-02 0.343190188E-02
 0.348968251E-02 0.354586418E-02-0.799633807E-04-0.109567405E-03-0.142987912E-03
-0.179862117E-03-0.219837612E-03-0.262579376E-03-0.307772633E-03-0.355122692E-03
-0.404353194E-03-0.455204052E-03-0.507429966E-03-0.560799862E-03-0.615097153E-03
-0.670120387E-03-0.725683786E-03-0.781617274E-03-0.837765789E-03-0.893987948E-03
-0.950154364E-03-0.100614605E-02-0.106185348E-02-0.111717668E-02-0.117202666E-02
-0.122632805E-02-0.128002236E-02-0.133307106E-02-0.138545763E-02-0.143718794E-02
-0.148828876E-02-0.153880466E-02-0.158879396E-02-0.163832425E-02-0.168746815E-02
-0.173629959E-02-0.178489078E-02-0.183330975E-02-0.188161851E-02-0.192987139E-02
-0.197811363E-02-0.202637978E-02-0.207469208E-02-0.212305834E-02-0.217146956E-02
-0.221989706E-02-0.226828914E-02-0.231656742E-02-0.236462288E-02-0.241231193E-02
-0.245945271E-02-0.250582215E-02-0.255115405E-02-0.259513869E-02-0.263742407E-02
-0.267761889E-02-0.271529690E-02-0.275000231E-02-0.278125561E-02-0.280855942E-02
-0.283140413E-02-0.284927326E-02-0.286164879E-02-0.286801692E-02-0.286787457E-02
-0.286073715E-02-0.284614775E-02-0.282368774E-02-0.279298827E-02-0.275374199E-02
-0.270571394E-02-0.264875062E-02-0.258278670E-02-0.250784938E-02-0.242406083E-02
-0.233163929E-02-0.223089898E-02-0.212224844E-02-0.200618643E-02-0.188329449E-02
-0.175422567E-02-0.161968957E-02-0.148043460E-02-0.133722882E-02-0.119084085E-02
-0.104202224E-02-0.891492349E-03-0.739926453E-03-0.587947137E-03-0.436118971E-03
-0.284946053E-03-0.134871926E-03 0.137186628E-04 0.160496665E-03 0.305184771E-03
 0.447552937E-03 0.587413721E-03 0.724617622E-03 0.859048589E-03 0.990619800E-03
 0.111926976E-02 0.124495874E-02 0.136766565E-02 0.148738510E-02 0.160412501E-02
 0.171790434E-02 0.182875119E-02 0.193670117E-02 0.204179592E-02 0.214408195E-02
 0.224360951E-02 0.234043173E-02 0.243460386E-02 0.252618264E-02 0.261522572E-02
 0.270179125E-02 0.278593747E-02 0.286772243E-02 0.294720374E-02 0.302443834E-02
 0.309948234E-02 0.317239093E-02 0.324321825E-02 0.331201729E-02 0.337883993E-02
 0.344373678E-02 0.350675728E-02 0.356794961E-02 0.362736072E-02 0.368503635E-02
 0.374102102E-02-0.991933914E-04-0.135058159E-03-0.175076115E-03-0.218725768E-03
-0.265540861E-03-0.315113547E-03-0.367086685E-03-0.421140548E-03-0.476979240E-03
-0.534320825E-03-0.592892998E-03-0.652434069E-03-0.712697376E-03-0.773456609E-03
-0.834509751E-03-0.895680246E-03-0.956814991E-03-0.101777960E-02-0.107845190E-02
-0.113871516E-02-0.119845274E-02-0.125754623E-02-0.131587875E-02-0.137334374E-02
-0.142985758E-02-0.148537228E-02-0.153988403E-02-0.159343491E-02-0.164610768E-02
-0.169801588E-02-0.174929221E-02-0.180007794E-02-0.185051461E-02-0.190073854E-02
-0.195087769E-02-0.200105027E-02-0.205136433E-02-0.210191775E-02-0.215279821E-02
-0.220408288E-02-0.225583744E-02-0.230811437E-02-0.236095039E-02-0.241436276E-02
-0.246834445E-02-0.252285806E-02-0.257782858E-02-0.263313530E-02-0.268860329E-02
-0.274399558E-02-0.279900711E-02-0.285326192E-02-0.290631468E-02-0.295765678E-02
-0.300672625E-02-0.305291953E-02-0.309560305E-02-0.313412271E-02-0.316781050E-02
-0.319598857E-02-0.321797196E-02-0.323307119E-02-0.324059668E-02-0.323986616E-02
-0.323021659E-02-0.321102146E-02-0.318171283E-02-0.314180629E-02-0.309092452E-02
-0.302881487E-02-0.295535771E-02-0.287056655E-02-0.277458474E-02-0.266768455E-02
-0.255027151E-02-0.242289141E-02-0.228623438E-02-0.214113014E-02-0.198853109E-02
-0.182948411E-02-0.166509418E-02-0.149648510E-02-0.132476180E-02-0.115097821E-02
-0.976112536E-03-0.801050748E-03-0.626577631E-03-0.453374258E-03-0.282020359E-03
-0.113000118E-03 0.532898964E-04 0.216531720E-03 0.376476661E-03 0.532936180E-03
 0.685773328E-03 0.834894911E-03 0.980244492E-03 0.112179622E-02 0.125954945E-02
 0.139352415E-02 0.152375689E-02 0.165029755E-02 0.177320643E-02 0.189255190E-02
 0.200840840E-02 0.212085477E-02 0.222997292E-02 0.233584663E-02 0.243856070E-02
 0.253820013E-02 0.263484958E-02 0.272859282E-02 0.281951239E-02 0.290768930E-02
 0.299320279E-02 0.307613019E-02 0.315654676E-02 0.323452567E-02 0.331013792E-02
 0.338345233E-02 0.345453556E-02 0.352345214E-02 0.359026445E-02 0.365503286E-02
 0.371781569E-02 0.377866936E-02 0.383764837E-02 0.389480544E-02 0.395019153E-02
-0.127788464E-03-0.172098124E-03-0.220537546E-03-0.272370572E-03-0.327054198E-03
-0.384206485E-03-0.443547012E-03-0.504833619E-03-0.567813241E-03-0.632196585E-03
-0.697658701E-03-0.763859985E-03-0.830476300E-03-0.897225737E-03-0.963883911E-03
-0.103028601E-02-0.109631813E-02-0.116190129E-02-0.122697077E-02-0.129145220E-02
-0.135523701E-02-0.141816378E-02-0.148001689E-02-0.154055420E-02-0.159956291E-02
-0.165692120E-02-0.171263558E-02-0.176683866E-02-0.181975580E-02-0.187166056E-02
-0.192283602E-02-0.197354976E-02-0.202404232E-02-0.207452506E-02-0.212518328E-02
-0.217618119E-02-0.222766709E-02-0.227977782E-02-0.233264196E-02-0.238638200E-02
-0.244111515E-02-0.249695289E-02-0.255399903E-02-0.261234604E-02-0.267206915E-02
-0.273321772E-02-0.279580329E-02-0.285978374E-02-0.292504378E-02-0.299137295E-02
-0.305844450E-02-0.312580071E-02-0.319285122E-02-0.325888897E-02-0.332312167E-02
-0.338470956E-02-0.344279749E-02-0.349653291E-02-0.354506891E-02-0.358755708E-02
-0.362313584E-02-0.365091935E-02-0.366998914E-02-0.367939138E-02-0.367814343E-02
-0.366525690E-02-0.363978380E-02-0.360088703E-02-0.354792145E-02-0.348049458E-02
-0.339847193E-02-0.330192095E-02-0.319103705E-02-0.306611269E-02-0.292757378E-02
-0.277605517E-02-0.261246639E-02-0.243801303E-02-0.225416449E-02-0.206257948E-02
-0.186500991E-02-0.166320412E-02-0.145882480E-02-0.125338938E-02-0.104823447E-02
-0.844501171E-03-0.643136519E-03-0.444905564E-03-0.250409655E-03-0.601073523E-04
 0.125664382E-03 0.306670187E-03 0.482758276E-03 0.653844679E-03 0.819899787E-03
 0.980937034E-03 0.113700350E-02 0.128817221E-02 0.143453576E-02 0.157620129E-02
 0.171328628E-02 0.184591525E-02 0.197421712E-02 0.209832311E-02 0.221836507E-02
 0.233447416E-02 0.244677992E-02 0.255540940E-02 0.266048669E-02 0.276213244E-02
 0.286046360E-02 0.295559325E-02 0.304763043E-02 0.313668019E-02 0.322284352E-02
 0.330621745E-02 0.338689511E-02 0.346496585E-02 0.354051533E-02 0.361362569E-02
 0.368437567E-02 0.375284076E-02 0.381909333E-02 0.388320282E-02 0.394523585E-02
 0.400525635E-02 0.406332575E-02 0.411950307E-02 0.417384503E-02-0.174341095E-03
-0.230297354E-03-0.289003781E-03-0.349592433E-03-0.411845312E-03-0.475918303E-03
-0.542059383E-03-0.610403624E-03-0.680849238E-03-0.753013172E-03-0.826284054E-03
-0.899967390E-03-0.973452567E-03-0.104631427E-02-0.111832584E-02-0.118942168E-02
-0.125964874E-02-0.132912451E-02-0.139800052E-02-0.146641902E-02-0.153444147E-02
-0.160192423E-02-0.166836218E-02-0.173286808E-02-0.179450710E-02-0.185278917E-02
-0.190785012E-02-0.196027761E-02-0.201083126E-02-0.206022951E-02-0.210905364E-02
-0.215773941E-02-0.220660732E-02-0.225589934E-02-0.230580873E-02-0.235650162E-02
-0.240813119E-02-0.246084733E-02-0.251480265E-02-0.257015679E-02-0.262707902E-02
-0.268574974E-02-0.274636104E-02-0.280911549E-02-0.287422313E-02-0.294189473E-02
-0.301232952E-02-0.308569367E-02-0.316208459E-02-0.324147559E-02-0.332363857E-02
-0.340805699E-02-0.349386763E-02-0.357989120E-02-0.366477643E-02-0.374718976E-02
-0.382593921E-02-0.389998781E-02-0.396839548E-02-0.403024471E-02-0.408458351E-02
-0.413039130E-02-0.416655516E-02-0.419183594E-02-0.420481529E-02-0.420384946E-02
-0.418709039E-02-0.415265829E-02-0.409903238E-02-0.402558783E-02-0.393283911E-02
-0.382183381E-02-0.369315350E-02-0.354665337E-02-0.338199831E-02-0.319932107E-02
-0.299960726E-02-0.278475212E-02-0.255737402E-02-0.232050539E-02-0.207727029E-02
-0.183062187E-02-0.158317125E-02-0.133710548E-02-0.109417437E-02-0.855720907E-03
-0.622734031E-03-0.395908334E-03-0.175701754E-03 0.376132842E-04 0.243906844E-03
 0.443156499E-03 0.635419558E-03 0.820811342E-03 0.999488416E-03 0.117163573E-02
 0.133745686E-02 0.149716656E-02 0.165098528E-02 0.179913495E-02 0.194183593E-02
 0.207930479E-02 0.221175270E-02 0.233938429E-02 0.246239690E-02 0.258098015E-02
 0.269531565E-02 0.280557695E-02 0.291192955E-02 0.301453107E-02 0.311353141E-02
 0.320907304E-02 0.330129125E-02 0.339031447E-02 0.347626463E-02 0.355925741E-02
 0.363940264E-02 0.371680458E-02 0.379156228E-02 0.386376981E-02 0.393351666E-02
 0.400088795E-02 0.406596470E-02 0.412882416E-02 0.418953994E-02 0.424818236E-02
 0.430481856E-02 0.435951277E-02 0.441232647E-02-0.260893128E-03-0.333082399E-03
-0.400686616E-03-0.464863622E-03-0.528542933E-03-0.594241277E-03-0.663652442E-03
-0.737787031E-03-0.816911289E-03-0.900105327E-03-0.984961085E-03-0.106873295E-02
-0.114994467E-02-0.122835089E-02-0.130422032E-02-0.137798946E-02-0.145013014E-02
-0.152114042E-02-0.159157726E-02-0.166211745E-02-0.173368982E-02-0.180763840E-02
-0.188550695E-02-0.196290310E-02-0.202947112E-02-0.208505102E-02-0.213290203E-02
-0.217654798E-02-0.221895500E-02-0.226153455E-02-0.230492569E-02-0.234936896E-02
-0.239491137E-02-0.244168259E-02-0.248965464E-02-0.253899475E-02-0.258971692E-02
-0.264201542E-02-0.269599022E-02-0.275184969E-02-0.280979734E-02-0.287006798E-02
-0.293297011E-02-0.299880212E-02-0.306797645E-02-0.314090545E-02-0.321811753E-02
-0.330018400E-02-0.338776100E-02-0.348154002E-02-0.358210749E-02-0.368960451E-02
-0.380293209E-02-0.391901258E-02-0.403384286E-02-0.414459533E-02-0.425007783E-02
-0.434973870E-02-0.444323740E-02-0.452994876E-02-0.460901148E-02-0.467930336E-02
-0.473962394E-02-0.478897222E-02-0.482601246E-02-0.484876206E-02-0.485361105E-02
-0.483520328E-02-0.478605666E-02-0.469825569E-02-0.457753084E-02-0.444666857E-02
-0.430376014E-02-0.413993423E-02-0.394847961E-02-0.372660801E-02-0.347559840E-02
-0.319998329E-02-0.290619909E-02-0.260118474E-02-0.229131863E-02-0.198184486E-02
-0.167672116E-02-0.137872622E-02-0.108967694E-02-0.810660860E-03-0.542238910E-03
-0.284605288E-03-0.377063965E-04 0.198673799E-03 0.424853885E-03 0.641213641E-03
 0.848165804E-03 0.104613700E-02 0.123555503E-02 0.141684050E-02 0.159040146E-02
 0.175663013E-02 0.191590094E-02 0.206856965E-02 0.221497302E-02 0.235542894E-02
 0.249023694E-02 0.261967874E-02 0.274401905E-02 0.286350636E-02 0.297837381E-02
 0.308884006E-02 0.319511015E-02 0.329737630E-02 0.339581881E-02 0.349060676E-02
 0.358189883E-02 0.366984397E-02 0.375458210E-02 0.383624474E-02 0.391495562E-02
 0.399083122E-02 0.406398135E-02 0.413450959E-02 0.420251377E-02 0.426808639E-02
 0.433131502E-02 0.439228269E-02 0.445106818E-02 0.450774636E-02 0.456238848E-02
 0.461506244E-02 0.466583301E-02-0.473968729E-03-0.564925588E-03-0.590208223E-03
-0.625090326E-03-0.671372527E-03-0.726981158E-03-0.792111648E-03-0.868064598E-03
-0.957713590E-03-0.106837261E-02-0.117878298E-02-0.127303848E-02-0.135653954E-02
-0.143508444E-02-0.150886559E-02-0.158046804E-02-0.164948418E-02-0.171712972E-02
-0.178410029E-02-0.184998854E-02-0.191703283E-02-0.198398242E-02-0.205231989E-02
-0.211625297E-02-0.216751380E-02-0.219855147E-02-0.220386982E-02-0.221918889E-02
-0.224474602E-02-0.227570682E-02-0.231015047E-02-0.234713980E-02-0.238613853E-02
-0.242693471E-02-0.246933667E-02-0.251337929E-02-0.255903457E-02-0.260644495E-02
-0.265571181E-02-0.270704131E-02-0.276066137E-02-0.281684792E-02-0.287596247E-02
-0.293839467E-02-0.300466731E-02-0.307536849E-02-0.315126938E-02-0.323332483E-02
-0.332280961E-02-0.342150288E-02-0.353208848E-02-0.365921269E-02-0.381291428E-02
-0.399112871E-02-0.414212549E-02-0.427779444E-02-0.440346450E-02-0.452301041E-02
-0.463752944E-02-0.474709480E-02-0.485162015E-02-0.494750470E-02-0.502897639E-02
-0.509810152E-02-0.516186828E-02-0.522126907E-02-0.527442034E-02-0.531405088E-02
-0.532882936E-02-0.529513664E-02-0.520802913E-02-0.514090629E-02-0.505801042E-02
-0.492577541E-02-0.472384902E-02-0.444708819E-02-0.410480089E-02-0.371612548E-02
-0.330292849E-02-0.288378407E-02-0.247150977E-02-0.207362176E-02-0.169386164E-02
-0.133363250E-02-0.993010132E-03-0.671369972E-03-0.367750917E-03-0.810581701E-04
 0.189827471E-03 0.445993176E-03 0.688467013E-03 0.918206927E-03 0.113609830E-02
 0.134295588E-02 0.153952790E-02 0.172650090E-02 0.190450487E-02 0.207411811E-02
 0.223587187E-02 0.239025453E-02 0.253771542E-02 0.267866832E-02 0.281349453E-02
 0.294254575E-02 0.306614660E-02 0.318459693E-02 0.329817397E-02 0.340713419E-02
 0.351171509E-02 0.361213679E-02 0.370860345E-02 0.380130467E-02 0.389041668E-02
 0.397610347E-02 0.405851781E-02 0.413780221E-02 0.421408979E-02 0.428750506E-02
 0.435816463E-02 0.442617793E-02 0.449164775E-02 0.455467084E-02 0.461533840E-02
 0.467373654E-02 0.472994672E-02 0.478404611E-02 0.483610794E-02 0.488620182E-02
 0.493439406E-02-0.633150580E-03-0.741947159E-03-0.739794867E-03-0.759595947E-03
-0.792621398E-03-0.837063799E-03-0.892571758E-03-0.959226936E-03-0.103728379E-02
-0.112620782E-02-0.119465941E-02-0.126088740E-02-0.132645716E-02-0.139047453E-02
-0.145276943E-02-0.151343239E-02-0.157258700E-02-0.163034309E-02-0.168675828E-02
-0.174176867E-02-0.179514298E-02-0.184630569E-02-0.189426448E-02-0.193756541E-02
-0.197462495E-02-0.200461334E-02-0.202904792E-02-0.205183822E-02-0.207585188E-02
-0.210188571E-02-0.212989074E-02-0.215964846E-02-0.219096624E-02-0.222371781E-02
-0.225784316E-02-0.229334101E-02-0.233026155E-02-0.236870181E-02-0.240880328E-02
-0.245075187E-02-0.249477986E-02-0.254116977E-02-0.259026049E-02-0.264245568E-02
-0.269823540E-02-0.275817125E-02-0.282294628E-02-0.289337960E-02-0.297045321E-02
-0.305532639E-02-0.314928042E-02-0.325338694E-02-0.336731525E-02-0.348720438E-02
-0.360728462E-02-0.372487558E-02-0.384016499E-02-0.395438521E-02-0.406910193E-02
-0.418617742E-02-0.430810707E-02-0.443891738E-02-0.453664838E-02-0.459344154E-02
-0.466857223E-02-0.476305982E-02-0.487992427E-02-0.502420052E-02-0.520297647E-02
-0.542470321E-02-0.569293999E-02-0.598103673E-02-0.620083153E-02-0.624553128E-02
-0.605838972E-02-0.563463828E-02-0.502592951E-02-0.434120322E-02-0.367412733E-02
-0.306063344E-02-0.250496114E-02-0.200176529E-02-0.154408884E-02-0.112557186E-02
-0.740878238E-03-0.385631263E-03-0.562448482E-04 0.250240730E-03 0.536293670E-03
 0.803995343E-03 0.105512009E-02 0.129119583E-02 0.151355033E-02 0.172334673E-02
 0.192161113E-02 0.210925425E-02 0.228708862E-02 0.245584240E-02 0.261617061E-02
 0.276866440E-02 0.291385872E-02 0.305223887E-02 0.318424600E-02 0.331028186E-02
 0.343071294E-02 0.354587410E-02 0.365607168E-02 0.376158639E-02 0.386267575E-02
 0.395957636E-02 0.405250590E-02 0.414166493E-02 0.422723849E-02 0.430939761E-02
 0.438830059E-02 0.446409422E-02 0.453691485E-02 0.460688936E-02 0.467413606E-02
 0.473876548E-02 0.480088110E-02 0.486057996E-02 0.491795331E-02 0.497308709E-02
 0.502606245E-02 0.507695613E-02 0.512584088E-02 0.517278580E-02 0.521785665E-02
-0.654831635E-03-0.774678585E-03-0.812554698E-03-0.836468665E-03-0.867340862E-03
-0.906727858E-03-0.954742876E-03-0.101125292E-02-0.107590678E-02-0.114782477E-02
-0.119398271E-02-0.123823104E-02-0.128435365E-02-0.133143808E-02-0.137880919E-02
-0.142598812E-02-0.147262753E-02-0.151845209E-02-0.156321029E-02-0.160663653E-02
-0.164842394E-02-0.168821476E-02-0.172562201E-02-0.176029761E-02-0.179204943E-02
-0.182097291E-02-0.184751238E-02-0.187236874E-02-0.189628809E-02-0.191988125E-02
-0.194356683E-02-0.196760488E-02-0.199215525E-02-0.201732646E-02-0.204320829E-02
-0.206989162E-02-0.209748030E-02-0.212609843E-02-0.215589530E-02-0.218704920E-02
-0.221977079E-02-0.225430624E-02-0.229094040E-02-0.232999953E-02-0.237185314E-02
-0.241691371E-02-0.246563197E-02-0.251848364E-02-0.257594083E-02-0.263841817E-02
-0.270618421E-02-0.277924448E-02-0.285724917E-02-0.293953815E-02-0.302539751E-02
-0.311441193E-02-0.320670037E-02-0.330297595E-02-0.340452522E-02-0.351319836E-02
-0.363143048E-02-0.376223743E-02-0.385905723E-02-0.391333676E-02-0.399129875E-02
-0.409957649E-02-0.424763058E-02-0.444982856E-02-0.472922252E-02-0.512580732E-02
-0.571920182E-02-0.671307966E-02-0.778570787E-02-0.814655127E-02-0.800639529E-02
-0.728587113E-02-0.581249034E-02-0.448283050E-02-0.353269566E-02-0.277575057E-02
-0.213947568E-02-0.158770045E-02-0.109945406E-02-0.661329129E-03-0.264139011E-03
 0.987481505E-04 0.432320181E-03 0.740454569E-03 0.102624855E-02 0.129223230E-02
 0.154051173E-02 0.177286703E-02 0.199082256E-02 0.219569764E-02 0.238864421E-02
 0.257067542E-02 0.274268770E-02 0.290547815E-02 0.305975841E-02 0.320616603E-02
 0.334527377E-02 0.347759750E-02 0.360360275E-02 0.372371050E-02 0.383830202E-02
 0.394772318E-02 0.405228827E-02 0.415228323E-02 0.424796868E-02 0.433958250E-02
 0.442734217E-02 0.451144686E-02 0.459207933E-02 0.466940756E-02 0.474358630E-02
 0.481475838E-02 0.488305595E-02 0.494860155E-02 0.501150909E-02 0.507188473E-02
 0.512982762E-02 0.518543065E-02 0.523878105E-02 0.528996094E-02 0.533904785E-02
 0.538611513E-02 0.543123239E-02 0.547446578E-02 0.551587838E-02-0.695765617E-03
-0.821062787E-03-0.852478169E-03-0.877336089E-03-0.908248849E-03-0.945581196E-03
-0.989486870E-03-0.103996086E-02-0.109684774E-02-0.115953913E-02-0.119273443E-02
-0.122303793E-02-0.125525110E-02-0.128882536E-02-0.132325131E-02-0.135807916E-02
-0.139291742E-02-0.142742328E-02-0.146129071E-02-0.149424052E-02-0.152601575E-02
-0.155638470E-02-0.158515324E-02-0.161218496E-02-0.163742422E-02-0.166091286E-02
-0.168279048E-02-0.170327413E-02-0.172262273E-02-0.174109978E-02-0.175894625E-02
-0.177636850E-02-0.179353841E-02-0.181060065E-02-0.182768233E-02-0.184490242E-02
-0.186237983E-02-0.188023988E-02-0.189861942E-02-0.191767080E-02-0.193756486E-02
-0.195849314E-02-0.198066909E-02-0.200432820E-02-0.202972645E-02-0.205713665E-02
-0.208684167E-02-0.211912399E-02-0.215425116E-02-0.219245849E-02-0.223393296E-02
-0.227880636E-02-0.232716864E-02-0.237911006E-02-0.243479126E-02-0.249452695E-02
-0.255886404E-02-0.262864111E-02-0.270502827E-02-0.278955353E-02-0.288412434E-02
-0.299107263E-02-0.306108505E-02-0.308413272E-02-0.312761398E-02-0.319603613E-02
-0.329479382E-02-0.343004208E-02-0.360790472E-02-0.383166040E-02-0.409373946E-02
-0.435889619E-02-0.455211520E-02-0.458956878E-02-0.442365428E-02-0.405181432E-02
-0.351905071E-02-0.291022559E-02-0.230186048E-02-0.173101226E-02-0.120756604E-02
-0.730460694E-03-0.295375310E-03 0.102494730E-03 0.467574363E-03 0.803711809E-03
 0.111419643E-02 0.140183435E-02 0.166902952E-02 0.191785459E-02 0.215010882E-02
 0.236736426E-02 0.257100225E-02 0.276224254E-02 0.294216653E-02 0.311173618E-02
 0.327180954E-02 0.342315369E-02 0.356645562E-02 0.370233154E-02 0.383133489E-02
 0.395396333E-02 0.407066483E-02 0.418184303E-02 0.428786208E-02 0.438905079E-02
 0.448570647E-02 0.457809828E-02 0.466647025E-02 0.475104399E-02 0.483202108E-02
 0.490958527E-02 0.498390438E-02 0.505513207E-02 0.512340939E-02 0.518886610E-02
 0.525162200E-02 0.531178795E-02 0.536946690E-02 0.542475473E-02 0.547774104E-02
 0.552850984E-02 0.557714011E-02 0.562370641E-02 0.566827928E-02 0.571092568E-02
 0.575170939E-02 0.579069126E-02 0.582792955E-02-0.737126351E-03-0.866076197E-03
-0.873335981E-03-0.898102348E-03-0.929147438E-03-0.965393548E-03-0.100692715E-02
-0.105379799E-02-0.110597051E-02-0.116301198E-02-0.118746618E-02-0.120804238E-02
-0.123012129E-02-0.125336157E-02-0.127741638E-02-0.130195100E-02-0.132665027E-02
-0.135122218E-02-0.137539935E-02-0.139893995E-02-0.142162928E-02-0.144328268E-02
-0.146374996E-02-0.148292046E-02-0.150072745E-02-0.151714993E-02-0.153221045E-02
-0.154596859E-02-0.155851117E-02-0.156994123E-02-0.158036815E-02-0.158990044E-02
-0.159864175E-02-0.160668979E-02-0.161413733E-02-0.162107451E-02-0.162759166E-02
-0.163378223E-02-0.163974551E-02-0.164558902E-02-0.165143037E-02-0.165739862E-02
-0.166363509E-02-0.167029341E-02-0.167753882E-02-0.168554671E-02-0.169450045E-02
-0.170458880E-02-0.171600367E-02-0.172893938E-02-0.174359514E-02-0.176018278E-02
-0.177894130E-02-0.180015870E-02-0.182419974E-02-0.185153639E-02-0.188277682E-02
-0.191868907E-02-0.196021655E-02-0.200848358E-02-0.206479104E-02-0.213062604E-02
-0.215379842E-02-0.212223041E-02-0.210310933E-02-0.209761115E-02-0.210629083E-02
-0.212842748E-02-0.216107147E-02-0.219776878E-02-0.222730388E-02-0.223340904E-02
-0.219673711E-02-0.209941718E-02-0.193044023E-02-0.168926318E-02-0.138606703E-02
-0.103851756E-02-0.666442218E-03-0.287119719E-03 0.869227717E-04 0.447833044E-03
 0.791331026E-03 0.111551899E-02 0.141996301E-02 0.170507673E-02 0.197173538E-02
 0.222104245E-02 0.245419158E-02 0.267238612E-02 0.287679339E-02 0.306851967E-02
 0.324859773E-02 0.341798184E-02 0.357754728E-02 0.372809258E-02 0.387034331E-02
 0.400495664E-02 0.413252637E-02 0.425358807E-02 0.436862407E-02 0.447806834E-02
 0.458231107E-02 0.468170303E-02 0.477655949E-02 0.486716399E-02 0.495377164E-02
 0.503661224E-02 0.511589307E-02 0.519180140E-02 0.526450675E-02 0.533416297E-02
 0.540091007E-02 0.546487582E-02 0.552617721E-02 0.558492179E-02 0.564120877E-02
 0.569513005E-02 0.574677112E-02 0.579621183E-02 0.584352712E-02 0.588878754E-02
 0.593205988E-02 0.597340755E-02 0.601289099E-02 0.605056805E-02 0.608649421E-02
 0.612072291E-02 0.615330573E-02-0.704003094E-03-0.834400364E-03-0.879585392E-03
-0.907615016E-03-0.938629217E-03-0.973972730E-03-0.101380166E-02-0.105817327E-02
-0.110709524E-02-0.116031194E-02-0.117831014E-02-0.119166496E-02-0.120604828E-02
-0.122123295E-02-0.123698188E-02-0.125305498E-02-0.126921547E-02-0.128523504E-02
-0.130089772E-02-0.131600309E-02-0.133036900E-02-0.134383406E-02-0.135625979E-02
-0.136753242E-02-0.137756392E-02-0.138629190E-02-0.139367826E-02-0.139970654E-02
-0.140437823E-02-0.140770859E-02-0.140972255E-02-0.141045114E-02-0.140992877E-02
-0.140819162E-02-0.140527676E-02-0.140122223E-02-0.139606753E-02-0.138985449E-02
-0.138262837E-02-0.137443887E-02-0.136534124E-02-0.135539711E-02-0.134467536E-02
-0.133325267E-02-0.132121414E-02-0.130865384E-02-0.129567557E-02-0.128239420E-02
-0.126893780E-02-0.125545117E-02-0.124210119E-02-0.122908430E-02-0.121663624E-02
-0.120504368E-02-0.119465680E-02-0.118590138E-02-0.117928859E-02-0.117542036E-02
-0.117498791E-02-0.117876093E-02-0.118756486E-02-0.120225012E-02-0.116826600E-02
-0.107220489E-02-0.982048358E-03-0.897752101E-03-0.818640871E-03-0.743149164E-03
-0.668578787E-03-0.590944883E-03-0.505034140E-03-0.404806438E-03-0.284194903E-03
-0.138191540E-03 0.360764109E-04 0.238644813E-03 0.466644837E-03 0.714892042E-03
 0.976907130E-03 0.124601008E-02 0.151617614E-02 0.178251458E-02 0.204140212E-02
 0.229038894E-02 0.252799741E-02 0.275349716E-02 0.296670044E-02 0.316779432E-02
 0.335721138E-02 0.353553410E-02 0.370342608E-02 0.386158406E-02 0.401070523E-02
 0.415146566E-02 0.428450690E-02 0.441042819E-02 0.452978263E-02 0.464307618E-02
 0.475076841E-02 0.485327449E-02 0.495096787E-02 0.504418339E-02 0.513322055E-02
 0.521834681E-02 0.529980075E-02 0.537779518E-02 0.545251996E-02 0.552414466E-02
 0.559282096E-02 0.565868488E-02 0.572185872E-02 0.578245288E-02 0.584056742E-02
 0.589629343E-02 0.594971436E-02 0.600090700E-02 0.604994253E-02 0.609688728E-02
 0.614180347E-02 0.618474983E-02 0.622578215E-02 0.626495370E-02 0.630231560E-02
 0.633791721E-02 0.637180632E-02 0.640402941E-02 0.643463183E-02 0.646365794E-02
 0.649115122E-02-0.717183658E-03-0.847646954E-03-0.884324606E-03-0.911179708E-03
-0.941657582E-03-0.976031882E-03-0.101437423E-02-0.105672371E-02-0.110309378E-02
-0.115330363E-02-0.116632184E-02-0.117403070E-02-0.118231960E-02-0.119102763E-02
-0.119998560E-02-0.120901682E-02-0.121794136E-02-0.122658010E-02-0.123475812E-02
-0.124230770E-02-0.124907073E-02-0.125490073E-02-0.125966441E-02-0.126324274E-02
-0.126553147E-02-0.126644108E-02-0.126589614E-02-0.126383412E-02-0.126020376E-02
-0.125496317E-02-0.124807783E-02-0.123951878E-02-0.122926091E-02-0.121728171E-02
-0.120356031E-02-0.118807695E-02-0.117081271E-02-0.115174952E-02-0.113087043E-02
-0.110815995E-02-0.108360461E-02-0.105719352E-02-0.102891918E-02-0.998778336E-03
-0.966773113E-03-0.932912457E-03-0.897214028E-03-0.859706690E-03-0.820433782E-03
-0.779457310E-03-0.736863177E-03-0.692767446E-03-0.647323511E-03-0.600729825E-03
-0.553237650E-03-0.505157999E-03-0.456866765E-03-0.408806761E-03-0.361485196E-03
-0.315464838E-03-0.271345852E-03-0.229720416E-03-0.134253725E-03 0.289893819E-04
 0.190157670E-03 0.349068534E-03 0.505863215E-03 0.661053410E-03 0.815560675E-03
 0.970704473E-03 0.112811441E-02 0.128955536E-02 0.145667732E-02 0.163073090E-02
 0.181231201E-02 0.200120265E-02 0.219635298E-02 0.239600997E-02 0.259795564E-02
 0.279979195E-02 0.299920671E-02 0.319417449E-02 0.338307390E-02 0.356472698E-02
 0.373837997E-02 0.390364847E-02 0.406044671E-02 0.420891493E-02 0.434935315E-02
 0.448216540E-02 0.460781521E-02 0.472679191E-02 0.483958614E-02 0.494667296E-02
 0.504850085E-02 0.514548524E-02 0.523800533E-02 0.532640318E-02 0.541098450E-02
 0.549202042E-02 0.556974992E-02 0.564438257E-02 0.571610150E-02 0.578506620E-02
 0.585141540E-02 0.591526967E-02 0.597673381E-02 0.603589918E-02 0.609284560E-02
 0.614764321E-02 0.620035404E-02 0.625103343E-02 0.629973121E-02 0.634649279E-02
 0.639136008E-02 0.643437224E-02 0.647556634E-02 0.651497792E-02 0.655264144E-02
 0.658859065E-02 0.662285889E-02 0.665547930E-02 0.668648505E-02 0.671590940E-02
 0.674378588E-02 0.677014824E-02 0.679503058E-02 0.681846727E-02 0.684049301E-02
-0.750551156E-03-0.881790453E-03-0.886665150E-03-0.911390292E-03-0.941076790E-03
-0.974394866E-03-0.101132061E-02-0.105187077E-02-0.109604932E-02-0.114370997E-02
-0.115267051E-02-0.115577341E-02-0.115905680E-02-0.116240036E-02-0.116567460E-02
-0.116874157E-02-0.117145757E-02-0.117367594E-02-0.117524945E-02-0.117603258E-02
-0.117588327E-02-0.117466454E-02-0.117224559E-02-0.116850265E-02-0.116331939E-02
-0.115658704E-02-0.114820412E-02-0.113807585E-02-0.112611335E-02-0.111223262E-02
-0.109635344E-02-0.107839823E-02-0.105829097E-02-0.103595617E-02-0.101131807E-02
-0.984299903E-03-0.954823370E-03-0.922808278E-03-0.888172319E-03-0.850831013E-03
-0.810697816E-03-0.767684396E-03-0.721701117E-03-0.672657774E-03-0.620464638E-03
-0.565033896E-03-0.506281583E-03-0.444130099E-03-0.378511445E-03-0.309371256E-03
-0.236673726E-03-0.160407467E-03-0.805922773E-04 0.271323368E-05 0.894033578E-04
 0.179316567E-03 0.272226729E-03 0.367834724E-03 0.465761064E-03 0.565540344E-03
 0.666620050E-03 0.768393828E-03 0.928704086E-03 0.116159420E-02 0.139472678E-02
 0.162714359E-02 0.185792361E-02 0.208616806E-02 0.231102553E-02 0.253171409E-02
 0.274753398E-02 0.295786856E-02 0.316217454E-02 0.335996560E-02 0.355079664E-02
 0.373425556E-02 0.390996754E-02 0.407761198E-02 0.423694798E-02 0.438784123E-02
 0.453028472E-02 0.466440783E-02 0.479047211E-02 0.490885482E-02 0.502002415E-02
 0.512451034E-02 0.522287690E-02 0.531569466E-02 0.540352059E-02 0.548688177E-02
 0.556626453E-02 0.564210800E-02 0.571480126E-02 0.578468323E-02 0.585204456E-02
 0.591713072E-02 0.598014598E-02 0.604125762E-02 0.610060034E-02 0.615828057E-02
 0.621438044E-02 0.626896161E-02 0.632206864E-02 0.637373207E-02 0.642397114E-02
 0.647279617E-02 0.652021066E-02 0.656621307E-02 0.661079839E-02 0.665395940E-02
 0.669568780E-02 0.673597510E-02 0.677481340E-02 0.681219592E-02 0.684811753E-02
 0.688257510E-02 0.691556774E-02 0.694709699E-02 0.697716693E-02 0.700578422E-02
 0.703295811E-02 0.705870038E-02 0.708302525E-02 0.710594931E-02 0.712749132E-02
 0.714767215E-02 0.716651453E-02 0.718404296E-02 0.720028348E-02-0.707943618E-03
-0.838534048E-03-0.882786784E-03-0.909607076E-03-0.938560504E-03-0.970784302E-03
-0.100633858E-02-0.104522699E-02-0.108744032E-02-0.113286065E-02-0.113838493E-02
-0.113761277E-02-0.113667491E-02-0.113547445E-02-0.113390374E-02-0.113184681E-02
-0.112918113E-02-0.112577941E-02-0.112151115E-02-0.111624415E-02-0.110984579E-02
-0.110218400E-02-0.109312817E-02-0.108254968E-02-0.107032223E-02-0.105632195E-02
-0.104042725E-02-0.102251851E-02-0.100247749E-02-0.980186729E-03-0.955528732E-03
-0.928385131E-03-0.898635807E-03-0.866158003E-03-0.830825471E-03-0.792507657E-03
-0.751068946E-03-0.706367988E-03-0.658257105E-03-0.606581793E-03-0.551180350E-03
-0.491883642E-03-0.428515046E-03-0.360890616E-03-0.288819535E-03-0.212104927E-03
-0.130545111E-03-0.439354187E-04 0.479293002E-04 0.145251347E-03 0.248225842E-03
 0.357035199E-03 0.471842194E-03 0.592781366E-03 0.719948463E-03 0.853387587E-03
 0.993075677E-03 0.113890391E-02 0.129065562E-02 0.144798055E-02 0.161036561E-02
 0.177711234E-02 0.200761653E-02 0.231597703E-02 0.262702353E-02 0.293888795E-02
 0.324938076E-02 0.355598987E-02 0.385592861E-02 0.414622578E-02 0.442385950E-02
 0.468592946E-02 0.492985187E-02 0.515355239E-02 0.535562741E-02 0.553544593E-02
 0.569317394E-02 0.582971844E-02 0.594660334E-02 0.604580169E-02 0.612955261E-02
 0.620018923E-02 0.625999567E-02 0.631110191E-02 0.635541736E-02 0.639459784E-02
 0.643003858E-02 0.646288508E-02 0.649405480E-02 0.652426418E-02 0.655405727E-02
 0.658383332E-02 0.661387217E-02 0.664435660E-02 0.667539165E-02 0.670702092E-02
 0.673924016E-02 0.677200850E-02 0.680525770E-02 0.683889959E-02 0.687283217E-02
 0.690694451E-02 0.694112069E-02 0.697524294E-02 0.700919415E-02 0.704285981E-02
 0.707612955E-02 0.710889835E-02 0.714106733E-02 0.717254447E-02 0.720324498E-02
 0.723309159E-02 0.726201465E-02 0.728995214E-02 0.731684961E-02 0.734265999E-02
 0.736734335E-02 0.739086666E-02 0.741320345E-02 0.743433346E-02 0.745424229E-02
 0.747292103E-02 0.749036582E-02 0.750657751E-02 0.752156127E-02 0.753532616E-02
 0.754788481E-02 0.755925300E-02 0.756944938E-02-0.715203619E-03-0.845008111E-03
-0.881899164E-03-0.907132644E-03-0.935153857E-03-0.966285241E-03-0.100053285E-02
-0.103788397E-02-0.107831698E-02-0.112165097E-02-0.112430365E-02-0.112021472E-02
-0.111566413E-02-0.111056585E-02-0.110482313E-02-0.109833137E-02-0.109097936E-02
-0.108265025E-02-0.107322258E-02-0.106257113E-02-0.105056770E-02-0.103708181E-02
-0.102198109E-02-0.100513171E-02-0.986398491E-03-0.965644912E-03-0.942732952E-03
-0.917522765E-03-0.889872219E-03-0.859636301E-03-0.826666423E-03-0.790809624E-03
-0.751907701E-03-0.709796286E-03-0.664303871E-03-0.615250805E-03-0.562448275E-03
-0.505697265E-03-0.444787527E-03-0.379496556E-03-0.309588593E-03-0.234813674E-03
-0.154906750E-03-0.695869142E-04 0.214432098E-04 0.118497870E-03 0.221908284E-03
 0.332022326E-03 0.449203675E-03 0.573830230E-03 0.706291561E-03 0.846985079E-03
 0.996310525E-03 0.115466222E-02 0.132241838E-02 0.149992656E-02 0.168748409E-02
 0.188531196E-02 0.209352035E-02 0.231206369E-02 0.254068158E-02 0.277879781E-02
 0.308765565E-02 0.348168094E-02 0.388294342E-02 0.428877657E-02 0.469564063E-02
 0.509909309E-02 0.549379905E-02 0.587366033E-02 0.623210125E-02 0.656252250E-02
 0.685888976E-02 0.711637090E-02 0.733189595E-02 0.750451088E-02 0.763543843E-02
 0.772783506E-02 0.778631174E-02 0.781633833E-02 0.782365808E-02 0.781380730E-02
 0.779178544E-02 0.776187572E-02 0.772758844E-02 0.769168874E-02 0.765627344E-02
 0.762286951E-02 0.759253593E-02 0.756595854E-02 0.754353288E-02 0.752543353E-02
 0.751167039E-02 0.750213346E-02 0.749662782E-02 0.749490059E-02 0.749666153E-02
 0.750159857E-02 0.750938946E-02 0.751971041E-02 0.753224238E-02 0.754667567E-02
 0.756271316E-02 0.758007249E-02 0.759848757E-02 0.761770941E-02 0.763750660E-02
 0.765766537E-02 0.767798949E-02 0.769829990E-02 0.771843423E-02 0.773824624E-02
 0.775760514E-02 0.777639483E-02 0.779451320E-02 0.781187130E-02 0.782839254E-02
 0.784401188E-02 0.785867505E-02 0.787233773E-02 0.788496481E-02 0.789652959E-02
 0.790701307E-02 0.791640326E-02 0.792469449E-02 0.793188679E-02 0.793798525E-02
 0.794299949E-02 0.794694310E-02-0.751893221E-03-0.882342514E-03-0.881829296E-03
-0.904435928E-03-0.931511966E-03-0.961610456E-03-0.994650832E-03-0.103060507E-02
-0.106944129E-02-0.111090516E-02-0.111109879E-02-0.110415977E-02-0.109650696E-02
-0.108805682E-02-0.107871703E-02-0.106838820E-02-0.105696441E-02-0.104433381E-02
-0.103037912E-02-0.101497809E-02-0.998003906E-03-0.979325481E-03-0.958807686E-03
-0.936311430E-03-0.911693650E-03-0.884807163E-03-0.855500407E-03-0.823617040E-03
-0.788995437E-03-0.751468049E-03-0.710860659E-03-0.666991526E-03-0.619670427E-03
-0.568697590E-03-0.513862543E-03-0.454942853E-03-0.391702789E-03-0.323891869E-03
-0.251243331E-03-0.173472497E-03-0.902750409E-04-0.132516272E-05 0.937263280E-04
 0.195254014E-03 0.303659938E-03 0.419375714E-03 0.542864638E-03 0.674623744E-03
 0.815185711E-03 0.965120485E-03 0.112503644E-02 0.129558077E-02 0.147743874E-02
 0.167133120E-02 0.187800951E-02 0.209824682E-02 0.233282381E-02 0.258250691E-02
 0.284801538E-02 0.312997299E-02 0.342883657E-02 0.374476824E-02 0.414145720E-02
 0.463437568E-02 0.514387269E-02 0.566721962E-02 0.620009195E-02 0.673618709E-02
 0.726686164E-02 0.778097510E-02 0.826516245E-02 0.870475270E-02 0.908540375E-02
 0.939522372E-02 0.962683329E-02 0.977870783E-02 0.985533386E-02 0.986613663E-02
 0.982357924E-02 0.974107726E-02 0.963130002E-02 0.950513375E-02 0.937127828E-02
 0.923628705E-02 0.910484212E-02 0.898011003E-02 0.886408962E-02 0.875791195E-02
 0.866208143E-02 0.857666149E-02 0.850141356E-02 0.843589900E-02 0.837955290E-02
 0.833173674E-02 0.829177558E-02 0.825898406E-02 0.823268420E-02 0.821221746E-02
 0.819695257E-02 0.818629045E-02 0.817966708E-02 0.817655483E-02 0.817646285E-02
 0.817893669E-02 0.818355751E-02 0.818994088E-02 0.819773547E-02 0.820662152E-02
 0.821630927E-02 0.822653739E-02 0.823707129E-02 0.824770153E-02 0.825824224E-02
 0.826852952E-02 0.827841991E-02 0.828778893E-02 0.829652960E-02 0.830455107E-02
 0.831177732E-02 0.831814584E-02 0.832360643E-02 0.832812005E-02 0.833165775E-02
 0.833419962E-02 0.833573382E-02 0.833625571E-02 0.833576698E-02 0.833427490E-02
 0.833179156E-02-0.705913899E-03-0.835135818E-03-0.877033392E-03-0.901668827E-03
-0.928076022E-03-0.957257725E-03-0.989227517E-03-0.102395155E-02-0.106138945E-02
-0.110124350E-02-0.109931770E-02-0.108995018E-02-0.107965280E-02-0.106834059E-02
-0.105592242E-02-0.104230073E-02-0.102737177E-02-0.101102575E-02-0.993147051E-03
-0.973614368E-03-0.952300803E-03-0.929073914E-03-0.903795686E-03-0.876322432E-03
-0.846504609E-03-0.814186530E-03-0.779205989E-03-0.741393771E-03-0.700573054E-03
-0.656558699E-03-0.609156412E-03-0.558161798E-03-0.503359270E-03-0.444520835E-03
-0.381404740E-03-0.313753960E-03-0.241294536E-03-0.163733732E-03-0.807580044E-04
 0.796923037E-05 0.102810068E-03 0.204154835E-03 0.312425097E-03 0.428076975E-03
 0.551604822E-03 0.683545276E-03 0.824481755E-03 0.975049408E-03 0.113594058E-02
 0.130791082E-02 0.149178540E-02 0.168846638E-02 0.189894014E-02 0.212428510E-02
 0.236567949E-02 0.262440839E-02 0.290186923E-02 0.319957405E-02 0.351914586E-02
 0.386230483E-02 0.423083667E-02 0.462652770E-02 0.511652800E-02 0.571891645E-02
 0.635467392E-02 0.702362056E-02 0.772367691E-02 0.844964678E-02 0.919147654E-02
 0.993210112E-02 0.106455487E-01 0.112969403E-01 0.118465267E-01 0.122581855E-01
 0.125092309E-01 0.125969436E-01 0.125390804E-01 0.123680971E-01 0.121215516E-01
 0.118334144E-01 0.115296707E-01 0.112279498E-01 0.109391280E-01 0.106692923E-01
 0.104213764E-01 0.101963355E-01 0.999393072E-02 0.981323307E-02 0.965293968E-02
 0.951156921E-02 0.938758064E-02 0.927944421E-02 0.918568241E-02 0.910489244E-02
 0.903575726E-02 0.897704972E-02 0.892763248E-02 0.888645556E-02 0.885255255E-02
 0.882503618E-02 0.880309362E-02 0.878598177E-02 0.877302277E-02 0.876359960E-02
 0.875715198E-02 0.875317247E-02 0.875120287E-02 0.875083072E-02 0.875168612E-02
 0.875343867E-02 0.875579456E-02 0.875849387E-02 0.876130797E-02 0.876403703E-02
 0.876650777E-02 0.876857115E-02 0.877010037E-02 0.877098881E-02 0.877114822E-02
 0.877050694E-02 0.876900821E-02 0.876660869E-02 0.876327697E-02 0.875899222E-02
 0.875374297E-02 0.874752596E-02 0.874034504E-02 0.873221025E-02 0.872313690E-02
-0.710834221E-03-0.839424264E-03-0.876021557E-03-0.899477759E-03-0.925199490E-03
-0.953607052E-03-0.984677768E-03-0.101836721E-02-0.105462651E-02-0.109310827E-02
-0.108942580E-02-0.107802996E-02-0.106551697E-02-0.105180042E-02-0.103678915E-02
-0.102038625E-02-0.100248897E-02-0.982988599E-03-0.961770455E-03-0.938713726E-03
-0.913691362E-03-0.886569911E-03-0.857209314E-03-0.825462659E-03-0.791175859E-03
-0.754187271E-03-0.714327229E-03-0.671417481E-03-0.625270527E-03-0.575688846E-03
-0.522463997E-03-0.465375588E-03-0.404190104E-03-0.338659572E-03-0.268520056E-03
-0.193489963E-03-0.113268138E-03-0.275317209E-04 0.640662592E-04 0.161899589E-03
 0.266371918E-03 0.377920203E-03 0.497018596E-03 0.624182865E-03 0.759975433E-03
 0.905011124E-03 0.105996378E-02 0.122557387E-02 0.140265732E-02 0.159211578E-02
 0.179494866E-02 0.201226723E-02 0.224531133E-02 0.249546927E-02 0.276430152E-02
 0.305356916E-02 0.336526829E-02 0.370167151E-02 0.406537819E-02 0.445937519E-02
 0.488711038E-02 0.535259174E-02 0.592721289E-02 0.663335817E-02 0.739586289E-02
 0.822183615E-02 0.911895323E-02 0.100945735E-01 0.111534030E-01 0.122916536E-01
 0.134832900E-01 0.146532308E-01 0.156584503E-01 0.163430775E-01 0.166180495E-01
 0.164765947E-01 0.159986435E-01 0.153375423E-01 0.146350523E-01 0.139662935E-01
 0.133588761E-01 0.128185871E-01 0.123425673E-01 0.119250011E-01 0.115594575E-01
 0.112398001E-01 0.109604933E-01 0.107166584E-01 0.105040341E-01 0.103189049E-01
 0.101580255E-01 0.100185511E-01 0.989797763E-02 0.979409104E-02 0.970492561E-02
 0.962872936E-02 0.956393572E-02 0.950914007E-02 0.946308038E-02 0.942462103E-02
 0.939273925E-02 0.936651366E-02 0.934511447E-02 0.932779506E-02 0.931388456E-02
 0.930278141E-02 0.929394752E-02 0.928690313E-02 0.928122196E-02 0.927652694E-02
 0.927248615E-02 0.926880907E-02 0.926524308E-02 0.926157019E-02 0.925760398E-02
 0.925318664E-02 0.924818633E-02 0.924249461E-02 0.923602403E-02 0.922870596E-02
 0.922048845E-02 0.921133437E-02 0.920121962E-02 0.919013146E-02 0.917806705E-02
 0.916503206E-02 0.915103945E-02 0.913610828E-02 0.912026278E-02-0.753202317E-03
-0.883060562E-03-0.877066149E-03-0.898020461E-03-0.923165664E-03-0.950983547E-03
-0.981360891E-03-0.101424033E-02-0.104956394E-02-0.108694282E-02-0.108184683E-02
-0.106880917E-02-0.105449084E-02-0.103880541E-02-0.102166213E-02-0.100296515E-02
-0.982613223E-03-0.960499335E-03-0.936510393E-03-0.910526897E-03-0.882422638E-03
-0.852064386E-03-0.819311579E-03-0.784015979E-03-0.746021303E-03-0.705162793E-03
-0.661266723E-03-0.614149820E-03-0.563618600E-03-0.509468582E-03-0.451483385E-03
-0.389433696E-03-0.323076068E-03-0.252151569E-03-0.176384227E-03-0.954792707E-04
-0.912113778E-05 0.830287937E-04 0.181334771E-03 0.286189587E-03 0.398017894E-03
 0.517279996E-03 0.644476177E-03 0.780151680E-03 0.924902441E-03 0.107938174E-02
 0.124430793E-02 0.142047355E-02 0.160875598E-02 0.181013016E-02 0.202568380E-02
 0.225663574E-02 0.250435828E-02 0.277040464E-02 0.305654315E-02 0.336480016E-02
 0.369751473E-02 0.405740922E-02 0.444768171E-02 0.487212932E-02 0.533531609E-02
 0.584281776E-02 0.646919360E-02 0.724039218E-02 0.808519521E-02 0.901860286E-02
 0.100610559E-01 0.112414366E-01 0.126024615E-01 0.142110208E-01 0.161802709E-01
 0.187284189E-01 0.212732040E-01 0.226298680E-01 0.229522999E-01 0.221731130E-01
 0.201228707E-01 0.181338186E-01 0.166788326E-01 0.155554100E-01 0.146579533E-01
 0.139239310E-01 0.133134121E-01 0.127994180E-01 0.123628710E-01 0.119897628E-01
 0.116694764E-01 0.113937457E-01 0.111559839E-01 0.109508364E-01 0.107738741E-01
 0.106213774E-01 0.104901816E-01 0.103775636E-01 0.102811583E-01 0.101988942E-01
 0.101289459E-01 0.100696958E-01 0.100197048E-01 0.997768930E-02 0.994250176E-02
 0.991311574E-02 0.988861305E-02 0.986817307E-02 0.985106362E-02 0.983663302E-02
 0.982430308E-02 0.981356286E-02 0.980396293E-02 0.979511020E-02 0.978666305E-02
 0.977832686E-02 0.976984976E-02 0.976101868E-02 0.975165569E-02 0.974161441E-02
 0.973077683E-02 0.971905022E-02 0.970636428E-02 0.969266848E-02 0.967792966E-02
 0.966212974E-02 0.964526367E-02 0.962733756E-02 0.960836695E-02 0.958837531E-02
 0.956739262E-02 0.954545415E-02 0.952259938E-02-0.705263004E-03-0.833705937E-03
-0.873903742E-03-0.897269720E-03-0.922248016E-03-0.949710788E-03-0.979635334E-03
-0.101195786E-02-0.104661084E-02-0.108317844E-02-0.107699974E-02-0.106269141E-02
-0.104695791E-02-0.102971485E-02-0.101087399E-02-0.990342784E-03-0.968023630E-03
-0.943813215E-03-0.917601909E-03-0.889273266E-03-0.858703592E-03-0.825761586E-03
-0.790308008E-03-0.752195356E-03-0.711267533E-03-0.667359471E-03-0.620296695E-03
-0.569894820E-03-0.515958942E-03-0.458282941E-03-0.396648650E-03-0.330824892E-03
-0.260566379E-03-0.185612427E-03-0.105685500E-03-0.204895401E-04 0.702919316E-04
 0.166997981E-03 0.269992720E-03 0.379668113E-03 0.496447168E-03 0.620787590E-03
 0.753185960E-03 0.894182532E-03 0.104436677E-02 0.120438374E-02 0.137494160E-02
 0.155682024E-02 0.175088160E-02 0.195808177E-02 0.217948544E-02 0.241628331E-02
 0.266981316E-02 0.294158560E-02 0.323331592E-02 0.354696383E-02 0.388478363E-02
 0.424938840E-02 0.464383301E-02 0.507172333E-02 0.553736211E-02 0.604594987E-02
 0.667190886E-02 0.744051472E-02 0.827885578E-02 0.920000909E-02 0.102211400E-01
 0.113652553E-01 0.126637773E-01 0.141600519E-01 0.159130612E-01 0.179971584E-01
 0.199869138E-01 0.211356576E-01 0.214489173E-01 0.208918231E-01 0.194379620E-01
 0.179127991E-01 0.166859662E-01 0.156901515E-01 0.148715485E-01 0.141904199E-01
 0.136178773E-01 0.131327304E-01 0.127191440E-01 0.123650287E-01 0.120609551E-01
 0.117994176E-01 0.115743295E-01 0.113806701E-01 0.112142341E-01 0.110714517E-01
 0.109492559E-01 0.108449846E-01 0.107563074E-01 0.106811694E-01 0.106177485E-01
 0.105644220E-01 0.105197409E-01 0.104824086E-01 0.104512645E-01 0.104252704E-01
 0.104034986E-01 0.103851226E-01 0.103694083E-01 0.103557067E-01 0.103434468E-01
 0.103321296E-01 0.103213218E-01 0.103106510E-01 0.102997997E-01 0.102885008E-01
 0.102765328E-01 0.102637152E-01 0.102499045E-01 0.102349897E-01 0.102188892E-01
 0.102015467E-01 0.101829282E-01 0.101630191E-01 0.101418210E-01 0.101193498E-01
 0.100956328E-01 0.100707071E-01 0.100446174E-01 0.100174147E-01 0.998915455E-02
 0.995989605E-02 0.992970059E-02-0.709086818E-03-0.837462522E-03-0.874830169E-03
-0.897851806E-03-0.922794664E-03-0.950168894E-03-0.979919636E-03-0.101196776E-02
-0.104623359E-02-0.108228967E-02-0.107534227E-02-0.106010675E-02-0.104331342E-02
-0.102488428E-02-0.100473870E-02-0.982792195E-03-0.958955022E-03-0.933130982E-03
-0.905216606E-03-0.875100589E-03-0.842663429E-03-0.807777212E-03-0.770305448E-03
-0.730102941E-03-0.687015631E-03-0.640880394E-03-0.591524766E-03-0.538766594E-03
-0.482413583E-03-0.422262745E-03-0.358099724E-03-0.289698007E-03-0.216817985E-03
-0.139205878E-03-0.565924831E-04 0.313082433E-04 0.124800816E-03 0.224210067E-03
 0.329883242E-03 0.442192375E-03 0.561536989E-03 0.688347146E-03 0.823086916E-03
 0.966258311E-03 0.111840577E-02 0.128012125E-02 0.145205007E-02 0.163489757E-02
 0.182943677E-02 0.203651718E-02 0.225707495E-02 0.249214462E-02 0.274287270E-02
 0.301053353E-02 0.329654753E-02 0.360250250E-02 0.393017816E-02 0.428157410E-02
 0.465894127E-02 0.506481597E-02 0.550205471E-02 0.597387161E-02 0.655172901E-02
 0.725682906E-02 0.801054367E-02 0.881705252E-02 0.967982745E-02 0.106002439E-01
 0.115748059E-01 0.125898593E-01 0.136126844E-01 0.145811235E-01 0.154045264E-01
 0.159909324E-01 0.162831059E-01 0.162764418E-01 0.160207445E-01 0.156039120E-01
 0.151149249E-01 0.146158612E-01 0.141404471E-01 0.137038025E-01 0.133109147E-01
 0.129617313E-01 0.126538809E-01 0.123840553E-01 0.121486897E-01 0.119442832E-01
 0.117675387E-01 0.116154127E-01 0.114851219E-01 0.113741316E-01 0.112801357E-01
 0.112010359E-01 0.111349219E-01 0.110800538E-01 0.110348470E-01 0.109978592E-01
 0.109677804E-01 0.109434227E-01 0.109237132E-01 0.109076867E-01 0.108944793E-01
 0.108833226E-01 0.108735378E-01 0.108645306E-01 0.108557850E-01 0.108468583E-01
 0.108373756E-01 0.108270243E-01 0.108155485E-01 0.108027441E-01 0.107884530E-01
 0.107725590E-01 0.107549823E-01 0.107356749E-01 0.107146171E-01 0.106918127E-01
 0.106672857E-01 0.106410770E-01 0.106132412E-01 0.105838441E-01 0.105529600E-01
 0.105206695E-01 0.104870582E-01 0.104522142E-01 0.104162276E-01 0.103791886E-01
 0.103411869E-01-0.758958194E-03-0.889714492E-03-0.878980127E-03-0.900086622E-03
-0.925249704E-03-0.952871272E-03-0.982781929E-03-0.101487402E-02-0.104904859E-02
-0.108488085E-02-0.107743464E-02-0.106155269E-02-0.104398117E-02-0.102466041E-02
-0.100352879E-02-0.980519016E-03-0.955555616E-03-0.928553505E-03-0.899417480E-03
-0.868042221E-03-0.834312551E-03-0.798103798E-03-0.759282137E-03-0.717704856E-03
-0.673220541E-03-0.625669140E-03-0.574881925E-03-0.520681353E-03-0.462880807E-03
-0.401284243E-03-0.335685725E-03-0.265868849E-03-0.191606057E-03-0.112657834E-03
-0.287717710E-04 0.603185019E-04 0.154894528E-03 0.255254396E-03 0.361714285E-03
 0.474610190E-03 0.594299855E-03 0.721164926E-03 0.855613331E-03 0.998081928E-03
 0.114903941E-02 0.130898950E-02 0.147847441E-02 0.165807864E-02 0.184843297E-02
 0.205021868E-02 0.226417197E-02 0.249108827E-02 0.273182637E-02 0.298731191E-02
 0.325853968E-02 0.354657387E-02 0.385254488E-02 0.417764067E-02 0.452308936E-02
 0.489012846E-02 0.527995369E-02 0.569364476E-02 0.619934732E-02 0.681454007E-02
 0.745666236E-02 0.812408688E-02 0.881326243E-02 0.951777045E-02 0.102271773E-01
 0.109258864E-01 0.115925390E-01 0.122008723E-01 0.127228714E-01 0.131340458E-01
 0.134191478E-01 0.135759937E-01 0.136157944E-01 0.135598612E-01 0.134341106E-01
 0.132637264E-01 0.130697806E-01 0.128681040E-01 0.126696468E-01 0.124814522E-01
 0.123076921E-01 0.121505352E-01 0.120107994E-01 0.118884146E-01 0.117827410E-01
 0.116927834E-01 0.116173354E-01 0.115550758E-01 0.115046333E-01 0.114646306E-01
 0.114337142E-01 0.114105757E-01 0.113939669E-01 0.113827099E-01 0.113757051E-01
 0.113719362E-01 0.113704736E-01 0.113704761E-01 0.113711911E-01 0.113719539E-01
 0.113721854E-01 0.113713890E-01 0.113691468E-01 0.113651149E-01 0.113590184E-01
 0.113506453E-01 0.113398412E-01 0.113265035E-01 0.113105749E-01 0.112920380E-01
 0.112709098E-01 0.112472367E-01 0.112210888E-01 0.111925563E-01 0.111617452E-01
 0.111287731E-01 0.110937667E-01 0.110568584E-01 0.110181844E-01 0.109778819E-01
 0.109360880E-01 0.108929377E-01 0.108485632E-01 0.108030924E-01 0.107566488E-01
-0.709709407E-03-0.839249975E-03-0.879778794E-03-0.904203444E-03-0.930250569E-03
-0.958592779E-03-0.989103850E-03-0.102162462E-02-0.105601077E-02-0.109184480E-02
-0.108404582E-02-0.106763606E-02-0.104939657E-02-0.102932098E-02-0.100739074E-02
-0.983568562E-03-0.957797445E-03-0.930002401E-03-0.900092863E-03-0.867964997E-03
-0.833503595E-03-0.796583510E-03-0.757070704E-03-0.714822979E-03-0.669690464E-03
-0.621515909E-03-0.570134833E-03-0.515375545E-03-0.457059058E-03-0.394998919E-03
-0.329000948E-03-0.258862899E-03-0.184374048E-03-0.105314694E-03-0.214555918E-04
 0.674426994E-04 0.161630551E-03 0.261370080E-03 0.366936047E-03 0.478616844E-03
 0.596715555E-03 0.721551095E-03 0.853459417E-03 0.992794753E-03 0.113993088E-02
 0.129526237E-02 0.145920571E-02 0.163220028E-02 0.181470902E-02 0.200721859E-02
 0.221023878E-02 0.242430086E-02 0.264995434E-02 0.288776157E-02 0.313828916E-02
 0.340209519E-02 0.367971050E-02 0.397161194E-02 0.427818478E-02 0.459967064E-02
 0.493609610E-02 0.528717561E-02 0.571874483E-02 0.624640883E-02 0.678681493E-02
 0.733682564E-02 0.789198293E-02 0.844625794E-02 0.899188565E-02 0.951939363E-02
 0.100179527E-01 0.104761485E-01 0.108831674E-01 0.112302206E-01 0.115118719E-01
 0.117268893E-01 0.118783566E-01 0.119730163E-01 0.120200675E-01 0.120297809E-01
 0.120122788E-01 0.119766812E-01 0.119306553E-01 0.118802899E-01 0.118301790E-01
 0.117836125E-01 0.117427994E-01 0.117090860E-01 0.116831461E-01 0.116651411E-01
 0.116548486E-01 0.116517654E-01 0.116551888E-01 0.116642813E-01 0.116781220E-01
 0.116957477E-01 0.117161865E-01 0.117384842E-01 0.117617263E-01 0.117850542E-01
 0.118076783E-01 0.118288876E-01 0.118480550E-01 0.118646410E-01 0.118781941E-01
 0.118883489E-01 0.118948232E-01 0.118974127E-01 0.118959852E-01 0.118904739E-01
 0.118808702E-01 0.118672161E-01 0.118495971E-01 0.118281351E-01 0.118029814E-01
 0.117743110E-01 0.117423160E-01 0.117072016E-01 0.116691807E-01 0.116284703E-01
 0.115852885E-01 0.115398513E-01 0.114923704E-01 0.114430514E-01 0.113920925E-01
 0.113396833E-01 0.112860039E-01 0.112312247E-01 0.111755059E-01-0.713979048E-03
-0.844632928E-03-0.885506789E-03-0.911227165E-03-0.938752416E-03-0.968564323E-03
-0.100041775E-02-0.103399162E-02-0.106895019E-02-0.110478859E-02-0.109633904E-02
-0.107901245E-02-0.105978870E-02-0.103879757E-02-0.101607640E-02-0.991599720E-03
-0.965302849E-03-0.937096408E-03-0.906874693E-03-0.874520433E-03-0.839907543E-03
-0.802902732E-03-0.763366476E-03-0.721153611E-03-0.676113692E-03-0.628091204E-03
-0.576925679E-03-0.522451734E-03-0.464499066E-03-0.402892398E-03-0.337451384E-03
-0.267990495E-03-0.194318860E-03-0.116240090E-03-0.335520718E-04 0.539532549E-04
 0.146490143E-03 0.244279295E-03 0.347548119E-03 0.456530990E-03 0.571469480E-03
 0.692612558E-03 0.820216715E-03 0.954546002E-03 0.109587190E-02 0.124447301E-02
 0.140063439E-02 0.156464653E-02 0.173680375E-02 0.191740185E-02 0.210673464E-02
 0.230508927E-02 0.251273962E-02 0.272993735E-02 0.295689994E-02 0.319379469E-02
 0.344071787E-02 0.369766753E-02 0.396450892E-02 0.424093085E-02 0.452639105E-02
 0.482003645E-02 0.518631903E-02 0.564028198E-02 0.609956646E-02 0.656139910E-02
 0.702230628E-02 0.747811790E-02 0.792402084E-02 0.835470525E-02 0.876462229E-02
 0.914835118E-02 0.950104419E-02 0.981888767E-02 0.100994959E-01 0.103421562E-01
 0.105478726E-01 0.107191977E-01 0.108598971E-01 0.109745168E-01 0.110679388E-01
 0.111449903E-01 0.112101470E-01 0.112673403E-01 0.113198592E-01 0.113703247E-01
 0.114207151E-01 0.114724212E-01 0.115263166E-01 0.115828331E-01 0.116420356E-01
 0.117036913E-01 0.117673352E-01 0.118323278E-01 0.118979079E-01 0.119632390E-01
 0.120274509E-01 0.120896750E-01 0.121490744E-01 0.122048693E-01 0.122563554E-01
 0.123029192E-01 0.123440464E-01 0.123793269E-01 0.124084555E-01 0.124312292E-01
 0.124475413E-01 0.124573744E-01 0.124607907E-01 0.124579221E-01 0.124489602E-01
 0.124341451E-01 0.124137564E-01 0.123881026E-01 0.123575138E-01 0.123223330E-01
 0.122829097E-01 0.122395946E-01 0.121927341E-01 0.121426669E-01 0.120897207E-01
 0.120342096E-01 0.119764328E-01 0.119166730E-01 0.118551961E-01 0.117922502E-01
 0.117280663E-01 0.116628579E-01 0.115968220E-01-0.778524572E-03-0.909996595E-03
-0.896209745E-03-0.921812119E-03-0.951795645E-03-0.984407736E-03-0.101925454E-02
-0.105586365E-02-0.109338318E-02-0.112819703E-02-0.111536458E-02-0.109508333E-02
-0.107394433E-02-0.105175998E-02-0.102834634E-02-0.100353185E-02-0.977156675E-03
-0.949068581E-03-0.919119457E-03-0.887162992E-03-0.853053149E-03-0.816643182E-03
-0.777784991E-03-0.736328712E-03-0.692122450E-03-0.645012124E-03-0.594841373E-03
-0.541451518E-03-0.484681570E-03-0.424368251E-03-0.360346054E-03-0.292447318E-03
-0.220502330E-03-0.144339437E-03-0.637852000E-04 0.213354330E-04 0.111198914E-03
 0.205982835E-03 0.305865614E-03 0.411026107E-03 0.521643130E-03 0.637894876E-03
 0.759958192E-03 0.888007677E-03 0.102221458E-02 0.116274541E-02 0.130976027E-02
 0.146341069E-02 0.162383702E-02 0.179116515E-02 0.196550242E-02 0.214693252E-02
 0.233550910E-02 0.253124779E-02 0.273411631E-02 0.294402207E-02 0.316079700E-02
 0.338417899E-02 0.361378952E-02 0.384910746E-02 0.408943816E-02 0.433386322E-02
 0.464591531E-02 0.504063604E-02 0.543734050E-02 0.583404489E-02 0.622843142E-02
 0.661790369E-02 0.699965200E-02 0.737075477E-02 0.772831600E-02 0.806963115E-02
 0.839236614E-02 0.869472769E-02 0.897560117E-02 0.923463381E-02 0.947224984E-02
 0.968959454E-02 0.988841701E-02 0.100709099E-01 0.102395292E-01 0.103968170E-01
 0.105452434E-01 0.106870795E-01 0.108243056E-01 0.109585521E-01 0.110910709E-01
 0.112227303E-01 0.113540280E-01 0.114851180E-01 0.116158464E-01 0.117457945E-01
 0.118743251E-01 0.120006329E-01 0.121237949E-01 0.122428207E-01 0.123567000E-01
 0.124644476E-01 0.125651411E-01 0.126579539E-01 0.127421791E-01 0.128172471E-01
 0.128827343E-01 0.129383657E-01 0.129840114E-01 0.130196773E-01 0.130454935E-01
 0.130616989E-01 0.130686248E-01 0.130666785E-01 0.130563263E-01 0.130380783E-01
 0.130124735E-01 0.129800675E-01 0.129414213E-01 0.128970917E-01 0.128476242E-01
 0.127935464E-01 0.127353638E-01 0.126735563E-01 0.126085757E-01 0.125408449E-01
 0.124707568E-01 0.123986747E-01 0.123249325E-01 0.122498360E-01 0.121736637E-01
 0.120966682E-01 0.120190779E-01-0.724181139E-03-0.858879918E-03-0.904508191E-03
-0.935722603E-03-0.969527644E-03-0.100647748E-02-0.104644486E-02-0.108936337E-02
-0.113656282E-02-0.114998263E-02-0.112982078E-02-0.110847734E-02-0.108697456E-02
-0.106488451E-02-0.104187742E-02-0.101769789E-02-0.992133809E-03-0.964998324E-03
-0.936119575E-03-0.905334717E-03-0.872486310E-03-0.837420087E-03-0.799983557E-03
-0.760025135E-03-0.717393607E-03-0.671937838E-03-0.623506637E-03-0.571948748E-03
-0.517112934E-03-0.458848140E-03-0.397003722E-03-0.331429735E-03-0.261977283E-03
-0.188498926E-03-0.110849153E-03-0.288849239E-04 0.575337121E-04 0.148542910E-03
 0.244274221E-03 0.344853671E-03 0.450400708E-03 0.561026997E-03 0.676835049E-03
 0.797916652E-03 0.924351097E-03 0.105620316E-02 0.119352082E-02 0.133633271E-02
 0.148464527E-02 0.163843955E-02 0.179766776E-02 0.196224939E-02 0.213206706E-02
 0.230696193E-02 0.248672868E-02 0.267111000E-02 0.285979033E-02 0.305238875E-02
 0.324845075E-02 0.344743861E-02 0.364872064E-02 0.385156286E-02 0.411872738E-02
 0.446538992E-02 0.481277195E-02 0.515962375E-02 0.550458181E-02 0.584619033E-02
 0.618294289E-02 0.651333935E-02 0.683595489E-02 0.714951602E-02 0.745297647E-02
 0.774558458E-02 0.802693403E-02 0.829699113E-02 0.855609461E-02 0.880492727E-02
 0.904446241E-02 0.927589070E-02 0.950053500E-02 0.971976101E-02 0.993489086E-02
 0.101471253E-01 0.103574779E-01 0.105667238E-01 0.107753627E-01 0.109835967E-01
 0.111913210E-01 0.113981288E-01 0.116033276E-01 0.118059680E-01 0.120048840E-01
 0.121987441E-01 0.123861103E-01 0.125655033E-01 0.127354687E-01 0.128946401E-01
 0.130417954E-01 0.131759010E-01 0.132961434E-01 0.134019469E-01 0.134929776E-01
 0.135691362E-01 0.136305411E-01 0.136775053E-01 0.137105083E-01 0.137301663E-01
 0.137372023E-01 0.137324168E-01 0.137166616E-01 0.136908162E-01 0.136557670E-01
 0.136123913E-01 0.135615432E-01 0.135040433E-01 0.134406714E-01 0.133721609E-01
 0.132991962E-01 0.132224105E-01 0.131423862E-01 0.130596555E-01 0.129747022E-01
 0.128879640E-01 0.127998345E-01 0.127106668E-01 0.126207759E-01 0.125304416E-01
 0.124399116E-01-0.729956531E-03-0.867495275E-03-0.917393423E-03-0.952588996E-03
-0.990850044E-03-0.103290439E-02-0.107867542E-02-0.112802522E-02-0.116503107E-02
-0.114985327E-02-0.113304918E-02-0.111512984E-02-0.109626952E-02-0.107641285E-02
-0.105544564E-02-0.103322714E-02-0.100960579E-02-0.984426996E-03-0.957536343E-03
-0.928780692E-03-0.898008372E-03-0.865069060E-03-0.829813611E-03-0.792093932E-03
-0.751762943E-03-0.708674633E-03-0.662684202E-03-0.613648293E-03-0.561425305E-03
-0.505875772E-03-0.446862826E-03-0.384252724E-03-0.317915457E-03-0.247725433E-03
-0.173562247E-03-0.953115410E-04-0.128659728E-04 0.738737028E-04 0.164997423E-03
 0.260584458E-03 0.360701898E-03 0.465402952E-03 0.574725060E-03 0.688687799E-03
 0.807290574E-03 0.930510091E-03 0.105829764E-02 0.119057622E-02 0.132723750E-02
 0.146813890E-02 0.161310067E-02 0.176190340E-02 0.191428617E-02 0.206994561E-02
 0.222853642E-02 0.238967350E-02 0.255293624E-02 0.271787469E-02 0.288401725E-02
 0.305087873E-02 0.321796792E-02 0.338481048E-02 0.361345870E-02 0.391927340E-02
 0.422537659E-02 0.453117885E-02 0.483609080E-02 0.513950685E-02 0.544082601E-02
 0.573948391E-02 0.603499087E-02 0.632697074E-02 0.661519524E-02 0.689960934E-02
 0.718034464E-02 0.745771922E-02 0.773222408E-02 0.800449726E-02 0.827528768E-02
 0.854541101E-02 0.881569990E-02 0.908695135E-02 0.935987342E-02 0.963503343E-02
 0.991280937E-02 0.101933456E-01 0.104765143E-01 0.107618829E-01 0.110486898E-01
 0.113358307E-01 0.116218577E-01 0.119049966E-01 0.121831866E-01 0.124541447E-01
 0.127154552E-01 0.129646794E-01 0.131994741E-01 0.134177074E-01 0.136175571E-01
 0.137975821E-01 0.139567639E-01 0.140945171E-01 0.142106746E-01 0.143054521E-01
 0.143794005E-01 0.144333489E-01 0.144683461E-01 0.144856031E-01 0.144864392E-01
 0.144722341E-01 0.144443875E-01 0.144042855E-01 0.143532743E-01 0.142926405E-01
 0.142235971E-01 0.141472750E-01 0.140647181E-01 0.139768815E-01 0.138846329E-01
 0.137887549E-01 0.136899496E-01 0.135888430E-01 0.134859908E-01 0.133818838E-01
 0.132769532E-01 0.131715767E-01 0.130660832E-01 0.129607580E-01 0.128558470E-01
-0.789033632E-03-0.931638953E-03-0.934748113E-03-0.971705153E-03-0.101473774E-02
-0.106226372E-02-0.111396855E-02-0.116382298E-02-0.116099831E-02-0.114816412E-02
-0.113471187E-02-0.112023560E-02-0.110467986E-02-0.108797768E-02-0.107004075E-02
-0.105076312E-02-0.103002556E-02-0.100769961E-02-0.983650699E-03-0.957740389E-03
-0.929827942E-03-0.899771390E-03-0.867428318E-03-0.832656479E-03-0.795314341E-03
-0.755261593E-03-0.712359672E-03-0.666472315E-03-0.617466159E-03-0.565211389E-03
-0.509582450E-03-0.450458822E-03-0.387725871E-03-0.321275783E-03-0.251008584E-03
-0.176833271E-03-0.986690466E-04-0.164467025E-04 0.698898641E-04 0.160381955E-03
 0.255054192E-03 0.353912423E-03 0.456941399E-03 0.564102197E-03 0.675329384E-03
 0.790527906E-03 0.909569715E-03 0.103229018E-02 0.115848435E-02 0.128790317E-02
 0.142024997E-02 0.155517742E-02 0.169228568E-02 0.183112240E-02 0.197118578E-02
 0.211193218E-02 0.225279014E-02 0.239318266E-02 0.253255865E-02 0.267043233E-02
 0.280642556E-02 0.294031353E-02 0.313352001E-02 0.340170172E-02 0.366989077E-02
 0.393820819E-02 0.420677068E-02 0.447566212E-02 0.474495164E-02 0.501473364E-02
 0.528517487E-02 0.555655548E-02 0.582929417E-02 0.610395247E-02 0.638121850E-02
 0.666187580E-02 0.694676515E-02 0.723674572E-02 0.753265926E-02 0.783529686E-02
 0.814536690E-02 0.846346204E-02 0.879002453E-02 0.912530942E-02 0.946934569E-02
 0.982189450E-02 0.101824037E-01 0.105499580E-01 0.109232252E-01 0.113004022E-01
 0.116791666E-01 0.120566483E-01 0.124294382E-01 0.127936609E-01 0.131451281E-01
 0.134795725E-01 0.137929293E-01 0.140816092E-01 0.143427113E-01 0.145741460E-01
 0.147746695E-01 0.149438480E-01 0.150819746E-01 0.151899594E-01 0.152692070E-01
 0.153214942E-01 0.153488532E-01 0.153534680E-01 0.153375853E-01 0.153034420E-01
 0.152532091E-01 0.151889511E-01 0.151125983E-01 0.150259304E-01 0.149305691E-01
 0.148279772E-01 0.147194627E-01 0.146061865E-01 0.144891720E-01 0.143693159E-01
 0.142473997E-01 0.141241008E-01 0.140000031E-01 0.138756081E-01 0.137513436E-01
 0.136275728E-01 0.135046023E-01 0.133826889E-01 0.132620463E-01-0.748773693E-03
-0.892796543E-03-0.948436953E-03-0.992352661E-03-0.104079224E-02-0.109435423E-02
-0.115395338E-02-0.116328011E-02-0.115591451E-02-0.114701855E-02-0.113721704E-02
-0.112642967E-02-0.111457061E-02-0.110154818E-02-0.108726282E-02-0.107160696E-02
-0.105446556E-02-0.103571716E-02-0.101523488E-02-0.992887665E-03-0.968541264E-03
-0.942059255E-03-0.913303932E-03-0.882137149E-03-0.848421132E-03-0.812019273E-03
-0.772796936E-03-0.730622274E-03-0.685367085E-03-0.636907695E-03-0.585125899E-03
-0.529909946E-03-0.471155602E-03-0.408767267E-03-0.342659195E-03-0.272756800E-03
-0.198998086E-03-0.121335206E-03-0.397361752E-04 0.458132233E-04 0.135307333E-03
 0.228718264E-03 0.325993260E-03 0.427051733E-03 0.531781933E-03 0.640037205E-03
 0.751631772E-03 0.866336010E-03 0.983871180E-03 0.110390358E-02 0.122603818E-02
 0.134981188E-02 0.147468662E-02 0.160004317E-02 0.172517670E-02 0.184929683E-02
 0.197153648E-02 0.209097759E-02 0.220670619E-02 0.231791337E-02 0.242405335E-02
 0.252503373E-02 0.268183310E-02 0.291086602E-02 0.313960022E-02 0.336923363E-02
 0.360065091E-02 0.383443093E-02 0.407097080E-02 0.431064699E-02 0.455396677E-02
 0.480168330E-02 0.505485028E-02 0.531479729E-02 0.558303044E-02 0.586109667E-02
 0.615046414E-02 0.645245102E-02 0.676820062E-02 0.709868101E-02 0.744468684E-02
 0.780683128E-02 0.818552709E-02 0.858096251E-02 0.899307679E-02 0.942153203E-02
 0.986566972E-02 0.103244416E-01 0.107963111E-01 0.112791221E-01 0.117699294E-01
 0.122647871E-01 0.127585256E-01 0.132446210E-01 0.137153535E-01 0.141624270E-01
 0.145779476E-01 0.149553484E-01 0.152899043E-01 0.155788139E-01 0.158210253E-01
 0.160169636E-01 0.161682394E-01 0.162773663E-01 0.163474962E-01 0.163821804E-01
 0.163851636E-01 0.163602142E-01 0.163109936E-01 0.162409634E-01 0.161533251E-01
 0.160509868E-01 0.159365522E-01 0.158123232E-01 0.156803150E-01 0.155422754E-01
 0.153997095E-01 0.152539041E-01 0.151059526E-01 0.149567787E-01 0.148071578E-01
 0.146577375E-01 0.145090545E-01 0.143615507E-01 0.142155870E-01 0.140714551E-01
 0.139293878E-01 0.137895680E-01 0.136521365E-01-0.754240568E-03-0.902113556E-03
-0.965071760E-03-0.101452751E-02-0.106881480E-02-0.112806319E-02-0.116080548E-02
-0.115689838E-02-0.115266775E-02-0.114770519E-02-0.114193885E-02-0.113525654E-02
-0.112754597E-02-0.111869613E-02-0.110859506E-02-0.109712822E-02-0.108417743E-02
-0.106962046E-02-0.105333101E-02-0.103517904E-02-0.101503131E-02-0.992752095E-03
-0.968203989E-03-0.941248766E-03-0.911748311E-03-0.879565585E-03-0.844565611E-03
-0.806616503E-03-0.765590512E-03-0.721365113E-03-0.673824116E-03-0.622858821E-03
-0.568369219E-03-0.510265243E-03-0.448468085E-03-0.382911592E-03-0.313543758E-03
-0.240328335E-03-0.163246580E-03-0.822991848E-04 0.249159149E-05 0.910795354E-04
 0.183391783E-03 0.279325752E-03 0.378745628E-03 0.481478287E-03 0.587308556E-03
 0.695973611E-03 0.807156326E-03 0.920477264E-03 0.103548491E-02 0.115164359E-02
 0.126831837E-02 0.138475576E-02 0.150005893E-02 0.161315562E-02 0.172275701E-02
 0.182730788E-02 0.192493653E-02 0.201344341E-02 0.209046471E-02 0.215422438E-02
 0.226512514E-02 0.244369025E-02 0.262372337E-02 0.280873225E-02 0.299967622E-02
 0.319636536E-02 0.339826255E-02 0.360491947E-02 0.381631177E-02 0.403319835E-02
 0.425745802E-02 0.449209503E-02 0.474067831E-02 0.500648250E-02 0.529202191E-02
 0.559908254E-02 0.592898258E-02 0.628278839E-02 0.666142165E-02 0.706566992E-02
 0.749609852E-02 0.795296855E-02 0.843622358E-02 0.894564375E-02 0.948091286E-02
 0.100414996E-01 0.106264764E-01 0.112343930E-01 0.118631207E-01 0.125094628E-01
 0.131682739E-01 0.138305453E-01 0.144806045E-01 0.150965801E-01 0.156583256E-01
 0.161534308E-01 0.165761669E-01 0.169250646E-01 0.172014828E-01 0.174088382E-01
 0.175520713E-01 0.176371692E-01 0.176707115E-01 0.176594617E-01 0.176100330E-01
 0.175286443E-01 0.174209665E-01 0.172920460E-01 0.171462857E-01 0.169874676E-01
 0.168187987E-01 0.166429696E-01 0.164622172E-01 0.162783864E-01 0.160929875E-01
 0.159072477E-01 0.157221565E-01 0.155385052E-01 0.153569202E-01 0.151778915E-01
 0.150017965E-01 0.148289201E-01 0.146594712E-01 0.144935967E-01 0.143313926E-01
 0.141729141E-01 0.140181828E-01-0.810669244E-03-0.963619553E-03-0.984934694E-03
-0.103755286E-02-0.109870747E-02-0.114955931E-02-0.115118283E-02-0.115161707E-02
-0.115181122E-02-0.115139917E-02-0.115022329E-02-0.114815695E-02-0.114508445E-02
-0.114089385E-02-0.113547300E-02-0.112870708E-02-0.112047732E-02-0.111066030E-02
-0.109912779E-02-0.108574704E-02-0.107038130E-02-0.105289050E-02-0.103313224E-02
-0.101096273E-02-0.986237911E-03-0.958814593E-03-0.928551641E-03-0.895311198E-03
-0.858959907E-03-0.819370174E-03-0.776421414E-03-0.730001336E-03-0.680007217E-03
-0.626347215E-03-0.568941699E-03-0.507724618E-03-0.442644930E-03-0.373668099E-03
-0.300777688E-03-0.223977088E-03-0.143291403E-03-0.587695381E-04 0.295134350E-04
 0.121453600E-03 0.216915096E-03 0.315726496E-03 0.417676522E-03 0.522508897E-03
 0.629916071E-03 0.739531438E-03 0.850919482E-03 0.963563022E-03 0.107684626E-02
 0.119003155E-02 0.130222638E-02 0.141233447E-02 0.151897952E-02 0.162037864E-02
 0.171411484E-02 0.179668351E-02 0.186246047E-02 0.190106589E-02 0.191854573E-02
 0.200128701E-02 0.212062343E-02 0.226252384E-02 0.241817805E-02 0.258363025E-02
 0.275682459E-02 0.293301505E-02 0.311030549E-02 0.328576399E-02 0.345897447E-02
 0.363998390E-02 0.384732258E-02 0.408639224E-02 0.436078491E-02 0.466766801E-02
 0.500703279E-02 0.538161620E-02 0.578948214E-02 0.623441143E-02 0.671751023E-02
 0.724019586E-02 0.779966119E-02 0.839418118E-02 0.902515338E-02 0.969681025E-02
 0.104069257E-01 0.111544049E-01 0.119426985E-01 0.127696123E-01 0.136403507E-01
 0.145656141E-01 0.155679617E-01 0.164876087E-01 0.172559606E-01 0.178913260E-01
 0.184017582E-01 0.187934498E-01 0.190737881E-01 0.192523489E-01 0.193407053E-01
 0.193516128E-01 0.192980239E-01 0.191922407E-01 0.190453515E-01 0.188669560E-01
 0.186651169E-01 0.184464522E-01 0.182162995E-01 0.179789050E-01 0.177376072E-01
 0.174950040E-01 0.172530958E-01 0.170134051E-01 0.167770754E-01 0.165449501E-01
 0.163176369E-01 0.160955586E-01 0.158789934E-01 0.156681074E-01 0.154629798E-01
 0.152636227E-01 0.150699975E-01 0.148820269E-01 0.146996048E-01 0.145226043E-01
 0.143508837E-01-0.774842307E-03-0.929351350E-03-0.997049369E-03-0.105795203E-02
-0.112295567E-02-0.113570327E-02-0.114335662E-02-0.114976716E-02-0.115531270E-02
-0.116004312E-02-0.116392074E-02-0.116687845E-02-0.116883565E-02-0.116970210E-02
-0.116937861E-02-0.116775716E-02-0.116472097E-02-0.116014489E-02-0.115389600E-02
-0.114583444E-02-0.113581443E-02-0.112368539E-02-0.110929322E-02-0.109248159E-02
-0.107309334E-02-0.105097192E-02-0.102596278E-02-0.997914843E-03-0.966681939E-03
-0.932124212E-03-0.894109519E-03-0.852514788E-03-0.807227352E-03-0.758146242E-03
-0.705183459E-03-0.648265216E-03-0.587333176E-03-0.522345677E-03-0.453278992E-03
-0.380128621E-03-0.302910653E-03-0.221663236E-03-0.136448183E-03-0.473527602E-04
 0.455082927E-04 0.141990451E-03 0.241916737E-03 0.345074611E-03 0.451212312E-03
 0.560034536E-03 0.671197289E-03 0.784301749E-03 0.898886977E-03 0.101442137E-02
 0.113029306E-02 0.124580019E-02 0.136014422E-02 0.147243554E-02 0.158173722E-02
 0.168722335E-02 0.178867629E-02 0.188788634E-02 0.199094961E-02 0.210631379E-02
 0.223798180E-02 0.238527923E-02 0.254582213E-02 0.271687746E-02 0.289554172E-02
 0.307846918E-02 0.326121756E-02 0.343685254E-02 0.359262018E-02 0.373323060E-02
 0.393588040E-02 0.418985396E-02 0.448827423E-02 0.482659021E-02 0.520533977E-02
 0.562375105E-02 0.608335944E-02 0.658733852E-02 0.713786043E-02 0.774297408E-02
 0.841453781E-02 0.914184203E-02 0.991222843E-02 0.107306718E-01 0.115993221E-01
 0.125182275E-01 0.134878507E-01 0.145066344E-01 0.155720940E-01 0.166798014E-01
 0.178159614E-01 0.188725532E-01 0.197771799E-01 0.205138554E-01 0.210725951E-01
 0.214521761E-01 0.216622766E-01 0.217225345E-01 0.216589233E-01 0.214991160E-01
 0.212687006E-01 0.209891590E-01 0.206774072E-01 0.203462240E-01 0.200050028E-01
 0.196605143E-01 0.193175565E-01 0.189794679E-01 0.186485181E-01 0.183261979E-01
 0.180134343E-01 0.177107475E-01 0.174183669E-01 0.171363154E-01 0.168644712E-01
 0.166026132E-01 0.163504540E-01 0.161076638E-01 0.158738878E-01 0.156487591E-01
 0.154319074E-01 0.152229656E-01 0.150215738E-01 0.148273828E-01 0.146400556E-01
-0.773792282E-03-0.929780084E-03-0.100294904E-02-0.106322894E-02-0.110589023E-02
-0.112797937E-02-0.114493808E-02-0.115615000E-02-0.116665378E-02-0.117638873E-02
-0.118530942E-02-0.119337059E-02-0.120051505E-02-0.120666961E-02-0.121174435E-02
-0.121563331E-02-0.121821579E-02-0.121935790E-02-0.121891423E-02-0.121672942E-02
-0.121263992E-02-0.120647564E-02-0.119806164E-02-0.118721993E-02-0.117377116E-02
-0.115753644E-02-0.113833902E-02-0.111600607E-02-0.109037030E-02-0.106127162E-02
-0.102855863E-02-0.992090104E-03-0.951736328E-03-0.907380362E-03-0.858919191E-03
-0.806264769E-03-0.749344960E-03-0.688104388E-03-0.622505186E-03-0.552527686E-03
-0.478171053E-03-0.399453884E-03-0.316414803E-03-0.229113049E-03-0.137629060E-03
-0.420650549E-04 0.574544389E-04 0.160782143E-03 0.267747779E-03 0.378158158E-03
 0.491797895E-03 0.608431146E-03 0.727805130E-03 0.849656588E-03 0.973723183E-03
 0.109976304E-02 0.122758760E-02 0.135711527E-02 0.148845545E-02 0.162202820E-02
 0.175870344E-02 0.189988773E-02 0.204742360E-02 0.220322325E-02 0.236880179E-02
 0.254501002E-02 0.273206228E-02 0.292972727E-02 0.313754957E-02 0.335508456E-02
 0.358223877E-02 0.381989622E-02 0.407092539E-02 0.434084782E-02 0.463651111E-02
 0.496355171E-02 0.532560242E-02 0.572504836E-02 0.616382581E-02 0.664383028E-02
 0.716703588E-02 0.773539852E-02 0.835053998E-02 0.901329101E-02 0.974550392E-02
 0.106106803E-01 0.115314732E-01 0.125113296E-01 0.135549522E-01 0.146657030E-01
 0.158448444E-01 0.170901526E-01 0.183933123E-01 0.197354319E-01 0.210805025E-01
 0.223688760E-01 0.235170159E-01 0.244331801E-01 0.250469449E-01 0.253309116E-01
 0.253066974E-01 0.250385620E-01 0.246096293E-01 0.240920447E-01 0.235347486E-01
 0.229672051E-01 0.224063131E-01 0.218614711E-01 0.213376501E-01 0.208371890E-01
 0.203608524E-01 0.199084665E-01 0.194793099E-01 0.190723560E-01 0.186864256E-01
 0.183202814E-01 0.179726865E-01 0.176424398E-01 0.173283962E-01 0.170294765E-01
 0.167446722E-01 0.164730457E-01 0.162137285E-01 0.159659176E-01 0.157288717E-01
 0.155019068E-01 0.152843919E-01 0.150757447E-01 0.148754274E-01-0.823010503E-03
-0.980857354E-03-0.101178080E-02-0.106947278E-02-0.111221414E-02-0.113677065E-02
-0.115783773E-02-0.117341344E-02-0.118831113E-02-0.120254943E-02-0.121615379E-02
-0.122912191E-02-0.124141623E-02-0.125296647E-02-0.126367448E-02-0.127341868E-02
-0.128205779E-02-0.128943381E-02-0.129537455E-02-0.129969587E-02-0.130220372E-02
-0.130269625E-02-0.130096580E-02-0.129680110E-02-0.128998934E-02-0.128031839E-02
-0.126757888E-02-0.125156625E-02-0.123208276E-02-0.120893929E-02-0.118195714E-02
-0.115096959E-02-0.111582323E-02-0.107637926E-02-0.103251443E-02-0.984121916E-03
-0.931111903E-03-0.873411951E-03-0.810967144E-03-0.743740024E-03-0.671710342E-03
-0.594874678E-03-0.513245937E-03-0.426852732E-03-0.335738594E-03-0.239960969E-03
-0.139589923E-03-0.347064429E-04 0.745998208E-04 0.188233589E-03 0.306098066E-03
 0.428100543E-03 0.554160042E-03 0.684217701E-03 0.818250737E-03 0.956290836E-03
 0.109844756E-02 0.124493639E-02 0.139610900E-02 0.155247977E-02 0.171473832E-02
 0.188373564E-02 0.206043610E-02 0.224584232E-02 0.244091704E-02 0.264653281E-02
 0.286347047E-02 0.309246972E-02 0.333432480E-02 0.359001566E-02 0.386086276E-02
 0.414867784E-02 0.445585391E-02 0.478532192E-02 0.514035300E-02 0.552429490E-02
 0.594038310E-02 0.639169508E-02 0.688121502E-02 0.741194232E-02 0.798699892E-02
 0.860972117E-02 0.928374163E-02 0.100130724E-01 0.108237351E-01 0.117825599E-01
 0.128150088E-01 0.139261535E-01 0.151237380E-01 0.164165316E-01 0.178143556E-01
 0.193281616E-01 0.209702634E-01 0.227548656E-01 0.246988463E-01 0.268210082E-01
 0.290508955E-01 0.306841332E-01 0.315182212E-01 0.315357826E-01 0.307158946E-01
 0.293092005E-01 0.280022568E-01 0.268331789E-01 0.257828446E-01 0.248344137E-01
 0.239741145E-01 0.231905702E-01 0.224742138E-01 0.218169048E-01 0.212116728E-01
 0.206525302E-01 0.201343212E-01 0.196525973E-01 0.192035106E-01 0.187837239E-01
 0.183903340E-01 0.180208067E-01 0.176729227E-01 0.173447316E-01 0.170345130E-01
 0.167407442E-01 0.164620730E-01 0.161972944E-01 0.159453309E-01 0.157052163E-01
 0.154760812E-01 0.152571415E-01 0.150476874E-01-0.791018488E-03-0.950045353E-03
-0.102057537E-02-0.108359243E-02-0.113062121E-02-0.115990956E-02-0.118505093E-02
-0.120367311E-02-0.122156975E-02-0.123927071E-02-0.125691016E-02-0.127447035E-02
-0.129186604E-02-0.130897399E-02-0.132564487E-02-0.134170884E-02-0.135697865E-02
-0.137125168E-02-0.138431158E-02-0.139592974E-02-0.140586698E-02-0.141387538E-02
-0.141970048E-02-0.142308383E-02-0.142376563E-02-0.142148752E-02-0.141599520E-02
-0.140704088E-02-0.139438569E-02-0.137780187E-02-0.135707492E-02-0.133200543E-02
-0.130241034E-02-0.126812419E-02-0.122900006E-02-0.118491029E-02-0.113574677E-02
-0.108142076E-02-0.102186236E-02-0.957019356E-03-0.886855916E-03-0.811350966E-03
-0.730496703E-03-0.644296980E-03-0.552765493E-03-0.455923666E-03-0.353798189E-03
-0.246418136E-03-0.133811541E-03-0.160012876E-04 0.106999843E-03 0.235195160E-03
 0.368611263E-03 0.507306602E-03 0.651381445E-03 0.800989103E-03 0.956347925E-03
 0.111775311E-02 0.128558682E-02 0.146032454E-02 0.164253583E-02 0.183287808E-02
 0.203208415E-02 0.224094709E-02 0.246030731E-02 0.269104850E-02 0.293410664E-02
 0.319049428E-02 0.346133813E-02 0.374792511E-02 0.405174871E-02 0.437454522E-02
 0.471830945E-02 0.508528425E-02 0.547792769E-02 0.589887226E-02 0.635089516E-02
 0.683691532E-02 0.736002519E-02 0.792356094E-02 0.853121960E-02 0.918725010E-02
 0.989678463E-02 0.106663912E-01 0.115255827E-01 0.125432770E-01 0.136465235E-01
 0.148414583E-01 0.161389731E-01 0.175533531E-01 0.191028522E-01 0.208108431E-01
 0.227077088E-01 0.248339736E-01 0.272462958E-01 0.300333478E-01 0.332075597E-01
 0.354176618E-01 0.364279678E-01 0.362379860E-01 0.347662751E-01 0.323814145E-01
 0.303856229E-01 0.287158703E-01 0.272907189E-01 0.260574127E-01 0.249779915E-01
 0.240239735E-01 0.231735067E-01 0.224095572E-01 0.217186675E-01 0.210900748E-01
 0.205150740E-01 0.199865495E-01 0.194986277E-01 0.190464158E-01 0.186258037E-01
 0.182333112E-01 0.178659707E-01 0.175212341E-01 0.171968997E-01 0.168910547E-01
 0.166020274E-01 0.163283502E-01 0.160687280E-01 0.158220132E-01 0.155871847E-01
 0.153633303E-01 0.151496320E-01-0.789973652E-03-0.952471402E-03-0.103379731E-02
-0.110290400E-02-0.115713500E-02-0.119697986E-02-0.122825051E-02-0.124485066E-02
-0.126371711E-02-0.128412582E-02-0.130564757E-02-0.132798128E-02-0.135087474E-02
-0.137409233E-02-0.139740045E-02-0.142056030E-02-0.144332384E-02-0.146543167E-02
-0.148661192E-02-0.150658000E-02-0.152503889E-02-0.154168014E-02-0.155618616E-02
-0.156823432E-02-0.157750117E-02-0.158366634E-02-0.158641599E-02-0.158544583E-02
-0.158046359E-02-0.157119086E-02-0.155736828E-02-0.153875769E-02-0.151514095E-02
-0.148632192E-02-0.145212801E-02-0.141241110E-02-0.136704784E-02-0.131593924E-02
-0.125900907E-02-0.119620119E-02-0.112747555E-02-0.105280428E-02-0.972169951E-03
-0.885563897E-03-0.792983884E-03-0.694431203E-03-0.589907552E-03-0.479411710E-03
-0.362935866E-03-0.240461537E-03-0.111955007E-03 0.226377477E-04 0.163396671E-03
 0.310433736E-03 0.463899445E-03 0.623989514E-03 0.790951422E-03 0.965090397E-03
 0.114677434E-02 0.133643729E-02 0.153458106E-02 0.174177538E-02 0.195865695E-02
 0.218592870E-02 0.242436068E-02 0.267479402E-02 0.293814889E-02 0.321543685E-02
 0.350777653E-02 0.381641107E-02 0.414272484E-02 0.448825699E-02 0.485471000E-02
 0.524395288E-02 0.565802073E-02 0.609911399E-02 0.656960144E-02 0.707203090E-02
 0.760914944E-02 0.818393230E-02 0.879961312E-02 0.945968991E-02 0.101678070E-01
 0.109270421E-01 0.117758331E-01 0.128272765E-01 0.139527497E-01 0.151633770E-01
 0.164728614E-01 0.178971510E-01 0.194559035E-01 0.211739214E-01 0.230828266E-01
 0.252228101E-01 0.276437498E-01 0.304075844E-01 0.335203342E-01 0.356584746E-01
 0.366534609E-01 0.364507560E-01 0.349925423E-01 0.326551503E-01 0.306463784E-01
 0.289371566E-01 0.274716155E-01 0.262037847E-01 0.250964245E-01 0.241201969E-01
 0.232521644E-01 0.224743359E-01 0.217724868E-01 0.211352582E-01 0.205534837E-01
 0.200196894E-01 0.195277213E-01 0.190724644E-01 0.186496311E-01 0.182555979E-01
 0.178872803E-01 0.175420340E-01 0.172175782E-01 0.169119333E-01 0.166233724E-01
 0.163503810E-01 0.160916245E-01 0.158459216E-01 0.156122225E-01 0.153895906E-01
 0.151771870E-01-0.839496112E-03-0.100540265E-02-0.105062337E-02-0.112143412E-02
-0.118071133E-02-0.122608502E-02-0.126240734E-02-0.128336988E-02-0.130657382E-02
-0.133178385E-02-0.135872607E-02-0.138712183E-02-0.141669589E-02-0.144717443E-02
-0.147828060E-02-0.150973011E-02-0.154122754E-02-0.157246343E-02-0.160311202E-02
-0.163283046E-02-0.166125797E-02-0.168801014E-02-0.171268037E-02-0.173485537E-02
-0.175412428E-02-0.177008456E-02-0.178234626E-02-0.179053547E-02-0.179429755E-02
-0.179327240E-02-0.178714523E-02-0.177565142E-02-0.175852726E-02-0.173553940E-02
-0.170648642E-02-0.167120062E-02-0.162954945E-02-0.158143625E-02-0.152679915E-02
-0.146560576E-02-0.139783913E-02-0.132347619E-02-0.124250101E-02-0.115490762E-02
-0.106069660E-02-0.959868976E-03-0.852422401E-03-0.738348260E-03-0.617628326E-03
-0.490231079E-03-0.356107884E-03-0.215188985E-03-0.673793309E-04 0.874457231E-04
 0.249444779E-03 0.418814701E-03 0.595794746E-03 0.780670359E-03 0.973776528E-03
 0.117550062E-02 0.138628470E-02 0.160662752E-02 0.183708642E-02 0.207827952E-02
 0.233088861E-02 0.259566309E-02 0.287342522E-02 0.316507652E-02 0.347160505E-02
 0.379409319E-02 0.413372501E-02 0.449179300E-02 0.486970357E-02 0.526898157E-02
 0.569127435E-02 0.613835603E-02 0.661213312E-02 0.711465190E-02 0.764810760E-02
 0.821485451E-02 0.881741576E-02 0.945849504E-02 0.101410084E-01 0.108681969E-01
 0.116813230E-01 0.126925916E-01 0.137688036E-01 0.149148008E-01 0.161395969E-01
 0.174536335E-01 0.188692283E-01 0.204013240E-01 0.220687953E-01 0.238970577E-01
 0.259240845E-01 0.282184873E-01 0.308311885E-01 0.326276369E-01 0.334772737E-01
 0.333761617E-01 0.322479444E-01 0.303609399E-01 0.287881918E-01 0.274442770E-01
 0.262674978E-01 0.252234255E-01 0.242890621E-01 0.234474137E-01 0.226851489E-01
 0.219914504E-01 0.213573727E-01 0.207754333E-01 0.202393240E-01 0.197436943E-01
 0.192839812E-01 0.188562738E-01 0.184572045E-01 0.180838595E-01 0.177337068E-01
 0.174045365E-01 0.170944118E-01 0.168016282E-01 0.165246803E-01 0.162622330E-01
 0.160130988E-01 0.157762174E-01 0.155506389E-01 0.153355103E-01 0.151300628E-01
-0.813539500E-03-0.981309742E-03-0.106122390E-02-0.113720635E-02-0.120040230E-02
-0.124987991E-02-0.129120194E-02-0.131837892E-02-0.134803380E-02-0.138003016E-02
-0.141418890E-02-0.145029449E-02-0.148810453E-02-0.152735580E-02-0.156776678E-02
-0.160903741E-02-0.165084729E-02-0.169285310E-02-0.173468197E-02-0.177593883E-02
-0.181623735E-02-0.185510689E-02-0.189194776E-02-0.192619801E-02-0.195732469E-02
-0.198482000E-02-0.200820012E-02-0.202700538E-02-0.204080107E-02-0.204917840E-02
-0.205175930E-02-0.204819875E-02-0.203818417E-02-0.202143877E-02-0.199772535E-02
-0.196685092E-02-0.192867304E-02-0.188310900E-02-0.183014995E-02-0.176988398E-02
-0.170246280E-02-0.162777527E-02-0.154578753E-02-0.145651825E-02-0.136001143E-02
-0.125629161E-02-0.114537005E-02-0.102725102E-02-0.901928289E-03-0.769380463E-03
-0.629568194E-03-0.482431208E-03-0.327885308E-03-0.165819395E-03 0.390748053E-05
 0.181468986E-03 0.367074255E-03 0.560970459E-03 0.763445178E-03 0.974828568E-03
 0.119549535E-02 0.142586665E-02 0.166641191E-02 0.191765074E-02 0.218015511E-02
 0.245455170E-02 0.274152463E-02 0.304181837E-02 0.335624077E-02 0.368566614E-02
 0.403103800E-02 0.439337153E-02 0.477375566E-02 0.517335476E-02 0.559341017E-02
 0.603524192E-02 0.650025100E-02 0.698992254E-02 0.750583070E-02 0.804964567E-02
 0.862314400E-02 0.922822292E-02 0.986691816E-02 0.105414210E-01 0.112902097E-01
 0.122193728E-01 0.131967528E-01 0.142222298E-01 0.152983125E-01 0.164269736E-01
 0.176090762E-01 0.188433640E-01 0.201246063E-01 0.214400513E-01 0.227625622E-01
 0.240386020E-01 0.251763273E-01 0.260600315E-01 0.265985062E-01 0.267571027E-01
 0.265639773E-01 0.261063187E-01 0.254961981E-01 0.248216602E-01 0.241340841E-01
 0.234600287E-01 0.228125065E-01 0.221973791E-01 0.216166814E-01 0.210703731E-01
 0.205572976E-01 0.200757242E-01 0.196236628E-01 0.191990472E-01 0.187998406E-01
 0.184240948E-01 0.180699807E-01 0.177358010E-01 0.174199932E-01 0.171211258E-01
 0.168378914E-01 0.165690982E-01 0.163136609E-01 0.160705910E-01 0.158389883E-01
 0.156180325E-01 0.154069750E-01 0.152051325E-01 0.150118801E-01-0.809082662E-03
-0.979606551E-03-0.107096238E-02-0.115107436E-02-0.121778673E-02-0.127118738E-02
-0.131771692E-02-0.135179502E-02-0.138893038E-02-0.142899034E-02-0.147178743E-02
-0.151710174E-02-0.156469327E-02-0.161430515E-02-0.166566232E-02-0.171846787E-02
-0.177239789E-02-0.182712114E-02-0.188216854E-02-0.193688754E-02-0.199065137E-02
-0.204283972E-02-0.209283209E-02-0.214001857E-02-0.218380600E-02-0.222362191E-02
-0.225891749E-02-0.228916979E-02-0.231388393E-02-0.233259500E-02-0.234487034E-02
-0.235031144E-02-0.234855593E-02-0.233927980E-02-0.232220002E-02-0.229707751E-02
-0.226372030E-02-0.222198686E-02-0.217178866E-02-0.211309051E-02-0.204590485E-02
-0.197028306E-02-0.188634904E-02-0.179433472E-02-0.169463043E-02-0.158723764E-02
-0.147213548E-02-0.134936225E-02-0.121895218E-02-0.108091010E-02-0.935222746E-03
-0.781856404E-03-0.620754576E-03-0.451836285E-03-0.274994208E-03-0.900928948E-04
 0.103032923E-03 0.304579908E-03 0.514777557E-03 0.733889510E-03 0.962214718E-03
 0.120008850E-02 0.144788346E-02 0.170601037E-02 0.197491889E-02 0.225509826E-02
 0.254707780E-02 0.285142727E-02 0.316875696E-02 0.349971742E-02 0.384499872E-02
 0.420532921E-02 0.458147363E-02 0.497423060E-02 0.538442952E-02 0.581292686E-02
 0.626060204E-02 0.672835330E-02 0.721709383E-02 0.772774955E-02 0.826126032E-02
 0.881858799E-02 0.940073276E-02 0.100087321E-01 0.106781692E-01 0.115088832E-01
 0.123709088E-01 0.132603022E-01 0.141749735E-01 0.151115672E-01 0.160648057E-01
 0.170266244E-01 0.179850879E-01 0.189231650E-01 0.198177108E-01 0.206394606E-01
 0.213552254E-01 0.219329650E-01 0.223486293E-01 0.225920285E-01 0.226692411E-01
 0.226006022E-01 0.224150801E-01 0.221435330E-01 0.218136354E-01 0.214475993E-01
 0.210620363E-01 0.206688198E-01 0.202761700E-01 0.198896203E-01 0.195127775E-01
 0.191478855E-01 0.187962334E-01 0.184584478E-01 0.181347003E-01 0.178248545E-01
 0.175285706E-01 0.172453790E-01 0.169747318E-01 0.167160394E-01 0.164686956E-01
 0.162320948E-01 0.160056432E-01 0.157887671E-01 0.155809166E-01 0.153815690E-01
 0.151902299E-01 0.150064330E-01 0.148297402E-01-0.854131245E-03-0.102664719E-02
-0.108337574E-02-0.116322483E-02-0.123273985E-02-0.128992502E-02-0.134191376E-02
-0.138339497E-02-0.142918788E-02-0.147870319E-02-0.153158239E-02-0.158756639E-02
-0.164642703E-02-0.170793826E-02-0.177186300E-02-0.183794483E-02-0.190572641E-02
-0.197453398E-02-0.204369494E-02-0.211252414E-02-0.218033404E-02-0.224644042E-02
-0.231016700E-02-0.237085046E-02-0.242784497E-02-0.248052611E-02-0.252829411E-02
-0.257057662E-02-0.260683094E-02-0.263654611E-02-0.265924467E-02-0.267448431E-02
-0.268185953E-02-0.268100320E-02-0.267158834E-02-0.265332991E-02-0.262598677E-02
-0.258936357E-02-0.254331268E-02-0.248773589E-02-0.242258626E-02-0.234787091E-02
-0.226365675E-02-0.217007510E-02-0.206732083E-02-0.195563757E-02-0.183536487E-02
-0.170700706E-02-0.157080753E-02-0.142671582E-02-0.127475725E-02-0.111493704E-02
-0.947234363E-03-0.771607577E-03-0.587991664E-03-0.396297470E-03-0.196410884E-03
 0.118078281E-04 0.228524570E-03 0.453931829E-03 0.688248942E-03 0.931722185E-03
 0.118462467E-02 0.144725605E-02 0.171994188E-02 0.200303281E-02 0.229690330E-02
 0.260194990E-02 0.291858910E-02 0.324725443E-02 0.358839282E-02 0.394246011E-02
 0.430991547E-02 0.469121455E-02 0.508680127E-02 0.549709790E-02 0.592249307E-02
 0.636332739E-02 0.681987578E-02 0.729232544E-02 0.778074721E-02 0.828505560E-02
 0.880494347E-02 0.933970417E-02 0.992454161E-02 0.106650535E-01 0.114208966E-01
 0.121875996E-01 0.129619559E-01 0.137395176E-01 0.145143868E-01 0.152789696E-01
 0.160237823E-01 0.167374155E-01 0.174067868E-01 0.180178217E-01 0.185566290E-01
 0.190110719E-01 0.193724267E-01 0.196366857E-01 0.198051053E-01 0.198838316E-01
 0.198827382E-01 0.198138536E-01 0.196898210E-01 0.195227046E-01 0.193232610E-01
 0.191006220E-01 0.188622660E-01 0.186141538E-01 0.183609358E-01 0.181061743E-01
 0.178525514E-01 0.176020495E-01 0.173561020E-01 0.171157165E-01 0.168815719E-01
 0.166540967E-01 0.164335286E-01 0.162199626E-01 0.160133872E-01 0.158137128E-01
 0.156207936E-01 0.154344443E-01 0.152544526E-01 0.150805893E-01 0.149126156E-01
 0.147502887E-01 0.145933655E-01-0.831783679E-03-0.100557725E-02-0.109072038E-02
-0.117374649E-02-0.124444858E-02-0.130101807E-02-0.135747658E-02-0.141183769E-02
-0.146915278E-02-0.152992192E-02-0.159426371E-02-0.166215379E-02-0.173350157E-02
-0.180817489E-02-0.188602037E-02-0.196636504E-02-0.204852300E-02-0.213178035E-02
-0.221540625E-02-0.229866072E-02-0.238080197E-02-0.246109293E-02-0.253880701E-02
-0.261323313E-02-0.268368016E-02-0.274948060E-02-0.280999377E-02-0.286460833E-02
-0.291274436E-02-0.295385511E-02-0.298742833E-02-0.301298749E-02-0.303009283E-02
-0.303834239E-02-0.303737301E-02-0.302686147E-02-0.300652579E-02-0.297612661E-02
-0.293546887E-02-0.288440374E-02-0.282283096E-02-0.275070160E-02-0.266802144E-02
-0.257485443E-02-0.247132622E-02-0.235762799E-02-0.223402341E-02-0.210085266E-02
-0.195852374E-02-0.180755013E-02-0.164865066E-02-0.148190535E-02-0.130729021E-02
-0.112481665E-02-0.934463915E-03-0.736191489E-03-0.529937891E-03-0.315621087E-03
-0.931387629E-04 0.137631304E-03 0.376830717E-03 0.624619737E-03 0.881176314E-03
 0.114669481E-02 0.142138440E-02 0.170546700E-02 0.199917477E-02 0.230274697E-02
 0.261642613E-02 0.294045342E-02 0.327506302E-02 0.362047527E-02 0.397688849E-02
 0.434446909E-02 0.472333973E-02 0.511356502E-02 0.551513443E-02 0.592794159E-02
 0.635175902E-02 0.678620709E-02 0.723071463E-02 0.768446851E-02 0.814635261E-02
 0.861490046E-02 0.912579117E-02 0.978445755E-02 0.104491340E-01 0.111145326E-01
 0.117776450E-01 0.124346658E-01 0.130809436E-01 0.137109801E-01 0.143184919E-01
 0.148965633E-01 0.154379153E-01 0.159353011E-01 0.163820075E-01 0.167724083E-01
 0.171024815E-01 0.173701925E-01 0.175756619E-01 0.177210847E-01 0.178104224E-01
 0.178489428E-01 0.178427002E-01 0.177980457E-01 0.177212261E-01 0.176180983E-01
 0.174939553E-01 0.173534454E-01 0.172005587E-01 0.170386584E-01 0.168705360E-01
 0.166984786E-01 0.165243380E-01 0.163495968E-01 0.161754281E-01 0.160027487E-01
 0.158322647E-01 0.156645101E-01 0.154998790E-01 0.153386531E-01 0.151810233E-01
 0.150271085E-01 0.148769702E-01 0.147306248E-01 0.145880535E-01 0.144492103E-01
 0.143140285E-01-0.824820722E-03-0.100131399E-02-0.109968559E-02-0.118676031E-02
-0.126067202E-02-0.132128559E-02-0.138384749E-02-0.144675324E-02-0.151400754E-02
-0.158559212E-02-0.166149995E-02-0.174170952E-02-0.182617591E-02-0.191471611E-02
-0.200665758E-02-0.210128188E-02-0.219783766E-02-0.229555014E-02-0.239363008E-02
-0.249128217E-02-0.258771246E-02-0.268213514E-02-0.277377836E-02-0.286188929E-02
-0.294573841E-02-0.302462302E-02-0.309787004E-02-0.316483827E-02-0.322492002E-02
-0.327754237E-02-0.332216802E-02-0.335829591E-02-0.338546168E-02-0.340323807E-02
-0.341123527E-02-0.340910147E-02-0.339652355E-02-0.337322794E-02-0.333898196E-02
-0.329359537E-02-0.323692251E-02-0.316886483E-02-0.308937397E-02-0.299845541E-02
-0.289617254E-02-0.278265136E-02-0.265808576E-02-0.252274308E-02-0.237696986E-02
-0.222119987E-02-0.205595979E-02-0.188185830E-02-0.169967890E-02-0.150994497E-02
-0.131259180E-02-0.110763290E-02-0.895053684E-03-0.674825442E-03-0.446904532E-03
-0.211233278E-03 0.322590423E-04 0.283654974E-03 0.543047357E-03 0.810537467E-03
 0.108623277E-02 0.137024421E-02 0.166268300E-02 0.196365674E-02 0.227326487E-02
 0.259159318E-02 0.291870735E-02 0.325464526E-02 0.359940782E-02 0.395294806E-02
 0.431515811E-02 0.468585374E-02 0.506475589E-02 0.545146905E-02 0.584545630E-02
 0.624601190E-02 0.665223405E-02 0.706300373E-02 0.747697866E-02 0.789261172E-02
 0.834382075E-02 0.893096843E-02 0.951888859E-02 0.101025422E-01 0.106793663E-01
 0.112464218E-01 0.118003636E-01 0.123374645E-01 0.128536883E-01 0.133448124E-01
 0.138065940E-01 0.142349736E-01 0.146262997E-01 0.149775532E-01 0.152865437E-01
 0.155520515E-01 0.157738941E-01 0.159529083E-01 0.160908527E-01 0.161902484E-01
 0.162541825E-01 0.162861018E-01 0.162896184E-01 0.162683448E-01 0.162257650E-01
 0.161651433E-01 0.160894675E-01 0.160014211E-01 0.159033757E-01 0.157974003E-01
 0.156852792E-01 0.155685364E-01 0.154484620E-01 0.153261398E-01 0.152024730E-01
 0.150782087E-01 0.149539601E-01 0.148302262E-01 0.147074092E-01 0.145858298E-01
 0.144657398E-01 0.143473340E-01 0.142307590E-01 0.141161219E-01 0.140034971E-01
-0.868642573E-03-0.104754780E-02-0.111505070E-02-0.120308382E-02-0.128125775E-02
-0.134710954E-02-0.141631863E-02-0.148752145E-02-0.156418045E-02-0.164618051E-02
-0.173347410E-02-0.182602992E-02-0.192370267E-02-0.202578650E-02-0.213152784E-02
-0.224013483E-02-0.235078716E-02-0.246264568E-02-0.257486147E-02-0.268658424E-02
-0.279696986E-02-0.290518703E-02-0.301042311E-02-0.311188895E-02-0.320882292E-02
-0.330049405E-02-0.338620455E-02-0.346529142E-02-0.353712773E-02-0.360112321E-02
-0.365672454E-02-0.370341536E-02-0.374071604E-02-0.376818349E-02-0.378541081E-02
-0.379202727E-02-0.378769832E-02-0.377212595E-02-0.374504950E-02-0.370624677E-02
-0.365553572E-02-0.359277674E-02-0.351787545E-02-0.343078623E-02-0.333151627E-02
-0.322013041E-02-0.309675653E-02-0.296159152E-02-0.281490782E-02-0.265706033E-02
-0.248849346E-02-0.230974804E-02-0.212147036E-02-0.192441075E-02-0.171947397E-02
-0.150745336E-02-0.128828320E-02-0.106199140E-02-0.828584928E-03-0.588062276E-03
-0.340413754E-03-0.856229674E-04 0.176331386E-03 0.445473405E-03 0.721827505E-03
 0.100541554E-02 0.129625346E-02 0.159434742E-02 0.189968928E-02 0.221225134E-02
 0.253198031E-02 0.285879017E-02 0.319255390E-02 0.353309383E-02 0.388017004E-02
 0.423346672E-02 0.459257545E-02 0.495697448E-02 0.532600224E-02 0.569882246E-02
 0.607437702E-02 0.645132432E-02 0.682797512E-02 0.720229301E-02 0.760604589E-02
 0.813468829E-02 0.866004064E-02 0.917817078E-02 0.968755204E-02 0.101862826E-01
 0.106721237E-01 0.111425863E-01 0.115950274E-01 0.120267504E-01 0.124351122E-01
 0.128176347E-01 0.131721158E-01 0.134967332E-01 0.137901312E-01 0.140514834E-01
 0.142805240E-01 0.144775453E-01 0.146433628E-01 0.147792524E-01 0.148868685E-01
 0.149681510E-01 0.150252304E-01 0.150603388E-01 0.150757316E-01 0.150736224E-01
 0.150561343E-01 0.150252636E-01 0.149828575E-01 0.149306018E-01 0.148700174E-01
 0.148024624E-01 0.147291395E-01 0.146511055E-01 0.145692827E-01 0.144844716E-01
 0.143973626E-01 0.143085485E-01 0.142185353E-01 0.141277533E-01 0.140365661E-01
 0.139452792E-01 0.138541485E-01 0.137633860E-01 0.136731667E-01-0.853700778E-03
-0.103530006E-02-0.112797398E-02-0.122140460E-02-0.130445237E-02-0.137572923E-02
-0.145180245E-02-0.153177344E-02-0.161794523E-02-0.171033396E-02-0.180894998E-02
-0.191379551E-02-0.202416588E-02-0.213927524E-02-0.225829159E-02-0.238034839E-02
-0.250455544E-02-0.263000906E-02-0.275580141E-02-0.288102900E-02-0.300480028E-02
-0.312624217E-02-0.324450571E-02-0.335877064E-02-0.346824904E-02-0.357218811E-02
-0.366987210E-02-0.376062352E-02-0.384380372E-02-0.391881292E-02-0.398508989E-02
-0.404211123E-02-0.408939057E-02-0.412647762E-02-0.415295726E-02-0.416844880E-02
-0.417260540E-02-0.416511385E-02-0.414569477E-02-0.411410327E-02-0.407013010E-02
-0.401360357E-02-0.394439191E-02-0.386240659E-02-0.376760612E-02-0.366000082E-02
-0.353965816E-02-0.340670892E-02-0.326135400E-02-0.310387177E-02-0.293462595E-02
-0.275407388E-02-0.256277499E-02-0.236139908E-02-0.215073550E-02-0.193169640E-02
-0.170535310E-02-0.147257324E-02-0.123332762E-02-0.987667319E-03-0.735632579E-03
-0.477260070E-03-0.212585018E-03 0.583566389E-04 0.335525848E-03 0.618877768E-03
 0.908358763E-03 0.120390303E-02 0.150542880E-02 0.181283409E-02 0.212599192E-02
 0.244474501E-02 0.276889988E-02 0.309822035E-02 0.343242029E-02 0.377115570E-02
 0.411401585E-02 0.446051323E-02 0.481007158E-02 0.516200999E-02 0.551551746E-02
 0.586959954E-02 0.622292033E-02 0.657305131E-02 0.694372770E-02 0.741888788E-02
 0.788751004E-02 0.834937612E-02 0.880352418E-02 0.924836950E-02 0.968210792E-02
 0.101028387E-01 0.105086336E-01 0.108975945E-01 0.112679095E-01 0.116179094E-01
 0.119461217E-01 0.122513209E-01 0.125325687E-01 0.127892445E-01 0.130210606E-01
 0.132280630E-01 0.134106172E-01 0.135693808E-01 0.137052659E-01 0.138193942E-01
 0.139130487E-01 0.139876253E-01 0.140445869E-01 0.140854225E-01 0.141116118E-01
 0.141245964E-01 0.141257584E-01 0.141164036E-01 0.140977517E-01 0.140709297E-01
 0.140369700E-01 0.139968111E-01 0.139513000E-01 0.139011970E-01 0.138471808E-01
 0.137898543E-01 0.137297511E-01 0.136673414E-01 0.136030381E-01 0.135372029E-01
 0.134701512E-01 0.134021574E-01 0.133334597E-01-0.846805800E-03-0.103232735E-02
-0.114175224E-02-0.124131440E-02-0.132979538E-02-0.140731981E-02-0.149058081E-02
-0.157874969E-02-0.167411675E-02-0.177668817E-02-0.188648568E-02-0.200301598E-02
-0.212546100E-02-0.225295087E-02-0.238457511E-02-0.251939409E-02-0.265645008E-02
-0.279477768E-02-0.293341340E-02-0.307140427E-02-0.320781541E-02-0.334173652E-02
-0.347228725E-02-0.359862152E-02-0.371993075E-02-0.383544617E-02-0.394444030E-02
-0.404622749E-02-0.414016398E-02-0.422564729E-02-0.430211520E-02-0.436904447E-02
-0.442594927E-02-0.447237965E-02-0.450791997E-02-0.453218746E-02-0.454483110E-02
-0.454553077E-02-0.453399684E-02-0.450997031E-02-0.447322344E-02-0.442356113E-02
-0.436082297E-02-0.428488597E-02-0.419566823E-02-0.409313331E-02-0.397729544E-02
-0.384822565E-02-0.370605852E-02-0.355099986E-02-0.338333485E-02-0.320343689E-02
-0.301177673E-02-0.280893183E-02-0.259559565E-02-0.237258661E-02-0.214085670E-02
-0.190149542E-02-0.165578199E-02-0.140444367E-02-0.114751974E-02-0.885084823E-03
-0.617215512E-03-0.343991279E-03-0.654965256E-04 0.218177257E-03 0.506929153E-03
 0.800646250E-03 0.109920083E-02 0.140244736E-02 0.171021928E-02 0.202232576E-02
 0.233854839E-02 0.265863809E-02 0.298231258E-02 0.330925470E-02 0.363911264E-02
 0.397150337E-02 0.430602193E-02 0.464226189E-02 0.497985723E-02 0.531856694E-02
 0.565843688E-02 0.600001987E-02 0.635833851E-02 0.677367460E-02 0.719068793E-02
 0.760526716E-02 0.801487799E-02 0.841742699E-02 0.881107635E-02 0.919413941E-02
 0.956503929E-02 0.992230143E-02 0.102645636E-01 0.105905944E-01 0.108993154E-01
 0.111898225E-01 0.114614047E-01 0.117135580E-01 0.119459927E-01 0.121586337E-01
 0.123516140E-01 0.125252616E-01 0.126800801E-01 0.128167259E-01 0.129359823E-01
 0.130387319E-01 0.131259304E-01 0.131985801E-01 0.132577072E-01 0.133043410E-01
 0.133394966E-01 0.133641608E-01 0.133792810E-01 0.133857576E-01 0.133844378E-01
 0.133761130E-01 0.133615170E-01 0.133413259E-01 0.133161595E-01 0.132865832E-01
 0.132531108E-01 0.132162070E-01 0.131762914E-01 0.131337411E-01 0.130888946E-01
 0.130420548E-01 0.129934924E-01-0.889874133E-03-0.107836841E-02-0.116054388E-02
-0.126213815E-02-0.135596542E-02-0.143972209E-02-0.153014749E-02-0.162652645E-02
-0.173095724E-02-0.184349952E-02-0.196398993E-02-0.209160915E-02-0.222546931E-02
-0.236462954E-02-0.250811013E-02-0.265490569E-02-0.280399729E-02-0.295436364E-02
-0.310499111E-02-0.325488263E-02-0.340306530E-02-0.354859691E-02-0.369057102E-02
-0.382812108E-02-0.396042323E-02-0.408669821E-02-0.420621221E-02-0.431827702E-02
-0.442224935E-02-0.451752968E-02-0.460356060E-02-0.467982486E-02-0.474584323E-02
-0.480117228E-02-0.484540217E-02-0.487815468E-02-0.489908141E-02-0.490786238E-02
-0.490420502E-02-0.488784379E-02-0.485854025E-02-0.481608394E-02-0.476029391E-02
-0.469102105E-02-0.460815129E-02-0.451160960E-02-0.440136493E-02-0.427743605E-02
-0.413989819E-02-0.398889060E-02-0.382462487E-02-0.364739391E-02-0.345758148E-02
-0.325567215E-02-0.304226131E-02-0.281806511E-02-0.258392995E-02-0.234084092E-02
-0.208992936E-02-0.183247192E-02-0.156998906E-02-0.130282205E-02-0.103108238E-02
-0.754878877E-03-0.474326759E-03-0.189548494E-03 0.993247667E-04 0.392151455E-03
 0.688777650E-03 0.989035053E-03 0.129273896E-02 0.159968631E-02 0.190965402E-02
 0.222239765E-02 0.253765073E-02 0.285512506E-02 0.317451234E-02 0.349548769E-02
 0.381771553E-02 0.414085782E-02 0.446458326E-02 0.478857199E-02 0.511250302E-02
 0.543600457E-02 0.577211905E-02 0.615897495E-02 0.654481576E-02 0.692727565E-02
 0.730494634E-02 0.767641363E-02 0.804030776E-02 0.839532500E-02 0.874023782E-02
 0.907390288E-02 0.939527020E-02 0.970339378E-02 0.999744297E-02 0.102767133E-01
 0.105406358E-01 0.107887838E-01 0.110208766E-01 0.112367798E-01 0.114365015E-01
 0.116201853E-01 0.117881002E-01 0.119406279E-01 0.120782478E-01 0.122015218E-01
 0.123110775E-01 0.124075924E-01 0.124917786E-01 0.125643687E-01 0.126261028E-01
 0.126777180E-01 0.127199388E-01 0.127534696E-01 0.127789889E-01 0.127971446E-01
 0.128085510E-01 0.128137869E-01 0.128133945E-01 0.128078793E-01 0.127977102E-01
 0.127833210E-01 0.127651114E-01 0.127434484E-01 0.127186687E-01 0.126910797E-01
 0.126609623E-01-0.880933527E-03-0.107263695E-02-0.117554732E-02-0.128279608E-02
-0.138208274E-02-0.147204715E-02-0.156950887E-02-0.167380451E-02-0.178701150E-02
-0.190919651E-02-0.203975024E-02-0.217777803E-02-0.232232106E-02-0.247237111E-02
-0.262688483E-02-0.278479736E-02-0.294503501E-02-0.310652690E-02-0.326821543E-02
-0.342906529E-02-0.358807132E-02-0.374426481E-02-0.389671857E-02-0.404455066E-02
-0.418692690E-02-0.432306233E-02-0.445222157E-02-0.457371841E-02-0.468691461E-02
-0.479121814E-02-0.488608093E-02-0.497099631E-02-0.504549631E-02-0.510914879E-02
-0.516155472E-02-0.520234556E-02-0.523118095E-02-0.524774671E-02-0.525175334E-02
-0.524293505E-02-0.522104935E-02-0.518587738E-02-0.513722494E-02-0.507492436E-02
-0.499883721E-02-0.490885788E-02-0.480491810E-02-0.468699241E-02-0.455510454E-02
-0.440933474E-02-0.424982798E-02-0.407680291E-02-0.389056160E-02-0.369149976E-02
-0.348011741E-02-0.325702958E-02-0.302297702E-02-0.277883633E-02-0.252562943E-02
-0.226453185E-02-0.199688056E-02-0.172416734E-02-0.144777454E-02-0.116777852E-02
-0.884319295E-03-0.597540857E-03-0.307593025E-03-0.146332235E-04 0.281171783E-03
 0.579644257E-03 0.880593982E-03 0.118381689E-02 0.148909388E-02 0.179618982E-02
 0.210485277E-02 0.241481346E-02 0.272578476E-02 0.303746108E-02 0.334951701E-02
 0.366160436E-02 0.397334615E-02 0.428432637E-02 0.459407539E-02 0.490205519E-02
 0.522066915E-02 0.558652568E-02 0.595025886E-02 0.630999617E-02 0.666482903E-02
 0.701381076E-02 0.735598220E-02 0.769039589E-02 0.801613615E-02 0.833233524E-02
 0.863818658E-02 0.893295590E-02 0.921599076E-02 0.948672851E-02 0.974470254E-02
 0.998954676E-02 0.102209980E-01 0.104388963E-01 0.106431832E-01 0.108338976E-01
 0.110111705E-01 0.111752168E-01 0.113263278E-01 0.114648607E-01 0.115912291E-01
 0.117058924E-01 0.118093462E-01 0.119021123E-01 0.119847298E-01 0.120577471E-01
 0.121217143E-01 0.121771772E-01 0.122246720E-01 0.122647207E-01 0.122978280E-01
 0.123244781E-01 0.123451334E-01 0.123602329E-01 0.123701913E-01 0.123753994E-01
 0.123762233E-01 0.123730057E-01 0.123660660E-01 0.123557014E-01 0.123421877E-01
-0.871847338E-03-0.106755881E-02-0.118928847E-02-0.130279600E-02-0.140732170E-02
-0.150316263E-02-0.160736402E-02-0.171934416E-02-0.184103770E-02-0.197230800E-02
-0.211227709E-02-0.225999112E-02-0.241443273E-02-0.257453641E-02-0.273920379E-02
-0.290731821E-02-0.307775832E-02-0.324941031E-02-0.342117876E-02-0.359199604E-02
-0.376083017E-02-0.392669114E-02-0.408863585E-02-0.424577153E-02-0.439725799E-02
-0.454230857E-02-0.468019014E-02-0.481022211E-02-0.493177478E-02-0.504426698E-02
-0.514716327E-02-0.523997092E-02-0.532223651E-02-0.539354266E-02-0.545350469E-02
-0.550176753E-02-0.553800284E-02-0.556190654E-02-0.557319680E-02-0.557161253E-02
-0.555691253E-02-0.552887526E-02-0.548729947E-02-0.543200549E-02-0.536283750E-02
-0.527966665E-02-0.518239513E-02-0.507096117E-02-0.494534513E-02-0.480557639E-02
-0.465174137E-02-0.448399230E-02-0.430255688E-02-0.410774866E-02-0.389997787E-02
-0.367976269E-02-0.344774060E-02-0.320467943E-02-0.295148790E-02-0.268922511E-02
-0.241910846E-02-0.214251912E-02-0.186100598E-02-0.157632664E-02-0.128905457E-02
-0.999342858E-03-0.707347787E-03-0.413231030E-03-0.117161388E-03 0.180683861E-03
 0.480117820E-03 0.780942961E-03 0.108295021E-02 0.138591810E-02 0.168961187E-02
 0.199378253E-02 0.229816556E-02 0.260247907E-02 0.290642103E-02 0.320966476E-02
 0.351185174E-02 0.381257902E-02 0.411137357E-02 0.440762923E-02 0.471302408E-02
 0.506268894E-02 0.540956837E-02 0.575225879E-02 0.609015140E-02 0.642255728E-02
 0.674875872E-02 0.706803621E-02 0.737968652E-02 0.768303663E-02 0.797745506E-02
 0.826236114E-02 0.853723265E-02 0.880161202E-02 0.905511099E-02 0.929741396E-02
 0.952827990E-02 0.974754285E-02 0.995511103E-02 0.101509647E-01 0.103351530E-01
 0.105077891E-01 0.106690455E-01 0.108191479E-01 0.109583687E-01 0.110870205E-01
 0.112054495E-01 0.113140287E-01 0.114131518E-01 0.115032270E-01 0.115846718E-01
 0.116579079E-01 0.117233568E-01 0.117814362E-01 0.118325564E-01 0.118771181E-01
 0.119155099E-01 0.119481069E-01 0.119752690E-01 0.119973405E-01 0.120146495E-01
 0.120275073E-01 0.120362086E-01 0.120410319E-01 0.120422394E-01-0.911891937E-03
-0.111017599E-02-0.120690909E-02-0.132204812E-02-0.143126287E-02-0.153239985E-02
-0.164288474E-02-0.176239830E-02-0.189219357E-02-0.203186203E-02-0.218049123E-02
-0.233708075E-02-0.250056292E-02-0.266982173E-02-0.284371008E-02-0.302106567E-02
-0.320072536E-02-0.338153808E-02-0.356237606E-02-0.374214445E-02-0.391978927E-02
-0.409430370E-02-0.426473280E-02-0.443017679E-02-0.458979284E-02-0.474279577E-02
-0.488845750E-02-0.502610571E-02-0.515512161E-02-0.527493713E-02-0.538503166E-02
-0.548492843E-02-0.557419074E-02-0.565241810E-02-0.571924250E-02-0.577432475E-02
-0.581735122E-02-0.584803089E-02-0.586609284E-02-0.587128433E-02-0.586336945E-02
-0.584212851E-02-0.580735806E-02-0.575887188E-02-0.569650265E-02-0.562010469E-02
-0.552955751E-02-0.542477042E-02-0.530568815E-02-0.517229737E-02-0.502463431E-02
-0.486279334E-02-0.468693634E-02-0.449730303E-02-0.429422186E-02-0.407812150E-02
-0.384954255E-02-0.360914932E-02-0.335774132E-02-0.309626395E-02-0.282581824E-02
-0.254766893E-02-0.226325067E-02-0.197417182E-02-0.168220959E-02-0.138867580E-02
-0.109371806E-02-0.797490688E-03-0.500155547E-03-0.201882031E-03 0.971526586E-04
 0.396763126E-03 0.696755381E-03 0.996926463E-03 0.129706410E-02 0.159694638E-02
 0.189634134E-02 0.219500649E-02 0.249268824E-02 0.278912144E-02 0.308402984E-02
 0.337713012E-02 0.366814686E-02 0.395685701E-02 0.425377817E-02 0.458913852E-02
 0.492240823E-02 0.525197240E-02 0.557714434E-02 0.589728298E-02 0.621176901E-02
 0.652000186E-02 0.682140377E-02 0.711542566E-02 0.740155329E-02 0.767931277E-02
 0.794827539E-02 0.820806157E-02 0.845834394E-02 0.869884952E-02 0.892936107E-02
 0.914971749E-02 0.935981339E-02 0.955959786E-02 0.974907244E-02 0.992828845E-02
 0.100973437E-01 0.102563787E-01 0.104055727E-01 0.105451390E-01 0.106753208E-01
 0.107963864E-01 0.109086249E-01 0.110123420E-01 0.111078556E-01 0.111954923E-01
 0.112755840E-01 0.113484643E-01 0.114144665E-01 0.114739204E-01 0.115271508E-01
 0.115744756E-01 0.116162043E-01 0.116526369E-01 0.116840634E-01 0.117107624E-01
 0.117330016E-01 0.117510368E-01 0.117651120E-01-0.906965474E-03-0.110812036E-02
-0.122024426E-02-0.134012932E-02-0.145400535E-02-0.156040178E-02-0.167679699E-02
-0.180289750E-02-0.193993781E-02-0.208715580E-02-0.224357791E-02-0.240814833E-02
-0.257974771E-02-0.275721154E-02-0.293934753E-02-0.312495198E-02-0.331282455E-02
-0.350178149E-02-0.369066716E-02-0.387836375E-02-0.406379922E-02-0.424595357E-02
-0.442386330E-02-0.459662446E-02-0.476339418E-02-0.492339090E-02-0.507589351E-02
-0.522023952E-02-0.535582246E-02-0.548208856E-02-0.559853309E-02-0.570469627E-02
-0.580015907E-02-0.588453897E-02-0.595748569E-02-0.601867726E-02-0.606781627E-02
-0.610462647E-02-0.612884994E-02-0.614024471E-02-0.613858297E-02-0.612365005E-02
-0.609524408E-02-0.605317640E-02-0.599727297E-02-0.592737653E-02-0.584334978E-02
-0.574507956E-02-0.563248198E-02-0.550550859E-02-0.536415362E-02-0.520846211E-02
-0.503853914E-02-0.485455984E-02-0.465678023E-02-0.444554869E-02-0.422131795E-02
-0.398465715E-02-0.373626395E-02-0.347697611E-02-0.320778217E-02-0.292983077E-02
-0.264443800E-02-0.235309201E-02-0.205745418E-02-0.175935649E-02-0.146065552E-02
-0.116149270E-02-0.862023457E-03-0.562407785E-03-0.262810946E-03 0.365960622E-04
 0.335636324E-03 0.634127092E-03 0.931880173E-03 0.122870262E-02 0.152439775E-02
 0.181876643E-02 0.211160846E-02 0.240272377E-02 0.269191265E-02 0.297897371E-02
 0.326369741E-02 0.354585178E-02 0.383544946E-02 0.416162993E-02 0.448552935E-02
 0.480582750E-02 0.512197961E-02 0.543343432E-02 0.573965007E-02 0.604010504E-02
 0.633430343E-02 0.662177965E-02 0.690210142E-02 0.717487230E-02 0.743973377E-02
 0.769636703E-02 0.794449443E-02 0.818388054E-02 0.841433275E-02 0.863570147E-02
 0.884787982E-02 0.905080282E-02 0.924444616E-02 0.942882449E-02 0.960398933E-02
 0.977002665E-02 0.992705415E-02 0.100752184E-01 0.102146917E-01 0.103456690E-01
 0.104683648E-01 0.105830101E-01 0.106898491E-01 0.107891367E-01 0.108811357E-01
 0.109661144E-01 0.110443439E-01 0.111160966E-01 0.111816441E-01 0.112412557E-01
 0.112951968E-01 0.113437280E-01 0.113871041E-01 0.114255732E-01 0.114593758E-01
 0.114887451E-01 0.115139057E-01-0.894141759E-03-0.109880680E-02-0.123123713E-02
-0.135683055E-02-0.147509311E-02-0.158635484E-02-0.170815809E-02-0.184022326E-02
-0.198366244E-02-0.213754761E-02-0.230085137E-02-0.247246619E-02-0.265122392E-02
-0.283591462E-02-0.302530439E-02-0.321815198E-02-0.341322383E-02-0.360930751E-02
-0.380522331E-02-0.399983401E-02-0.419205278E-02-0.438084926E-02-0.456525389E-02
-0.474436062E-02-0.491732819E-02-0.508338001E-02-0.524180291E-02-0.539194494E-02
-0.553321236E-02-0.566506597E-02-0.578701703E-02-0.589862276E-02-0.599948186E-02
-0.608922977E-02-0.616753416E-02-0.623409057E-02-0.628861829E-02-0.633085667E-02
-0.636056183E-02-0.637750395E-02-0.638146508E-02-0.637223772E-02-0.634962410E-02
-0.631343617E-02-0.626349665E-02-0.619964077E-02-0.612171910E-02-0.602960130E-02
-0.592318088E-02-0.580238102E-02-0.566716134E-02-0.551752577E-02-0.535353138E-02
-0.517529815E-02-0.498301964E-02-0.477697435E-02-0.455753773E-02-0.432519456E-02
-0.408055136E-02-0.382434870E-02-0.355747282E-02-0.328096623E-02-0.299603672E-02
-0.270406428E-02-0.240660536E-02-0.210539391E-02-0.180233891E-02-0.149953846E-02
-0.119720633E-02-0.895488314E-03-0.594534853E-03-0.294501448E-03 0.445131014E-05
 0.302158144E-03 0.598450033E-03 0.893155847E-03 0.118610490E-02 0.147713064E-02
 0.176607583E-02 0.205279908E-02 0.233718208E-02 0.261913446E-02 0.289858882E-02
 0.317547389E-02 0.345962398E-02 0.377934984E-02 0.409702051E-02 0.441132767E-02
 0.472170536E-02 0.502760018E-02 0.532849457E-02 0.562391242E-02 0.591341788E-02
 0.619661237E-02 0.647313226E-02 0.674264730E-02 0.700485992E-02 0.725950509E-02
 0.750635042E-02 0.774519642E-02 0.797587670E-02 0.819825793E-02 0.841223975E-02
 0.861775420E-02 0.881476506E-02 0.900326679E-02 0.918328321E-02 0.935486599E-02
 0.951809288E-02 0.967306576E-02 0.981990859E-02 0.995876524E-02 0.100897973E-01
 0.102131819E-01 0.103291092E-01 0.104377810E-01 0.105394076E-01 0.106342068E-01
 0.107224017E-01 0.108042189E-01 0.108798869E-01 0.109496352E-01 0.110136922E-01
 0.110722851E-01 0.111256379E-01 0.111739713E-01 0.112175018E-01 0.112564408E-01
 0.112909947E-01-0.930007402E-03-0.113648584E-02-0.124564884E-02-0.137210451E-02
-0.149411349E-02-0.160971189E-02-0.173633436E-02-0.187371078E-02-0.202272811E-02
-0.218241311E-02-0.235169291E-02-0.252941571E-02-0.271437109E-02-0.290530954E-02
-0.310096084E-02-0.330005102E-02-0.350131778E-02-0.370352404E-02-0.390546970E-02
-0.410600135E-02-0.430402010E-02-0.449848755E-02-0.468842990E-02-0.487294041E-02
-0.505118037E-02-0.522237871E-02-0.538583039E-02-0.554089388E-02-0.568698779E-02
-0.582358690E-02-0.595021769E-02-0.606645363E-02-0.617191025E-02-0.626624023E-02
-0.634912854E-02-0.642028775E-02-0.647945367E-02-0.652638127E-02-0.656084111E-02
-0.658261618E-02-0.659149939E-02-0.658729170E-02-0.656980100E-02-0.653884180E-02
-0.649423583E-02-0.643581358E-02-0.636341682E-02-0.627690203E-02-0.617614490E-02
-0.606104577E-02-0.593153617E-02-0.578758623E-02-0.562921328E-02-0.545649125E-02
-0.526956117E-02-0.506864233E-02-0.485404426E-02-0.462617917E-02-0.438557471E-02
-0.413288667E-02-0.386891142E-02-0.359459743E-02-0.331105568E-02-0.301956818E-02
-0.272159421E-02-0.241877351E-02-0.211292594E-02-0.180604681E-02-0.150029423E-02
-0.119588580E-02-0.892954326E-03-0.591639663E-03-0.292088677E-03 0.554483651E-05
 0.301100664E-03 0.594413355E-03 0.885314463E-03 0.117363649E-02 0.145921982E-02
 0.174192503E-02 0.202165639E-02 0.229840848E-02 0.257236091E-02 0.284403236E-02
 0.312390041E-02 0.343988771E-02 0.375482468E-02 0.406669228E-02 0.437458252E-02
 0.467786464E-02 0.497605793E-02 0.526876434E-02 0.555563663E-02 0.583636322E-02
 0.611066097E-02 0.637827188E-02 0.663896170E-02 0.689251968E-02 0.713875869E-02
 0.737751568E-02 0.760865204E-02 0.783205394E-02 0.804763249E-02 0.825532370E-02
 0.845508821E-02 0.864691081E-02 0.883079974E-02 0.900678576E-02 0.917492111E-02
 0.933527823E-02 0.948794839E-02 0.963304022E-02 0.977067816E-02 0.990100090E-02
 0.100241597E-01 0.101403169E-01 0.102496441E-01 0.103523211E-01 0.104485340E-01
 0.105384737E-01 0.106223354E-01 0.107003164E-01 0.107726156E-01 0.108394323E-01
 0.109009652E-01 0.109574120E-01 0.110089679E-01 0.110558259E-01 0.110981753E-01
-0.928070568E-03-0.113668420E-02-0.125553178E-02-0.138537323E-02-0.151075975E-02
-0.163012114E-02-0.176090213E-02-0.190283928E-02-0.205662255E-02-0.222124714E-02
-0.239560446E-02-0.257850655E-02-0.276870790E-02-0.296492587E-02-0.316585977E-02
-0.337020820E-02-0.357668480E-02-0.378403202E-02-0.399103286E-02-0.419652074E-02
-0.439938713E-02-0.459858746E-02-0.479314500E-02-0.498215314E-02-0.516477609E-02
-0.534024817E-02-0.550787198E-02-0.566701557E-02-0.581710878E-02-0.595763899E-02
-0.608814642E-02-0.620821915E-02-0.631748801E-02-0.641562138E-02-0.650232020E-02
-0.657731306E-02-0.664035157E-02-0.669120607E-02-0.672966167E-02-0.675551471E-02
-0.676856975E-02-0.676863716E-02-0.675553141E-02-0.672907041E-02-0.668907583E-02
-0.663537460E-02-0.656780132E-02-0.648620169E-02-0.639043681E-02-0.628038850E-02
-0.615596543E-02-0.601711036E-02-0.586380829E-02-0.569609567E-02-0.551407046E-02
-0.531790323E-02-0.510784892E-02-0.488425933E-02-0.464759596E-02-0.439844313E-02
-0.413752078E-02-0.386569691E-02-0.358399888E-02-0.329362328E-02-0.299594366E-02
-0.269251566E-02-0.238507872E-02-0.207555386E-02-0.176603682E-02-0.145854043E-02
-0.115318359E-02-0.850090943E-03-0.549396452E-03-0.251245620E-03 0.442029782E-04
 0.336776396E-03 0.626285962E-03 0.912525505E-03 0.119526851E-02 0.147426267E-02
 0.174921774E-02 0.201977428E-02 0.228540466E-02 0.254498431E-02 0.281312716E-02
 0.313915726E-02 0.345899362E-02 0.377305655E-02 0.408165456E-02 0.438475804E-02
 0.468223543E-02 0.497391725E-02 0.525961965E-02 0.553915514E-02 0.581233870E-02
 0.607899177E-02 0.633894517E-02 0.659204152E-02 0.683813715E-02 0.707710371E-02
 0.730882947E-02 0.753322032E-02 0.775020053E-02 0.795971317E-02 0.816172041E-02
 0.835620342E-02 0.854316223E-02 0.872261526E-02 0.889459872E-02 0.905916589E-02
 0.921638621E-02 0.936634428E-02 0.950913883E-02 0.964488153E-02 0.977369583E-02
 0.989571576E-02 0.100110847E-01 0.101199542E-01 0.102224829E-01 0.103188351E-01
 0.104091800E-01 0.104936905E-01 0.105725423E-01 0.106459128E-01 0.107139807E-01
 0.107769245E-01 0.108349228E-01 0.108881525E-01 0.109367893E-01-0.910551374E-03
-0.112178854E-02-0.126204801E-02-0.139651826E-02-0.152482994E-02-0.164736348E-02
-0.178161029E-02-0.192728921E-02-0.208499721E-02-0.225369007E-02-0.243222500E-02
-0.261938245E-02-0.281388740E-02-0.301442988E-02-0.321968417E-02-0.342832655E-02
-0.363905115E-02-0.385058384E-02-0.406169415E-02-0.427120498E-02-0.447800028E-02
-0.468103078E-02-0.487931774E-02-0.507195503E-02-0.525810956E-02-0.543702042E-02
-0.560799677E-02-0.577041473E-02-0.592371356E-02-0.606739115E-02-0.620099915E-02
-0.632413784E-02-0.643645087E-02-0.653762001E-02-0.662736009E-02-0.670541406E-02
-0.677154833E-02-0.682554841E-02-0.686721469E-02-0.689635844E-02-0.691279799E-02
-0.691635506E-02-0.690685180E-02-0.688410904E-02-0.684794698E-02-0.679818735E-02
-0.673465661E-02-0.665718975E-02-0.656563479E-02-0.645985783E-02-0.633974899E-02
-0.620522920E-02-0.605625800E-02-0.589284228E-02-0.571504608E-02-0.552300137E-02
-0.531691965E-02-0.509710433E-02-0.486396365E-02-0.461802390E-02-0.435994271E-02
-0.409052188E-02-0.381071951E-02-0.352166081E-02-0.322464711E-02-0.292116249E-02
-0.261287743E-02-0.230164900E-02-0.198951723E-02-0.167869744E-02-0.137063684E-02
-0.106542111E-02-0.763157541E-03-0.463974232E-03-0.168020932E-03 0.124528974E-03
 0.413475292E-03 0.698586362E-03 0.979592317E-03 0.125617531E-02 0.152795561E-02
 0.179447395E-02 0.205517818E-02 0.230944692E-02 0.257456411E-02 0.290136671E-02
 0.322315632E-02 0.353867289E-02 0.384807100E-02 0.415144031E-02 0.444880008E-02
 0.474011547E-02 0.502531450E-02 0.530430118E-02 0.557696525E-02 0.584318939E-02
 0.610285477E-02 0.635584526E-02 0.660205078E-02 0.684136993E-02 0.707371205E-02
 0.729899884E-02 0.751716556E-02 0.772816193E-02 0.793195273E-02 0.812851811E-02
 0.831785372E-02 0.849997058E-02 0.867489489E-02 0.884266752E-02 0.900334350E-02
 0.915699136E-02 0.930369236E-02 0.944353963E-02 0.957663735E-02 0.970309976E-02
 0.982305023E-02 0.993662032E-02 0.100439488E-01 0.101451807E-01 0.102404663E-01
 0.103299605E-01 0.104138217E-01 0.104922110E-01 0.105652916E-01 0.106332280E-01
 0.106961853E-01 0.107543284E-01 0.108078219E-01-0.941412211E-03-0.115339778E-02
-0.127160800E-02-0.140568435E-02-0.153613395E-02-0.166113400E-02-0.179810680E-02
-0.194676806E-02-0.210758123E-02-0.227948065E-02-0.246130046E-02-0.265179775E-02
-0.284967498E-02-0.305360099E-02-0.326223071E-02-0.347422307E-02-0.368825706E-02
-0.390304579E-02-0.411734835E-02-0.432997962E-02-0.453981781E-02-0.474581013E-02
-0.494697638E-02-0.514241086E-02-0.533128264E-02-0.551283449E-02-0.568638052E-02
-0.585130292E-02-0.600704792E-02-0.615312109E-02-0.628908235E-02-0.641454069E-02
-0.652914891E-02-0.663259845E-02-0.672461444E-02-0.680495116E-02-0.687338786E-02
-0.692972495E-02-0.697378041E-02-0.700538581E-02-0.702438143E-02-0.703060944E-02
-0.702390473E-02-0.700408643E-02-0.697096401E-02-0.692434500E-02-0.686404127E-02
-0.678987393E-02-0.670167764E-02-0.659930507E-02-0.648263196E-02-0.635156315E-02
-0.620603964E-02-0.604604686E-02-0.587162398E-02-0.568287440E-02-0.547997715E-02
-0.526319913E-02-0.503290808E-02-0.478958588E-02-0.453384201E-02-0.426642681E-02
-0.398824403E-02-0.370036224E-02-0.340402457E-02-0.310065608E-02-0.279186806E-02
-0.247945858E-02-0.216540827E-02-0.185187031E-02-0.154115290E-02-0.123370771E-02
-0.929623119E-03-0.629007066E-03-0.331990110E-03-0.387283636E-04 0.250593117E-03
 0.535756289E-03 0.816505473E-03 0.109254283E-02 0.136352595E-02 0.162907165E-02
 0.188877289E-02 0.214223537E-02 0.240671278E-02 0.273240988E-02 0.305348247E-02
 0.336850193E-02 0.367747086E-02 0.398040599E-02 0.427731034E-02 0.456816235E-02
 0.485291551E-02 0.513150258E-02 0.540384131E-02 0.566984006E-02 0.592940270E-02
 0.618243279E-02 0.642883694E-02 0.666852759E-02 0.690142516E-02 0.712745975E-02
 0.734657256E-02 0.755871680E-02 0.776385844E-02 0.796197672E-02 0.815306432E-02
 0.833712751E-02 0.851418600E-02 0.868427270E-02 0.884743338E-02 0.900372616E-02
 0.915322094E-02 0.929599878E-02 0.943215118E-02 0.956177933E-02 0.968499334E-02
 0.980191140E-02 0.991265898E-02 0.100173680E-01 0.101161761E-01 0.102092257E-01
 0.102966634E-01 0.103786390E-01 0.104553049E-01 0.105268157E-01 0.105933271E-01
 0.106549955E-01 0.107119775E-01-0.941734457E-03-0.115481776E-02-0.127670563E-02
-0.141243613E-02-0.154454710E-02-0.167134628E-02-0.181030779E-02-0.196114255E-02
-0.212422174E-02-0.229845995E-02-0.248267281E-02-0.267559990E-02-0.287592716E-02
-0.308230812E-02-0.329338366E-02-0.350780019E-02-0.372422579E-02-0.394136431E-02
-0.415796734E-02-0.437284391E-02-0.458486812E-02-0.479298456E-02-0.499621192E-02
-0.519364468E-02-0.538445329E-02-0.556788282E-02-0.574325053E-02-0.590994235E-02
-0.606740860E-02-0.621515915E-02-0.635275818E-02-0.647981873E-02-0.659599734E-02
-0.670098883E-02-0.679452166E-02-0.687635398E-02-0.694627083E-02-0.700408274E-02
-0.704962599E-02-0.708276406E-02-0.710338805E-02-0.711140892E-02-0.710672275E-02
-0.708910198E-02-0.705829635E-02-0.701406724E-02-0.695619661E-02-0.688448766E-02
-0.679876436E-02-0.669887191E-02-0.658467930E-02-0.645608356E-02-0.631301589E-02
-0.615544930E-02-0.598340764E-02-0.579697589E-02-0.559631146E-02-0.538165651E-02
-0.515335086E-02-0.491184552E-02-0.465771627E-02-0.439167721E-02-0.411459368E-02
-0.382749416E-02-0.353158065E-02-0.322823682E-02-0.291903352E-02-0.260573088E-02
-0.229027668E-02-0.197480047E-02-0.166160387E-02-0.135199219E-02-0.104600991E-02
-0.743726886E-03-0.445237283E-03-0.150659814E-03 0.139860868E-03 0.426151428E-03
 0.708005152E-03 0.985173969E-03 0.125735467E-02 0.152416526E-02 0.178511015E-02
 0.203956203E-02 0.230433626E-02 0.262915585E-02 0.294889732E-02 0.326247406E-02
 0.357010078E-02 0.387187917E-02 0.416782785E-02 0.445791343E-02 0.474207089E-02
 0.502021608E-02 0.529225390E-02 0.555808396E-02 0.581760476E-02 0.607071698E-02
 0.631732594E-02 0.655734377E-02 0.679069097E-02 0.701729782E-02 0.723710532E-02
 0.745006609E-02 0.765614486E-02 0.785531889E-02 0.804757819E-02 0.823292558E-02
 0.841137658E-02 0.858295925E-02 0.874771384E-02 0.890569242E-02 0.905695835E-02
 0.920158577E-02 0.933965893E-02 0.947127157E-02 0.959652618E-02 0.971553333E-02
 0.982841085E-02 0.993528317E-02 0.100362805E-01 0.101315381E-01 0.102211957E-01
 0.103053965E-01 0.103842867E-01 0.104580150E-01 0.105267315E-01 0.105905877E-01
 0.106497354E-01-0.918904953E-03-0.113347373E-02-0.127768244E-02-0.141665692E-02
-0.154992831E-02-0.167788102E-02-0.181810836E-02-0.197031995E-02-0.213482927E-02
-0.231053967E-02-0.249625599E-02-0.269070735E-02-0.289256963E-02-0.310048679E-02
-0.331309094E-02-0.352902053E-02-0.374693672E-02-0.396553748E-02-0.418356959E-02
-0.439983835E-02-0.461321513E-02-0.482264279E-02-0.502713915E-02-0.522579861E-02
-0.541779217E-02-0.560236598E-02-0.577883873E-02-0.594659789E-02-0.610509528E-02
-0.625384184E-02-0.639240208E-02-0.652038814E-02-0.663745378E-02-0.674328843E-02
-0.683761157E-02-0.692016799E-02-0.699072463E-02-0.704907101E-02-0.709502680E-02
-0.712846420E-02-0.714936137E-02-0.715792033E-02-0.715481927E-02-0.713908418E-02
-0.711017419E-02-0.706775606E-02-0.701159593E-02-0.694150860E-02-0.685733562E-02
-0.675893768E-02-0.664619458E-02-0.651900922E-02-0.637731417E-02-0.622107990E-02
-0.605032439E-02-0.586512381E-02-0.566562421E-02-0.545205405E-02-0.522473738E-02
-0.498410747E-02-0.473072066E-02-0.446527007E-02-0.418859874E-02-0.390171180E-02
-0.360578710E-02-0.330218370E-02-0.299244757E-02-0.267831391E-02-0.236170523E-02
-0.204472470E-02-0.172964388E-02-0.141825352E-02-0.111057733E-02-0.806657420E-03
-0.506553241E-03-0.210340473E-03 0.818902362E-04 0.370034654E-03 0.653976498E-03
 0.933589188E-03 0.120873781E-02 0.147928129E-02 0.174507451E-02 0.200596993E-02
 0.227575036E-02 0.259419137E-02 0.290910433E-02 0.321921650E-02 0.352435019E-02
 0.382433239E-02 0.411899544E-02 0.440817723E-02 0.469172149E-02 0.496947817E-02
 0.524130393E-02 0.550706279E-02 0.576662694E-02 0.601987745E-02 0.626670508E-02
 0.650701102E-02 0.674070756E-02 0.696771866E-02 0.718798049E-02 0.740144173E-02
 0.760806393E-02 0.780782159E-02 0.800070224E-02 0.818670636E-02 0.836584726E-02
 0.853815075E-02 0.870365485E-02 0.886240933E-02 0.901447524E-02 0.915992430E-02
 0.929883836E-02 0.943130870E-02 0.955743535E-02 0.967732642E-02 0.979109732E-02
 0.989887006E-02 0.100007725E-01 0.100969377E-01 0.101875031E-01 0.102726099E-01
 0.103524024E-01 0.104270272E-01 0.104966330E-01 0.105613693E-01 0.106213868E-01
-0.944311937E-03-0.115841046E-02-0.128148476E-02-0.141857334E-02-0.155221293E-02
-0.168070242E-02-0.182149077E-02-0.197428125E-02-0.213937749E-02-0.231568834E-02
-0.250201734E-02-0.269708989E-02-0.289957745E-02-0.310811963E-02-0.332134445E-02
-0.353788676E-02-0.375640452E-02-0.397559306E-02-0.419419696E-02-0.441101980E-02
-0.462493167E-02-0.483487453E-02-0.503986567E-02-0.523899925E-02-0.543144626E-02
-0.561645304E-02-0.579333849E-02-0.596149030E-02-0.612036028E-02-0.626945897E-02
-0.640834968E-02-0.653664202E-02-0.665398485E-02-0.676005853E-02-0.685456613E-02
-0.693722254E-02-0.700773983E-02-0.706580552E-02-0.711104689E-02-0.714296850E-02
-0.716083702E-02-0.716346251E-02-0.716669083E-02-0.715452149E-02-0.712770903E-02
-0.708659469E-02-0.703129902E-02-0.696182498E-02-0.687811486E-02-0.678008359E-02
-0.666764001E-02-0.654070215E-02-0.639920981E-02-0.624313607E-02-0.607249865E-02
-0.588737168E-02-0.568789794E-02-0.547430179E-02-0.524690254E-02-0.500612830E-02
-0.475252994E-02-0.448679490E-02-0.420976043E-02-0.392242586E-02-0.362596327E-02
-0.332172602E-02-0.301125447E-02-0.269627817E-02-0.237871382E-02-0.206065823E-02
-0.174437561E-02-0.143174175E-02-0.112276648E-02-0.817472902E-03-0.515895353E-03
-0.218076565E-03 0.759361104E-04 0.366095897E-03 0.652364006E-03 0.934720845E-03
 0.121318379E-02 0.148783584E-02 0.175886658E-02 0.202659752E-02 0.230182210E-02
 0.261453896E-02 0.292525663E-02 0.323250652E-02 0.353571397E-02 0.383443039E-02
 0.412830163E-02 0.441703596E-02 0.470038374E-02 0.497812563E-02 0.525006578E-02
 0.551602781E-02 0.577585253E-02 0.602939648E-02 0.627653122E-02 0.651714295E-02
 0.675113224E-02 0.697841405E-02 0.719891765E-02 0.741258663E-02 0.761937886E-02
 0.781926639E-02 0.801223528E-02 0.819828541E-02 0.837743012E-02 0.854969589E-02
 0.871512186E-02 0.887375933E-02 0.902567119E-02 0.917093127E-02 0.930962373E-02
 0.944184230E-02 0.956768956E-02 0.968727622E-02 0.980072034E-02 0.990814654E-02
 0.100096853E-01 0.101054722E-01 0.101956472E-01 0.102803537E-01 0.103597384E-01
 0.104339500E-01 0.105031391E-01 0.105674573E-01 0.106270568E-01-0.946546745E-03
-0.116055671E-02-0.128113621E-02-0.141793302E-02-0.155146509E-02-0.167992551E-02
-0.182057360E-02-0.197305197E-02-0.213786302E-02-0.231389761E-02-0.249995215E-02
-0.269474936E-02-0.289695985E-02-0.310522324E-02-0.331816800E-02-0.353442959E-02
-0.375266667E-02-0.397157518E-02-0.418990021E-02-0.440644574E-02-0.462008207E-02
-0.482975121E-02-0.503447035E-02-0.523333338E-02-0.542551094E-02-0.561024887E-02
-0.578686558E-02-0.595474833E-02-0.611334864E-02-0.626217717E-02-0.640079805E-02
-0.652882295E-02-0.664590505E-02-0.675173304E-02-0.684602555E-02-0.692852630E-02
-0.699900102E-02-0.705723782E-02-0.710305474E-02-0.713632214E-02-0.715701616E-02
-0.716533659E-02-0.716195917E-02-0.714590727E-02-0.711663719E-02-0.707381278E-02
-0.701719708E-02-0.694660175E-02-0.686186515E-02-0.676284478E-02-0.664941735E-02
-0.652148282E-02-0.637897104E-02-0.622185010E-02-0.605013602E-02-0.586390356E-02
-0.566329800E-02-0.544854780E-02-0.521997788E-02-0.497802338E-02-0.472324361E-02
-0.445633578E-02-0.417814828E-02-0.388969281E-02-0.359215499E-02-0.328690280E-02
-0.297549215E-02-0.265966905E-02-0.234136757E-02-0.202270305E-02-0.170596004E-02
-0.139270552E-02-0.108294553E-02-0.776699062E-03-0.473994818E-03-0.174867603E-03
 0.120645766E-03 0.412511194E-03 0.700702635E-03 0.985207636E-03 0.126603178E-02
 0.154319918E-02 0.181674407E-02 0.208668802E-02 0.236354911E-02 0.267746320E-02
 0.298879717E-02 0.329641706E-02 0.359997429E-02 0.389911825E-02 0.419351710E-02
 0.448286623E-02 0.476688966E-02 0.504533840E-02 0.531798799E-02 0.558463623E-02
 0.584510131E-02 0.609922050E-02 0.634684918E-02 0.658786019E-02 0.682214340E-02
 0.704960543E-02 0.727016939E-02 0.748377470E-02 0.769037681E-02 0.788994702E-02
 0.808247207E-02 0.826795385E-02 0.844640889E-02 0.861786787E-02 0.878237502E-02
 0.893998751E-02 0.909077470E-02 0.923481743E-02 0.937220722E-02 0.950304547E-02
 0.962744262E-02 0.974551728E-02 0.985739543E-02 0.996320954E-02 0.100630978E-01
 0.101572032E-01 0.102456728E-01 0.103286571E-01 0.104063092E-01 0.104787841E-01
 0.105462381E-01 0.106088281E-01 0.106667112E-01-0.918196575E-03-0.113244628E-02
-0.127623032E-02-0.141474563E-02-0.154763569E-02-0.167529254E-02-0.181502838E-02
-0.196648545E-02-0.213022678E-02-0.230515600E-02-0.249007735E-02-0.268372044E-02
-0.288476267E-02-0.309185033E-02-0.330361816E-02-0.351870739E-02-0.373578172E-02
-0.395354138E-02-0.417073497E-02-0.438616911E-02-0.459871597E-02-0.480731863E-02
-0.501099464E-02-0.520883759E-02-0.540001727E-02-0.558377821E-02-0.575943724E-02
-0.592637983E-02-0.608405585E-02-0.623197459E-02-0.636969951E-02-0.649684276E-02
-0.661305972E-02-0.671804380E-02-0.681152173E-02-0.689324960E-02-0.696300999E-02
-0.702061062E-02-0.706588456E-02-0.709869164E-02-0.711891889E-02-0.712647281E-02
-0.712124463E-02-0.710300154E-02-0.707148769E-02-0.702645858E-02-0.696769005E-02
-0.689497903E-02-0.680814312E-02-0.670702123E-02-0.659147619E-02-0.646139921E-02
-0.631671615E-02-0.615739537E-02-0.598345695E-02-0.579498317E-02-0.559213014E-02
-0.537514027E-02-0.514435545E-02-0.490023080E-02-0.464334849E-02-0.437443138E-02
-0.409435613E-02-0.380416507E-02-0.350507652E-02-0.319849281E-02-0.288600536E-02
-0.256939624E-02-0.225063568E-02-0.193187487E-02-0.161543405E-02-0.130219250E-02
-0.992174922E-03-0.685419532E-03-0.381974587E-03-0.818952552E-04 0.214759592E-03
 0.507930951E-03 0.797563856E-03 0.108361237E-02 0.136604560E-02 0.164485427E-02
 0.192005472E-02 0.219167815E-02 0.247040681E-02 0.278674318E-02 0.310051518E-02
 0.341050863E-02 0.371633421E-02 0.401762590E-02 0.431404836E-02 0.460529515E-02
 0.489108583E-02 0.517116356E-02 0.544529337E-02 0.571326101E-02 0.597487218E-02
 0.622995199E-02 0.647834465E-02 0.671991332E-02 0.695453990E-02 0.718212498E-02
 0.740258769E-02 0.761586549E-02 0.782191396E-02 0.802070647E-02 0.821223374E-02
 0.839650335E-02 0.857353914E-02 0.874338052E-02 0.890608176E-02 0.906171107E-02
 0.921034982E-02 0.935209152E-02 0.948704094E-02 0.961531303E-02 0.973703202E-02
 0.985233034E-02 0.996134768E-02 0.100642300E-01 0.101611287E-01 0.102521994E-01
 0.103376015E-01 0.104174971E-01 0.104920502E-01 0.105614261E-01 0.106257908E-01
 0.106853101E-01 0.107401492E-01-0.938163173E-03-0.115074785E-02-0.127423565E-02
-0.140939338E-02-0.154078363E-02-0.166685234E-02-0.180491063E-02-0.195463364E-02
-0.211654274E-02-0.228955612E-02-0.247249687E-02-0.266411234E-02-0.286309602E-02
-0.306810863E-02-0.327779783E-02-0.349081614E-02-0.370583705E-02-0.392156899E-02
-0.413676718E-02-0.435024335E-02-0.456087324E-02-0.476760212E-02-0.496944833E-02
-0.516550511E-02-0.535494072E-02-0.553699730E-02-0.571098845E-02-0.587629586E-02
-0.603236513E-02-0.617870111E-02-0.631486270E-02-0.644045763E-02-0.655513703E-02
-0.665859028E-02-0.675053996E-02-0.683073729E-02-0.689895791E-02-0.695499804E-02
-0.699867084E-02-0.702980245E-02-0.704822713E-02-0.705378036E-02-0.704628975E-02
-0.702556663E-02-0.699141212E-02-0.694362497E-02-0.688200791E-02-0.680637270E-02
-0.671654454E-02-0.661236673E-02-0.649370590E-02-0.636045830E-02-0.621255710E-02
-0.604998097E-02-0.587276369E-02-0.568100503E-02-0.547488246E-02-0.525466384E-02
-0.502072071E-02-0.477354198E-02-0.451374774E-02-0.424210276E-02-0.395952930E-02
-0.366711856E-02-0.336614041E-02-0.305805059E-02-0.274449462E-02-0.242730791E-02
-0.210851106E-02-0.179029961E-02-0.147478391E-02-0.116203798E-02-0.852138089E-03
-0.545166616E-03-0.241213503E-03 0.596234284E-04 0.357238916E-03 0.651521215E-03
 0.942353606E-03 0.122961689E-02 0.151319431E-02 0.179298354E-02 0.206893408E-02
 0.234120893E-02 0.262176727E-02 0.294257954E-02 0.326122123E-02 0.357579090E-02
 0.388581411E-02 0.419094359E-02 0.449087404E-02 0.478532178E-02 0.507401932E-02
 0.535671437E-02 0.563317035E-02 0.590316730E-02 0.616650279E-02 0.642299293E-02
 0.667247307E-02 0.691479850E-02 0.714984492E-02 0.737750871E-02 0.759770717E-02
 0.781037841E-02 0.801548124E-02 0.821299478E-02 0.840291796E-02 0.858526888E-02
 0.876008404E-02 0.892741741E-02 0.908733943E-02 0.923993599E-02 0.938530717E-02
 0.952356616E-02 0.965483794E-02 0.977925810E-02 0.989697159E-02 0.100081315E-01
 0.101128979E-01 0.102114366E-01 0.103039182E-01 0.103905170E-01 0.104714099E-01
 0.105467757E-01 0.106167941E-01 0.106816451E-01 0.107415079E-01 0.107965610E-01
 0.108469807E-01-0.942483402E-03-0.115386608E-02-0.126875479E-02-0.140176168E-02
-0.153115206E-02-0.165496160E-02-0.179061439E-02-0.193784091E-02-0.209710388E-02
-0.226735378E-02-0.244744034E-02-0.263613497E-02-0.283215321E-02-0.303417594E-02
-0.324086905E-02-0.345090133E-02-0.366296042E-02-0.387576672E-02-0.408808524E-02
-0.429873525E-02-0.450659792E-02-0.471062185E-02-0.490982678E-02-0.510330549E-02
-0.529022415E-02-0.546982133E-02-0.564140571E-02-0.580435298E-02-0.595810177E-02
-0.610214915E-02-0.623604560E-02-0.635938980E-02-0.647182331E-02-0.657302525E-02
-0.666270713E-02-0.674060790E-02-0.680648925E-02-0.686013113E-02-0.690132759E-02
-0.692988275E-02-0.694560689E-02-0.694831294E-02-0.693781339E-02-0.691391871E-02
-0.687643805E-02-0.682518148E-02-0.675996338E-02-0.668060636E-02-0.658694592E-02
-0.647883579E-02-0.635615411E-02-0.621881056E-02-0.606675446E-02-0.589998401E-02
-0.571855649E-02-0.552259949E-02-0.531232311E-02-0.508803281E-02-0.485014291E-02
-0.459919037E-02-0.433584848E-02-0.406094024E-02-0.377545074E-02-0.348053820E-02
-0.317754291E-02-0.286799359E-02-0.255361039E-02-0.223630378E-02-0.191816885E-02
-0.160147423E-02-0.128700692E-02-0.974854035E-03-0.665118549E-03-0.357917528E-03
-0.533815510E-04 0.248345193E-03 0.547104292E-03 0.842721839E-03 0.113500611E-02
 0.142374322E-02 0.170868872E-02 0.198955048E-02 0.226595366E-02 0.253738357E-02
 0.281769432E-02 0.314803920E-02 0.347427070E-02 0.379532680E-02 0.411113695E-02
 0.442152721E-02 0.472627185E-02 0.502512256E-02 0.531782417E-02 0.560412391E-02
 0.588377745E-02 0.615655322E-02 0.642223562E-02 0.668062756E-02 0.693155244E-02
 0.717485563E-02 0.741040566E-02 0.763809492E-02 0.785784014E-02 0.806958250E-02
 0.827328749E-02 0.846894447E-02 0.865656597E-02 0.883618687E-02 0.900786327E-02
 0.917167126E-02 0.932770558E-02 0.947607810E-02 0.961691636E-02 0.975036190E-02
 0.987656871E-02 0.999570162E-02 0.101079348E-01 0.102134500E-01 0.103124356E-01
 0.104050846E-01 0.104915938E-01 0.105721625E-01 0.106469911E-01 0.107162806E-01
 0.107802312E-01 0.108390419E-01 0.108929095E-01 0.109420281E-01 0.109865884E-01
-0.908937883E-03-0.111941979E-02-0.125864281E-02-0.139201261E-02-0.151904681E-02
-0.164008595E-02-0.177266973E-02-0.191652790E-02-0.207227450E-02-0.223887902E-02
-0.241521351E-02-0.260007388E-02-0.279220072E-02-0.299029926E-02-0.319305823E-02
-0.339916720E-02-0.360733218E-02-0.381628932E-02-0.402481663E-02-0.423174357E-02
-0.443595873E-02-0.463641546E-02-0.483213566E-02-0.502221187E-02-0.520580780E-02
-0.538215752E-02-0.555056344E-02-0.571039333E-02-0.586107657E-02-0.600209972E-02
-0.613300176E-02-0.625336897E-02-0.636282972E-02-0.646104922E-02-0.654772441E-02
-0.662257898E-02-0.668535874E-02-0.673582722E-02-0.677376168E-02-0.679894962E-02
-0.681118567E-02-0.681026925E-02-0.679600289E-02-0.676819163E-02-0.672664343E-02
-0.667117074E-02-0.660159315E-02-0.651774099E-02-0.641945986E-02-0.630661620E-02
-0.617910390E-02-0.603685181E-02-0.587983242E-02-0.570807159E-02-0.552165919E-02
-0.532076083E-02-0.510563030E-02-0.487662277E-02-0.463420841E-02-0.437898613E-02
-0.411169723E-02-0.383323835E-02-0.354467342E-02-0.324724386E-02-0.294237669E-02
-0.263168965E-02-0.231699294E-02-0.200028671E-02-0.168375410E-02-0.136871476E-02
-0.105528886E-02-0.743607319E-03-0.433813662E-03-0.126065313E-03 0.179465312E-03
 0.482589668E-03 0.783101794E-03 0.108077675E-02 0.137536869E-02 0.166660861E-02
 0.195420201E-02 0.223782767E-02 0.251714034E-02 0.279178193E-02 0.307626725E-02
 0.341288001E-02 0.374580542E-02 0.407358884E-02 0.439595105E-02 0.471260988E-02
 0.502327594E-02 0.532765496E-02 0.562545284E-02 0.591638101E-02 0.620016154E-02
 0.647653158E-02 0.674524715E-02 0.700608629E-02 0.725885174E-02 0.750337290E-02
 0.773950744E-02 0.796714231E-02 0.818619430E-02 0.839661019E-02 0.859836641E-02
 0.879146841E-02 0.897594961E-02 0.915187010E-02 0.931931502E-02 0.947839282E-02
 0.962923329E-02 0.977198553E-02 0.990681577E-02 0.100339053E-01 0.101534482E-01
 0.102656495E-01 0.103707229E-01 0.104688890E-01 0.105603733E-01 0.106454050E-01
 0.107242150E-01 0.107970346E-01 0.108640945E-01 0.109256235E-01 0.109818475E-01
 0.110329888E-01 0.110792654E-01 0.111208904E-01 0.111580714E-01-0.924007370E-03
-0.113186146E-02-0.125180921E-02-0.138065404E-02-0.150464256E-02-0.162232118E-02
-0.175117623E-02-0.189093212E-02-0.204236209E-02-0.220447106E-02-0.237616570E-02
-0.255627584E-02-0.274357478E-02-0.293679875E-02-0.313466521E-02-0.333588979E-02
-0.353920159E-02-0.374335667E-02-0.394714960E-02-0.414942305E-02-0.434907542E-02
-0.454506658E-02-0.473642177E-02-0.492223391E-02-0.510166432E-02-0.527394215E-02
-0.543836259E-02-0.559428423E-02-0.574112546E-02-0.587836041E-02-0.600551433E-02
-0.612215877E-02-0.622790655E-02-0.632240670E-02-0.640533957E-02-0.647641205E-02
-0.653535311E-02-0.658190972E-02-0.661584318E-02-0.663692598E-02-0.664493930E-02
-0.663967111E-02-0.662091510E-02-0.658847047E-02-0.654214262E-02-0.648174483E-02
-0.640710095E-02-0.631804910E-02-0.621444647E-02-0.609617508E-02-0.596314873E-02
-0.581532097E-02-0.565269419E-02-0.547532973E-02-0.528335902E-02-0.507699556E-02
-0.485654779E-02-0.462243232E-02-0.437518770E-02-0.411548802E-02-0.384415622E-02
-0.356217652E-02-0.327070547E-02-0.297108115E-02-0.266482970E-02-0.235366873E-02
-0.203950681E-02-0.172443859E-02-0.140999998E-02-0.109633322E-02-0.783590084E-03
-0.471933964E-03-0.161541628E-03 0.147395182E-03 0.454668329E-03 0.760051987E-03
 0.106330146E-02 0.136415213E-02 0.166231864E-02 0.195749448E-02 0.224935224E-02
 0.253754513E-02 0.282171028E-02 0.310147458E-02 0.339177632E-02 0.373612409E-02
 0.407694576E-02 0.441263772E-02 0.474280348E-02 0.506705082E-02 0.538499176E-02
 0.569624455E-02 0.600043702E-02 0.629721062E-02 0.658622476E-02 0.686716102E-02
 0.713972709E-02 0.740366029E-02 0.765873052E-02 0.790474268E-02 0.814153840E-02
 0.836899721E-02 0.858703701E-02 0.879561396E-02 0.899472185E-02 0.918439080E-02
 0.936468566E-02 0.953570385E-02 0.969757299E-02 0.985044822E-02 0.999450934E-02
 0.101299578E-01 0.102570140E-01 0.103759137E-01 0.104869058E-01 0.105902492E-01
 0.106862103E-01 0.107750605E-01 0.108570739E-01 0.109325258E-01 0.110016901E-01
 0.110648384E-01 0.111222383E-01 0.111741524E-01 0.112208374E-01 0.112625430E-01
 0.112995119E-01 0.113319784E-01 0.113601691E-01-0.931097442E-03-0.113692318E-02
-0.124245782E-02-0.136766835E-02-0.148824360E-02-0.160206020E-02-0.172657837E-02
-0.186150200E-02-0.200782102E-02-0.216458566E-02-0.233074896E-02-0.250518454E-02
-0.268670647E-02-0.287408876E-02-0.306608361E-02-0.326143822E-02-0.345890980E-02
-0.365727886E-02-0.385536055E-02-0.405201422E-02-0.424615095E-02-0.443673943E-02
-0.462281000E-02-0.480345709E-02-0.497784026E-02-0.514518386E-02-0.530477560E-02
-0.545596415E-02-0.559815595E-02-0.573081142E-02-0.585344069E-02-0.596559903E-02
-0.606688218E-02-0.615692160E-02-0.623537978E-02-0.630194582E-02-0.635633127E-02
-0.639826634E-02-0.642749659E-02-0.644378016E-02-0.644688563E-02-0.643659058E-02
-0.641268086E-02-0.637495080E-02-0.632320421E-02-0.625725643E-02-0.617693725E-02
-0.608209500E-02-0.597260165E-02-0.584835896E-02-0.570930584E-02-0.555542670E-02
-0.538676096E-02-0.520341360E-02-0.500556658E-02-0.479349122E-02-0.456756113E-02
-0.432826566E-02-0.407622345E-02-0.381219584E-02-0.353709957E-02-0.325201850E-02
-0.295821344E-02-0.265712985E-02-0.235040239E-02-0.203985599E-02-0.172750263E-02
-0.141483036E-02-0.110198629E-02-0.789128470E-03-0.476427461E-03-0.164067907E-03
 0.147749842E-03 0.458808212E-03 0.768870968E-03 0.107768192E-02 0.138496380E-02
 0.169041731E-02 0.199372043E-02 0.229452798E-02 0.259247137E-02 0.288715809E-02
 0.317816985E-02 0.346505578E-02 0.376315637E-02 0.411740813E-02 0.446819763E-02
 0.481382058E-02 0.515378115E-02 0.548757467E-02 0.581469827E-02 0.613465809E-02
 0.644697536E-02 0.675119228E-02 0.704687755E-02 0.733363170E-02 0.761109198E-02
 0.787893672E-02 0.813688894E-02 0.838471929E-02 0.862224807E-02 0.884934639E-02
 0.906593643E-02 0.927199078E-02 0.946753107E-02 0.965262574E-02 0.982738720E-02
 0.999196849E-02 0.101465594E-01 0.102913826E-01 0.104266891E-01 0.105527541E-01
 0.106698726E-01 0.107783553E-01 0.108785250E-01 0.109707122E-01 0.110552523E-01
 0.111324823E-01 0.112027383E-01 0.112663529E-01 0.113236534E-01 0.113749599E-01
 0.114205841E-01 0.114608281E-01 0.114959837E-01 0.115263315E-01 0.115521408E-01
 0.115736691E-01 0.115911624E-01-0.893150227E-03-0.109721514E-02-0.122868206E-02
-0.135330998E-02-0.147033058E-02-0.157997664E-02-0.169963673E-02-0.182893170E-02
-0.196928067E-02-0.211981405E-02-0.227953354E-02-0.244735655E-02-0.262213965E-02
-0.280269811E-02-0.298782352E-02-0.317629970E-02-0.336691717E-02-0.355848586E-02
-0.374984612E-02-0.393987801E-02-0.412750886E-02-0.431171910E-02-0.449154649E-02
-0.466608876E-02-0.483450494E-02-0.499601536E-02-0.514990057E-02-0.529549932E-02
-0.543220578E-02-0.555946610E-02-0.567677458E-02-0.578366948E-02-0.587972866E-02
-0.596456527E-02-0.603782338E-02-0.609917393E-02-0.614831092E-02-0.618494797E-02
-0.620881539E-02-0.621965776E-02-0.621723223E-02-0.620130738E-02-0.617166297E-02
-0.612809049E-02-0.607039458E-02-0.599839544E-02-0.591193222E-02-0.581086746E-02
-0.569509259E-02-0.556453459E-02-0.541916367E-02-0.525900213E-02-0.508413421E-02
-0.489471696E-02-0.469099202E-02-0.447329811E-02-0.424208409E-02-0.399792225E-02
-0.374152169E-02-0.347374118E-02-0.319560123E-02-0.290829473E-02-0.261319564E-02
-0.231186475E-02-0.200605159E-02-0.169769242E-02-0.138799962E-02-0.107711198E-02
-0.765180275E-03-0.452368723E-03-0.138856627E-03 0.175159919E-03 0.489466303E-03
 0.803827692E-03 0.111798742E-02 0.143166547E-02 0.174455719E-02 0.205633212E-02
 0.236663315E-02 0.267507601E-02 0.298124920E-02 0.328471505E-02 0.358501321E-02
 0.388167166E-02 0.419038991E-02 0.455699424E-02 0.492043421E-02 0.527875535E-02
 0.563128357E-02 0.597735208E-02 0.631630237E-02 0.664749007E-02 0.697029235E-02
 0.728411580E-02 0.758840414E-02 0.788264568E-02 0.816638008E-02 0.843920441E-02
 0.870077809E-02 0.895082672E-02 0.918914461E-02 0.941559600E-02 0.963011476E-02
 0.983270293E-02 0.100234279E-01 0.102024187E-01 0.103698608E-01 0.105259910E-01
 0.106710912E-01 0.108054821E-01 0.109295167E-01 0.110435739E-01 0.111480525E-01
 0.112433652E-01 0.113299335E-01 0.114081824E-01 0.114785366E-01 0.115414165E-01
 0.115972351E-01 0.116463955E-01 0.116892885E-01 0.117262911E-01 0.117577655E-01
 0.117840578E-01 0.118054978E-01 0.118223988E-01 0.118350572E-01 0.118437531E-01
 0.118487504E-01-0.904299274E-03-0.110515697E-02-0.121873491E-02-0.133817039E-02
-0.145117925E-02-0.155642739E-02-0.167083144E-02-0.179378766E-02-0.192731889E-02
-0.207076892E-02-0.222316175E-02-0.238345228E-02-0.255054123E-02-0.272329014E-02
-0.290053636E-02-0.308110717E-02-0.326383303E-02-0.344755947E-02-0.363115764E-02
-0.381353327E-02-0.399363415E-02-0.417045603E-02-0.434304703E-02-0.451051055E-02
-0.467200693E-02-0.482675385E-02-0.497402569E-02-0.511315193E-02-0.524351483E-02
-0.536454649E-02-0.547572545E-02-0.557657291E-02-0.566664891E-02-0.574554834E-02
-0.581289708E-02-0.586834829E-02-0.591157906E-02-0.594228732E-02-0.596018937E-02
-0.596501784E-02-0.595652034E-02-0.593445884E-02-0.589860975E-02-0.584876492E-02
-0.578473351E-02-0.570634480E-02-0.561345205E-02-0.550593734E-02-0.538371757E-02
-0.524675148E-02-0.509504780E-02-0.492867442E-02-0.474776862E-02-0.455254820E-02
-0.434332332E-02-0.412050912E-02-0.388463853E-02-0.363637533E-02-0.337652691E-02
-0.310605639E-02-0.282609374E-02-0.253794552E-02-0.224310298E-02-0.194324875E-02
-0.164025133E-02-0.133485417E-02-0.102717811E-02-0.717355312E-03-0.405531002E-03
-0.918654629E-04 0.223463824E-03 0.540259976E-03 0.858304486E-03 0.117735503E-02
 0.149714337E-02 0.181737335E-02 0.213771919E-02 0.245782385E-02 0.277729777E-02
 0.309571760E-02 0.341262497E-02 0.372752481E-02 0.403988280E-02 0.434912145E-02
 0.467145027E-02 0.505442247E-02 0.543442519E-02 0.580931359E-02 0.617823691E-02
 0.654033213E-02 0.689473798E-02 0.724060797E-02 0.757712290E-02 0.790350278E-02
 0.821901847E-02 0.852300264E-02 0.881485991E-02 0.909407579E-02 0.936022409E-02
 0.961297240E-02 0.985208554E-02 0.100774268E-01 0.102889568E-01 0.104867305E-01
 0.106708918E-01 0.108416666E-01 0.109993549E-01 0.111443216E-01 0.112769863E-01
 0.113978138E-01 0.115073040E-01 0.116059826E-01 0.116943919E-01 0.117730831E-01
 0.118426089E-01 0.119035176E-01 0.119563473E-01 0.120016222E-01 0.120398486E-01
 0.120715128E-01 0.120970789E-01 0.121169876E-01 0.121316553E-01 0.121414744E-01
 0.121468128E-01 0.121480148E-01 0.121454014E-01 0.121392716E-01 0.121299028E-01
-0.915298529E-03-0.111373720E-02-0.120748626E-02-0.132228094E-02-0.143094077E-02
-0.153117314E-02-0.163982079E-02-0.175623248E-02-0.188244015E-02-0.201813450E-02
-0.216241177E-02-0.231429512E-02-0.247275086E-02-0.263670331E-02-0.280504889E-02
-0.297666939E-02-0.315044444E-02-0.332526298E-02-0.350003346E-02-0.367369283E-02
-0.384521401E-02-0.401361199E-02-0.417794855E-02-0.433733551E-02-0.449093681E-02
-0.463796938E-02-0.477770299E-02-0.490945916E-02-0.503260937E-02-0.514657263E-02
-0.525081260E-02-0.534483436E-02-0.542818100E-02-0.550043021E-02-0.556119083E-02
-0.561009966E-02-0.564681849E-02-0.567103156E-02-0.568244341E-02-0.568077738E-02
-0.566577467E-02-0.563719412E-02-0.559481280E-02-0.553842740E-02-0.546785659E-02
-0.538294424E-02-0.528356374E-02-0.516962327E-02-0.504107222E-02-0.489790861E-02
-0.474018754E-02-0.456803072E-02-0.438163683E-02-0.418129278E-02-0.396738557E-02
-0.374041456E-02-0.350100398E-02-0.324991519E-02-0.298805834E-02-0.271650290E-02
-0.243648623E-02-0.214941928E-02-0.185688896E-02-0.156073250E-02-0.126107622E-02
-0.958020491E-03-0.651670502E-03-0.342140600E-03-0.295577960E-04 0.285935044E-03
 0.604176127E-03 0.924981684E-03 0.124814291E-02 0.157342291E-02 0.190055374E-02
 0.222923356E-02 0.255912414E-02 0.288984880E-02 0.322099099E-02 0.355209361E-02
 0.388265874E-02 0.421214667E-02 0.453997140E-02 0.486548796E-02 0.520553150E-02
 0.560964312E-02 0.601122387E-02 0.640782673E-02 0.679832126E-02 0.718155607E-02
 0.755638196E-02 0.792166953E-02 0.827632516E-02 0.861930711E-02 0.894964218E-02
 0.926644231E-02 0.956892062E-02 0.985640566E-02 0.101283534E-01 0.103843560E-01
 0.106241469E-01 0.108476022E-01 0.110547380E-01 0.112457036E-01 0.114207726E-01
 0.115803296E-01 0.117248565E-01 0.118549170E-01 0.119711399E-01 0.120742037E-01
 0.121648215E-01 0.122437265E-01 0.123116595E-01 0.123693583E-01 0.124175482E-01
 0.124569344E-01 0.124881962E-01 0.125119823E-01 0.125289083E-01 0.125395539E-01
 0.125444625E-01 0.125441408E-01 0.125390593E-01 0.125296529E-01 0.125163229E-01
 0.124994379E-01 0.124793360E-01 0.124563263E-01 0.124306912E-01-0.874344114E-03
-0.107061854E-02-0.119253431E-02-0.130630432E-02-0.141069399E-02-0.150581731E-02
-0.160842152E-02-0.171771660E-02-0.183596428E-02-0.196315727E-02-0.209847414E-02
-0.224102591E-02-0.238986466E-02-0.254399480E-02-0.270238564E-02-0.286398427E-02
-0.302772800E-02-0.319255592E-02-0.335741940E-02-0.352129126E-02-0.368317354E-02
-0.384210402E-02-0.399716119E-02-0.414746807E-02-0.429219472E-02-0.443055960E-02
-0.456182996E-02-0.468532136E-02-0.480039639E-02-0.490646283E-02-0.500297131E-02
-0.508941267E-02-0.516531510E-02-0.523024123E-02-0.528378521E-02-0.532557006E-02
-0.535524519E-02-0.537248430E-02-0.537698382E-02-0.536846174E-02-0.534665726E-02
-0.531133099E-02-0.526226596E-02-0.519926955E-02-0.512217620E-02-0.503085111E-02
-0.492519497E-02-0.480514964E-02-0.467070485E-02-0.452190596E-02-0.435886268E-02
-0.418175868E-02-0.399086203E-02-0.378653638E-02-0.356925253E-02-0.333960035E-02
-0.309830061E-02-0.284621654E-02-0.258436469E-02-0.231392496E-02-0.203624966E-02
-0.175286294E-02-0.146494461E-02-0.117251459E-02-0.875610920E-03-0.574283068E-03
-0.268591713E-03 0.413899301E-04 0.355573856E-03 0.673854408E-03 0.996104976E-03
 0.132217432E-02 0.165188259E-02 0.198501706E-02 0.232132769E-02 0.266052258E-02
 0.300226357E-02 0.334616220E-02 0.369177691E-02 0.403861255E-02 0.438612481E-02
 0.473373468E-02 0.508086115E-02 0.542696826E-02 0.578988647E-02 0.622140760E-02
 0.665143651E-02 0.707686229E-02 0.749606000E-02 0.790746245E-02 0.830953350E-02
 0.870076290E-02 0.907967806E-02 0.944486557E-02 0.979499766E-02 0.101288608E-01
 0.104453835E-01 0.107436622E-01 0.110229824E-01 0.112828341E-01 0.115229202E-01
 0.117431580E-01 0.119436727E-01 0.121247845E-01 0.122869903E-01 0.124309398E-01
 0.125574105E-01 0.126672800E-01 0.127614992E-01 0.128410667E-01 0.129070054E-01
 0.129603420E-01 0.130020892E-01 0.130332322E-01 0.130547173E-01 0.130674438E-01
 0.130722586E-01 0.130699530E-01 0.130612606E-01 0.130468583E-01 0.130273662E-01
 0.130033509E-01 0.129753268E-01 0.129437601E-01 0.129090714E-01 0.128716395E-01
 0.128318043E-01 0.127898702E-01 0.127461097E-01-0.883481212E-03-0.107672956E-02
-0.118292761E-02-0.129170289E-02-0.139184023E-02-0.148185387E-02-0.157825013E-02
-0.168013043E-02-0.178984922E-02-0.190756531E-02-0.203287453E-02-0.216501469E-02
-0.230314379E-02-0.244635598E-02-0.259369818E-02-0.274418540E-02-0.289681454E-02
-0.305057670E-02-0.320446807E-02-0.335749941E-02-0.350870419E-02-0.365714527E-02
-0.380192040E-02-0.394216636E-02-0.407706192E-02-0.420582974E-02-0.432773731E-02
-0.444209695E-02-0.454826518E-02-0.464564142E-02-0.473366629E-02-0.481181949E-02
-0.487961757E-02-0.493661157E-02-0.498238469E-02-0.501655016E-02-0.503874927E-02
-0.504864988E-02-0.504594528E-02-0.503035360E-02-0.500161786E-02-0.495950670E-02
-0.490381587E-02-0.483437050E-02-0.475102831E-02-0.465368369E-02-0.454227270E-02
-0.441677909E-02-0.427724127E-02-0.412376015E-02-0.395650794E-02-0.377573771E-02
-0.358179367E-02-0.337512189E-02-0.315628139E-02-0.292595515E-02-0.268496085E-02
-0.243426047E-02-0.217496818E-02-0.190835687E-02-0.163592191E-02-0.135797563E-02
-0.107451732E-02-0.785542587E-03-0.491048274E-03-0.191035443E-03 0.114487907E-03
 0.425503990E-03 0.741982049E-03 0.106387474E-02 0.139111403E-02 0.172360656E-02
 0.206122842E-02 0.240381933E-02 0.275117608E-02 0.310304524E-02 0.345911498E-02
 0.381900583E-02 0.418226026E-02 0.454833037E-02 0.491656269E-02 0.528617587E-02
 0.565621434E-02 0.602536652E-02 0.641406525E-02 0.688600490E-02 0.735539660E-02
 0.781968293E-02 0.827727562E-02 0.872635462E-02 0.916498279E-02 0.959116200E-02
 0.100028823E-01 0.103981731E-01 0.107751570E-01 0.111321054E-01 0.114674925E-01
 0.117800447E-01 0.120687813E-01 0.123330439E-01 0.125725117E-01 0.127872016E-01
 0.129774535E-01 0.131439033E-01 0.132874437E-01 0.134091803E-01 0.135103818E-01
 0.135924323E-01 0.136567846E-01 0.137049190E-01 0.137383082E-01 0.137583881E-01
 0.137665358E-01 0.137640537E-01 0.137521582E-01 0.137319743E-01 0.137045329E-01
 0.136707713E-01 0.136315363E-01 0.135875878E-01 0.135396049E-01 0.134881911E-01
 0.134338807E-01 0.133771451E-01 0.133183986E-01 0.132580041E-01 0.131962786E-01
 0.131334983E-01 0.130699029E-01-0.900738271E-03-0.109233609E-02-0.117468338E-02
-0.127969761E-02-0.137688768E-02-0.146326748E-02-0.155367490E-02-0.164667758E-02
-0.174622727E-02-0.185295103E-02-0.196690050E-02-0.208739735E-02-0.221366531E-02
-0.234486054E-02-0.248008994E-02-0.261842565E-02-0.275891776E-02-0.290060582E-02
-0.304252923E-02-0.318373652E-02-0.332329332E-02-0.346028925E-02-0.359384349E-02
-0.372310923E-02-0.384727702E-02-0.396557709E-02-0.407728069E-02-0.418170074E-02
-0.427819165E-02-0.436614864E-02-0.444500661E-02-0.451423867E-02-0.457335446E-02
-0.462189840E-02-0.465944795E-02-0.468561205E-02-0.470002977E-02-0.470236926E-02
-0.469232723E-02-0.466962885E-02-0.463402825E-02-0.458530978E-02-0.452328983E-02
-0.444781962E-02-0.435878862E-02-0.425612902E-02-0.413982093E-02-0.400989855E-02
-0.386645715E-02-0.370966092E-02-0.353975156E-02-0.335705747E-02-0.316200359E-02
-0.295512149E-02-0.273705970E-02-0.250859411E-02-0.227063807E-02-0.202425385E-02
-0.177064859E-02-0.151077997E-02-0.124455699E-02-0.971928078E-03-0.692836082E-03
-0.407219190E-03-0.115012729E-03 0.183848602E-03 0.489428112E-03 0.801784098E-03
 0.112096637E-02 0.144701221E-02 0.177994180E-02 0.211975281E-02 0.246641435E-02
 0.281985984E-02 0.317997889E-02 0.354660783E-02 0.391951861E-02 0.429840560E-02
 0.468286946E-02 0.507239710E-02 0.546633614E-02 0.586386287E-02 0.626394622E-02
 0.666532422E-02 0.709095072E-02 0.760926604E-02 0.812732490E-02 0.864131555E-02
 0.914908148E-02 0.964820543E-02 0.101360485E-01 0.106098100E-01 0.110665994E-01
 0.115035211E-01 0.119177690E-01 0.123067307E-01 0.126680921E-01 0.129999373E-01
 0.133008321E-01 0.135698838E-01 0.138067705E-01 0.140117373E-01 0.141855594E-01
 0.143294790E-01 0.144451219E-01 0.145344037E-01 0.145994348E-01 0.146424302E-01
 0.146656311E-01 0.146712395E-01 0.146613688E-01 0.146380074E-01 0.146029963E-01
 0.145580164E-01 0.145045845E-01 0.144440560E-01 0.143776316E-01 0.143063667E-01
 0.142311830E-01 0.141528806E-01 0.140721505E-01 0.139895858E-01 0.139056938E-01
 0.138209056E-01 0.137355865E-01 0.136500436E-01 0.135645345E-01 0.134792732E-01
 0.133944366E-01-0.858861496E-03-0.104900869E-02-0.116354776E-02-0.126949288E-02
-0.136531396E-02-0.145142330E-02-0.153679114E-02-0.161703168E-02-0.170458511E-02
-0.179916395E-02-0.190065001E-02-0.200851162E-02-0.212198343E-02-0.224025982E-02
-0.236249530E-02-0.248781151E-02-0.261530681E-02-0.274406619E-02-0.287317088E-02
-0.300170708E-02-0.312877377E-02-0.325348941E-02-0.337499752E-02-0.349247132E-02
-0.360511723E-02-0.371217756E-02-0.381293226E-02-0.390669998E-02-0.399283844E-02
-0.407074433E-02-0.413985271E-02-0.419963617E-02-0.424960375E-02-0.428929980E-02
-0.431830288E-02-0.433622474E-02-0.434270957E-02-0.433743355E-02-0.432010479E-02
-0.429046378E-02-0.424828440E-02-0.419337547E-02-0.412558311E-02-0.404479370E-02
-0.395093768E-02-0.384399404E-02-0.372399572E-02-0.359103564E-02-0.344527355E-02
-0.328694348E-02-0.311636186E-02-0.293393592E-02-0.274017250E-02-0.253568678E-02
-0.232121067E-02-0.209760150E-02-0.186583870E-02-0.162714602E-02-0.138146406E-02
-0.112872250E-02-0.868828323E-03-0.601674129E-03-0.327139639E-03-0.450931345E-04
 0.244606857E-03 0.542109578E-03 0.847569672E-03 0.116114438E-02 0.148299021E-02
 0.181325903E-02 0.215209346E-02 0.249962144E-02 0.285594998E-02 0.322115778E-02
 0.359528679E-02 0.397833242E-02 0.437023233E-02 0.477085355E-02 0.517997771E-02
 0.559728371E-02 0.602232683E-02 0.645451175E-02 0.689305583E-02 0.733693836E-02
 0.781047885E-02 0.838554474E-02 0.896419221E-02 0.954185069E-02 0.101155295E-01
 0.106818363E-01 0.112370050E-01 0.117769425E-01 0.122973055E-01 0.127936182E-01
 0.132614294E-01 0.136965087E-01 0.140950635E-01 0.144539580E-01 0.147709051E-01
 0.150446045E-01 0.152748065E-01 0.154622916E-01 0.156087715E-01 0.157167281E-01
 0.157892157E-01 0.158296539E-01 0.158416321E-01 0.158287443E-01 0.157944590E-01
 0.157420279E-01 0.156744290E-01 0.155943375E-01 0.155041188E-01 0.154058369E-01
 0.153012727E-01 0.151919474E-01 0.150791497E-01 0.149639624E-01 0.148472883E-01
 0.147298750E-01 0.146123362E-01 0.144951722E-01 0.143787866E-01 0.142635016E-01
 0.141495710E-01 0.140371915E-01 0.139265119E-01 0.138176418E-01 0.137106577E-01
-0.866778760E-03-0.105466170E-02-0.115648376E-02-0.125889788E-02-0.135186605E-02
-0.143394151E-02-0.151312277E-02-0.158468693E-02-0.166172302E-02-0.174454689E-02
-0.183333782E-02-0.192813255E-02-0.202829575E-02-0.213310543E-02-0.224177899E-02
-0.235349158E-02-0.246739018E-02-0.258260525E-02-0.269826057E-02-0.281348194E-02
-0.292740462E-02-0.303917978E-02-0.314798004E-02-0.325300392E-02-0.335347959E-02
-0.344866767E-02-0.353786336E-02-0.362039791E-02-0.369563945E-02-0.376299338E-02
-0.382190244E-02-0.387184639E-02-0.391234156E-02-0.394294035E-02-0.396323073E-02
-0.397283583E-02-0.397141375E-02-0.395865770E-02-0.393429645E-02-0.389809524E-02
-0.384985723E-02-0.378942542E-02-0.371668529E-02-0.363156796E-02-0.353405410E-02
-0.342417846E-02-0.330203508E-02-0.316778307E-02-0.302165305E-02-0.286395398E-02
-0.269508045E-02-0.251552010E-02-0.232586099E-02-0.212680043E-02-0.191914286E-02
-0.170388932E-02-0.148128743E-02-0.125123682E-02-0.101362163E-02-0.768307916E-03
-0.515141657E-03-0.253948538E-03 0.154658227E-04 0.293315247E-03 0.579832049E-03
 0.875265727E-03 0.117988128E-02 0.149395709E-02 0.181778227E-02 0.215165343E-02
 0.249587074E-02 0.285073318E-02 0.321653283E-02 0.359354810E-02 0.398203583E-02
 0.438222209E-02 0.479429190E-02 0.521837803E-02 0.565454988E-02 0.610280407E-02
 0.656306002E-02 0.703516446E-02 0.751890189E-02 0.801396351E-02 0.854666299E-02
 0.919276783E-02 0.984914660E-02 0.105102891E-01 0.111722343E-01 0.118304621E-01
 0.124798000E-01 0.131143610E-01 0.137275618E-01 0.143122491E-01 0.148609519E-01
 0.153662659E-01 0.158213479E-01 0.162204636E-01 0.165595010E-01 0.168363503E-01
 0.170510696E-01 0.172058016E-01 0.173044644E-01 0.173522898E-01 0.173553026E-01
 0.173198292E-01 0.172520967E-01 0.171579456E-01 0.170426562E-01 0.169108663E-01
 0.167665581E-01 0.166130886E-01 0.164532449E-01 0.162893110E-01 0.161231366E-01
 0.159562031E-01 0.157896834E-01 0.156244947E-01 0.154613439E-01 0.153007663E-01
 0.151431579E-01 0.149888021E-01 0.148378923E-01 0.146905497E-01 0.145468383E-01
 0.144067773E-01 0.142703506E-01 0.141375151E-01 0.140082069E-01-0.888868797E-03
-0.107541978E-02-0.114879336E-02-0.124800769E-02-0.133969598E-02-0.142200496E-02
-0.149619170E-02-0.155419390E-02-0.161863800E-02-0.168892412E-02-0.176485193E-02
-0.184627148E-02-0.193291977E-02-0.202407971E-02-0.211899241E-02-0.221686838E-02
-0.231689620E-02-0.241825073E-02-0.252010080E-02-0.262161633E-02-0.272197469E-02
-0.282036650E-02-0.291600063E-02-0.300810863E-02-0.309594832E-02-0.317880684E-02
-0.325600301E-02-0.332688918E-02-0.339085255E-02-0.344731609E-02-0.349573915E-02
-0.353561776E-02-0.356648482E-02-0.358791018E-02-0.359950078E-02-0.360090083E-02
-0.359179222E-02-0.357189512E-02-0.354096902E-02-0.349881401E-02-0.344527259E-02
-0.338023190E-02-0.330362649E-02-0.321544155E-02-0.311571683E-02-0.300455085E-02
-0.288210581E-02-0.274861282E-02-0.260437771E-02-0.244978671E-02-0.228531296E-02
-0.211152358E-02-0.192907262E-02-0.173879229E-02-0.154098546E-02-0.133554189E-02
-0.112236556E-02-0.901329414E-03-0.672276738E-03-0.435021607E-03-0.189348776E-03
 0.649864561E-04 0.328258350E-03 0.600770701E-03 0.882856654E-03 0.117487831E-02
 0.147722607E-02 0.179031766E-02 0.211459673E-02 0.245053098E-02 0.279860960E-02
 0.315934000E-02 0.353324354E-02 0.392085015E-02 0.432269150E-02 0.473929246E-02
 0.517116037E-02 0.561877166E-02 0.608255523E-02 0.656287208E-02 0.705999119E-02
 0.757406468E-02 0.810511962E-02 0.865321001E-02 0.925170657E-02 0.999080825E-02
 0.107490333E-01 0.115198848E-01 0.122997103E-01 0.130838282E-01 0.138661650E-01
 0.146389754E-01 0.153926406E-01 0.161156290E-01 0.167947494E-01 0.174158308E-01
 0.179648979E-01 0.184297414E-01 0.188015754E-01 0.190763395E-01 0.192552465E-01
 0.193444056E-01 0.193536603E-01 0.192950148E-01 0.191810922E-01 0.190239411E-01
 0.188343057E-01 0.186213083E-01 0.183924203E-01 0.181535975E-01 0.179094867E-01
 0.176636484E-01 0.174187637E-01 0.171768149E-01 0.169392367E-01 0.167070377E-01
 0.164808992E-01 0.162612516E-01 0.160483357E-01 0.158422493E-01 0.156429840E-01
 0.154504535E-01 0.152645155E-01 0.150849879E-01 0.149116621E-01 0.147443125E-01
 0.145827037E-01 0.144265963E-01 0.142757508E-01-0.842185188E-03-0.102613479E-02
-0.113352921E-02-0.123257412E-02-0.132153755E-02-0.140105659E-02-0.146921435E-02
-0.151676280E-02-0.157022542E-02-0.162926337E-02-0.169350209E-02-0.176260281E-02
-0.183626589E-02-0.191418648E-02-0.199562785E-02-0.207985015E-02-0.216609651E-02
-0.225359856E-02-0.234158188E-02-0.242927161E-02-0.251589790E-02-0.260070112E-02
-0.268293651E-02-0.276187852E-02-0.283682447E-02-0.290709773E-02-0.297205048E-02
-0.303106594E-02-0.308356016E-02-0.312898356E-02-0.316682202E-02-0.319659791E-02
-0.321787081E-02-0.323023828E-02-0.323333648E-02-0.322684106E-02-0.321046797E-02
-0.318397470E-02-0.314716164E-02-0.309987384E-02-0.304200308E-02-0.297349019E-02
-0.289432785E-02-0.280456375E-02-0.270430428E-02-0.259371840E-02-0.247304137E-02
-0.234257936E-02-0.220271618E-02-0.205391234E-02-0.189670925E-02-0.173183507E-02
-0.155942130E-02-0.137939642E-02-0.119170033E-02-0.996234554E-03-0.792866977E-03
-0.581430425E-03-0.361721639E-03-0.133500341E-03 0.103511663E-03 0.349631365E-03
 0.605215431E-03 0.870661070E-03 0.114640690E-02 0.143293380E-02 0.173076571E-02
 0.204047035E-02 0.236265969E-02 0.269799021E-02 0.304716267E-02 0.341092135E-02
 0.379005259E-02 0.418538231E-02 0.459777242E-02 0.502811543E-02 0.547732674E-02
 0.594633308E-02 0.643605502E-02 0.694737960E-02 0.748111595E-02 0.803792268E-02
 0.861819508E-02 0.922194347E-02 0.988978998E-02 0.107390629E-01 0.116172043E-01
 0.125209650E-01 0.134491181E-01 0.143987971E-01 0.153649691E-01 0.163396768E-01
 0.173110170E-01 0.182619530E-01 0.191693153E-01 0.200038086E-01 0.207322117E-01
 0.213224547E-01 0.217504616E-01 0.220060207E-01 0.220951932E-01 0.220383003E-01
 0.218643001E-01 0.216040436E-01 0.212852006E-01 0.209299804E-01 0.205549936E-01
 0.201721143E-01 0.197895642E-01 0.194128792E-01 0.190456694E-01 0.186901824E-01
 0.183477114E-01 0.180188877E-01 0.177038874E-01 0.174025791E-01 0.171146278E-01
 0.168395688E-01 0.165768593E-01 0.163259147E-01 0.160861336E-01 0.158569153E-01
 0.156376708E-01 0.154278309E-01 0.152268505E-01 0.150342113E-01 0.148494231E-01
 0.146720241E-01 0.145015802E-01-0.843547802E-03-0.102327256E-02-0.111729590E-02
-0.120970320E-02-0.129197826E-02-0.136400473E-02-0.142503615E-02-0.146609543E-02
-0.151254835E-02-0.156353757E-02-0.161862765E-02-0.167750709E-02-0.173990032E-02
-0.180553930E-02-0.187415586E-02-0.194522372E-02-0.201806460E-02-0.209198969E-02
-0.216629872E-02-0.224028716E-02-0.231325103E-02-0.238449223E-02-0.245332355E-02
-0.251907299E-02-0.258108770E-02-0.263873744E-02-0.269141771E-02-0.273855253E-02
-0.277959679E-02-0.281403837E-02-0.284139987E-02-0.286124019E-02-0.287315594E-02
-0.287678267E-02-0.287179620E-02-0.285791377E-02-0.283489545E-02-0.280254571E-02
-0.276071532E-02-0.270930356E-02-0.264826060E-02-0.257758965E-02-0.249734906E-02
-0.240765482E-02-0.230868614E-02-0.220068953E-02-0.208397524E-02-0.195891102E-02
-0.182599485E-02-0.168576090E-02-0.153812652E-02-0.138309672E-02-0.122065845E-02
-0.105076052E-02-0.873317047E-03-0.688204752E-03-0.495260940E-03-0.294281555E-03
-0.850193270E-04 0.132817941E-03 0.359568974E-03 0.595620574E-03 0.841409208E-03
 0.109742274E-02 0.136420241E-02 0.164234515E-02 0.193250620E-02 0.223540211E-02
 0.255181384E-02 0.288258997E-02 0.322864971E-02 0.359098570E-02 0.397066647E-02
 0.436883859E-02 0.478672863E-02 0.522564523E-02 0.568698127E-02 0.617221638E-02
 0.668291968E-02 0.722075273E-02 0.778747306E-02 0.838493997E-02 0.901512643E-02
 0.968014236E-02 0.104249265E-01 0.113742742E-01 0.123716683E-01 0.134165499E-01
 0.145114989E-01 0.156585378E-01 0.168585559E-01 0.181103068E-01 0.194085615E-01
 0.207405666E-01 0.220791844E-01 0.233708792E-01 0.245238119E-01 0.254222822E-01
 0.259750907E-01 0.261475993E-01 0.259679762E-01 0.255234229E-01 0.249260237E-01
 0.242638369E-01 0.235882549E-01 0.229258498E-01 0.222896467E-01 0.216855198E-01
 0.211155158E-01 0.205796059E-01 0.200766443E-01 0.196049109E-01 0.191624254E-01
 0.187471311E-01 0.183570002E-01 0.179900932E-01 0.176445890E-01 0.173187982E-01
 0.170111657E-01 0.167202670E-01 0.164448017E-01 0.161835843E-01 0.159355358E-01
 0.156996736E-01 0.154751032E-01 0.152610096E-01 0.150566496E-01 0.148613448E-01
 0.146744753E-01-0.865787519E-03-0.104179013E-02-0.109853703E-02-0.118206445E-02
-0.125480464E-02-0.131352294E-02-0.136587194E-02-0.140689796E-02-0.144986471E-02
-0.149524343E-02-0.154316749E-02-0.159359132E-02-0.164637737E-02-0.170133254E-02
-0.175822276E-02-0.181677667E-02-0.187672056E-02-0.193750663E-02-0.199851058E-02
-0.205911410E-02-0.211868802E-02-0.217660421E-02-0.223224222E-02-0.228499322E-02
-0.233426320E-02-0.237947692E-02-0.242008178E-02-0.245555128E-02-0.248538805E-02
-0.250912650E-02-0.252633522E-02-0.253661917E-02-0.253962162E-02-0.253502603E-02
-0.252255768E-02-0.250198512E-02-0.247312137E-02-0.243582537E-02-0.239000469E-02
-0.233561967E-02-0.227268748E-02-0.220128421E-02-0.212154168E-02-0.203363178E-02
-0.193780422E-02-0.183443120E-02-0.172396220E-02-0.160635486E-02-0.148165933E-02
-0.134994988E-02-0.121125875E-02-0.106559078E-02-0.912920902E-03-0.753189756E-03
-0.586300005E-03-0.412112608E-03-0.230443277E-03-0.410592234E-04 0.156323668E-03
 0.362043184E-03 0.576492648E-03 0.800122472E-03 0.103344164E-02 0.127701949E-02
 0.153148826E-02 0.179754660E-02 0.207596448E-02 0.236758919E-02 0.267335239E-02
 0.299427760E-02 0.333148755E-02 0.368621105E-02 0.405978904E-02 0.445368027E-02
 0.486946736E-02 0.530886457E-02 0.577372923E-02 0.626607859E-02 0.678811450E-02
 0.734225814E-02 0.793119717E-02 0.855794744E-02 0.922592916E-02 0.993905106E-02
 0.107459710E-01 0.117785360E-01 0.128778952E-01 0.140477132E-01 0.152963862E-01
 0.166339101E-01 0.180723276E-01 0.196264318E-01 0.213150303E-01 0.231635226E-01
 0.252098967E-01 0.275227968E-01 0.301531871E-01 0.319665629E-01 0.328324127E-01
 0.327468459E-01 0.316335505E-01 0.297608863E-01 0.282019354E-01 0.268713104E-01
 0.257073462E-01 0.246756437E-01 0.237532317E-01 0.229231410E-01 0.221720625E-01
 0.214891991E-01 0.208656238E-01 0.202938710E-01 0.197676483E-01 0.192816192E-01
 0.188312339E-01 0.184125936E-01 0.180223419E-01 0.176575756E-01 0.173157723E-01
 0.169947311E-01 0.166925238E-01 0.164074538E-01 0.161380232E-01 0.158829041E-01
 0.156409154E-01 0.154110032E-01 0.151922237E-01 0.149837293E-01 0.147847568E-01
-0.813192436E-03-0.984504804E-03-0.107583150E-02-0.115591114E-02-0.122172938E-02
-0.127307913E-02-0.131874116E-02-0.135402863E-02-0.139144188E-02-0.143079048E-02
-0.147191848E-02-0.151467976E-02-0.155891521E-02-0.160444140E-02-0.165104585E-02
-0.169848472E-02-0.174648138E-02-0.179471987E-02-0.184287194E-02-0.189056436E-02
-0.193720219E-02-0.198222181E-02-0.202507947E-02-0.206524278E-02-0.210218176E-02
-0.213538011E-02-0.216434181E-02-0.218859561E-02-0.220769845E-02-0.222123839E-02
-0.222883737E-02-0.223015397E-02-0.222488618E-02-0.221277415E-02-0.219360268E-02
-0.216720275E-02-0.213345062E-02-0.209226121E-02-0.204359085E-02-0.198745414E-02
-0.192394154E-02-0.185324341E-02-0.177568872E-02-0.169126726E-02-0.160001606E-02
-0.150203110E-02-0.139742743E-02-0.128629167E-02-0.116869810E-02-0.104470816E-02
-0.914363683E-03-0.777682257E-03-0.634652113E-03-0.485226466E-03-0.329317484E-03
-0.166790109E-03 0.254398801E-05 0.178931865E-03 0.362683723E-03 0.554175834E-03
 0.753851720E-03 0.962221736E-03 0.117986165E-02 0.140741137E-02 0.164557520E-02
 0.189512513E-02 0.215690811E-02 0.243185737E-02 0.272100729E-02 0.302550980E-02
 0.334665018E-02 0.368585983E-02 0.404472429E-02 0.442498648E-02 0.482854687E-02
 0.525746444E-02 0.571396328E-02 0.620044958E-02 0.671954343E-02 0.727412895E-02
 0.786742687E-02 0.850309590E-02 0.918538062E-02 0.991937491E-02 0.107569605E-01
 0.118358136E-01 0.129938618E-01 0.142372773E-01 0.155784480E-01 0.170328834E-01
 0.186201077E-01 0.203649227E-01 0.222990130E-01 0.244626643E-01 0.269058632E-01
 0.296906609E-01 0.328231885E-01 0.349800266E-01 0.359927280E-01 0.358068447E-01
 0.343646395E-01 0.320425148E-01 0.300483331E-01 0.283530810E-01 0.269009393E-01
 0.256459819E-01 0.245510084E-01 0.235867158E-01 0.227301973E-01 0.219634894E-01
 0.212723924E-01 0.206455693E-01 0.200738737E-01 0.195498498E-01 0.190673598E-01
 0.186213037E-01 0.182074074E-01 0.178220600E-01 0.174621882E-01 0.171251585E-01
 0.168086997E-01 0.165108414E-01 0.162298652E-01 0.159642642E-01 0.157127114E-01
 0.154740324E-01 0.152471839E-01 0.150312354E-01 0.148253537E-01-0.812065482E-03
-0.979240304E-03-0.105922554E-02-0.113305176E-02-0.119243387E-02-0.123618994E-02
-0.127551018E-02-0.130680071E-02-0.133935948E-02-0.137309147E-02-0.140786936E-02
-0.144355838E-02-0.148001079E-02-0.151706002E-02-0.155451665E-02-0.159216579E-02
-0.162976542E-02-0.166704525E-02-0.170370655E-02-0.173941884E-02-0.177381673E-02
-0.180652248E-02-0.183716325E-02-0.186537493E-02-0.189064478E-02-0.191249939E-02
-0.193049731E-02-0.194422632E-02-0.195330322E-02-0.195737515E-02-0.195612181E-02
-0.194925864E-02-0.193654087E-02-0.191776903E-02-0.189279674E-02-0.186154240E-02
-0.182400825E-02-0.178016314E-02-0.172991550E-02-0.167323351E-02-0.161013614E-02
-0.154068385E-02-0.146496258E-02-0.138305118E-02-0.129503374E-02-0.120100424E-02
-0.110106331E-02-0.995312096E-03-0.883848628E-03-0.766763868E-03-0.644136684E-03
-0.516027951E-03-0.382473556E-03-0.243476121E-03-0.989954099E-04 0.510624639E-04
 0.206856534E-03 0.368622254E-03 0.536681037E-03 0.711446099E-03 0.893422630E-03
 0.108320111E-02 0.128144450E-02 0.148887245E-02 0.170624794E-02 0.193437227E-02
 0.217409302E-02 0.242632673E-02 0.269209465E-02 0.297256647E-02 0.326910424E-02
 0.358329598E-02 0.391696882E-02 0.427217593E-02 0.465116098E-02 0.505631390E-02
 0.549013636E-02 0.595523126E-02 0.645432195E-02 0.699029981E-02 0.756629624E-02
 0.818577531E-02 0.885264150E-02 0.957135636E-02 0.103958834E-01 0.114725554E-01
 0.126279487E-01 0.138686370E-01 0.152070905E-01 0.166585130E-01 0.182417600E-01
 0.199806481E-01 0.219059162E-01 0.240583884E-01 0.264949824E-01 0.293045979E-01
 0.324998644E-01 0.347296868E-01 0.357585305E-01 0.355860354E-01 0.341308733E-01
 0.317617210E-01 0.297808808E-01 0.281253947E-01 0.267138870E-01 0.254936555E-01
 0.244267867E-01 0.234848398E-01 0.226459986E-01 0.218932609E-01 0.212131972E-01
 0.205950696E-01 0.200301953E-01 0.195114788E-01 0.190330644E-01 0.185900756E-01
 0.181784172E-01 0.177946225E-01 0.174357362E-01 0.170992215E-01 0.167828873E-01
 0.164848303E-01 0.162033877E-01 0.159371002E-01 0.156846805E-01 0.154449883E-01
 0.152170090E-01 0.149998368E-01 0.147926598E-01-0.842202534E-03-0.100757077E-02
-0.104728658E-02-0.111507807E-02-0.116927678E-02-0.120667863E-02-0.124047413E-02
-0.126799544E-02-0.129593035E-02-0.132427397E-02-0.135299336E-02-0.138201559E-02
-0.141123422E-02-0.144051471E-02-0.146969729E-02-0.149859825E-02-0.152701065E-02
-0.155470502E-02-0.158143010E-02-0.160691395E-02-0.163086599E-02-0.165298074E-02
-0.167294083E-02-0.169041713E-02-0.170506511E-02-0.171653922E-02-0.172450160E-02
-0.172862785E-02-0.172861129E-02-0.172416650E-02-0.171503243E-02-0.170097528E-02
-0.168179117E-02-0.165730847E-02-0.162738946E-02-0.159193039E-02-0.155085828E-02
-0.150412047E-02-0.145168145E-02-0.139353015E-02-0.132968210E-02-0.126017841E-02
-0.118508239E-02-0.110447525E-02-0.101845448E-02-0.927132771E-03-0.830636233E-03
-0.729102174E-03-0.622676409E-03-0.511509991E-03-0.395754952E-03-0.275558674E-03
-0.151056319E-03-0.223606422E-04 0.110451659E-03 0.247357900E-03 0.388412236E-03
 0.533772998E-03 0.683732148E-03 0.838740973E-03 0.999421923E-03 0.116655430E-02
 0.134102635E-02 0.152376041E-02 0.171563508E-02 0.191743467E-02 0.212984649E-02
 0.235350927E-02 0.258910561E-02 0.283748898E-02 0.309983339E-02 0.337777851E-02
 0.367351426E-02 0.398973332E-02 0.432943075E-02 0.469563703E-02 0.509122250E-02
 0.551883978E-02 0.598097197E-02 0.648002228E-02 0.701840438E-02 0.759862953E-02
 0.822341695E-02 0.889587264E-02 0.966910124E-02 0.106893372E-01 0.117784913E-01
 0.129400616E-01 0.141825433E-01 0.155154537E-01 0.169492875E-01 0.184955787E-01
 0.201671372E-01 0.219785930E-01 0.239471902E-01 0.260920479E-01 0.283429810E-01
 0.299958431E-01 0.308483237E-01 0.308832024E-01 0.300796847E-01 0.286885203E-01
 0.273963537E-01 0.262413746E-01 0.252045237E-01 0.242690147E-01 0.234211223E-01
 0.226495102E-01 0.219446469E-01 0.212984229E-01 0.207038958E-01 0.201551022E-01
 0.196469086E-01 0.191748862E-01 0.187352050E-01 0.183245439E-01 0.179400143E-01
 0.175790957E-01 0.172395808E-01 0.169195305E-01 0.166172347E-01 0.163311803E-01
 0.160600241E-01 0.158025690E-01 0.155577454E-01 0.153245941E-01 0.151022525E-01
 0.148899426E-01 0.146869604E-01-0.791097230E-03-0.953861869E-03-0.103493780E-02
-0.110427331E-02-0.115718430E-02-0.119080768E-02-0.121923183E-02-0.124121220E-02
-0.126352675E-02-0.128600363E-02-0.130852571E-02-0.133099000E-02-0.135328515E-02
-0.137528393E-02-0.139684100E-02-0.141779267E-02-0.143795726E-02-0.145713590E-02
-0.147511356E-02-0.149166038E-02-0.150653339E-02-0.151947855E-02-0.153023288E-02
-0.153852678E-02-0.154408670E-02-0.154663918E-02-0.154591514E-02-0.154165380E-02
-0.153360622E-02-0.152153843E-02-0.150523420E-02-0.148449746E-02-0.145915436E-02
-0.142905485E-02-0.139407373E-02-0.135411100E-02-0.130909147E-02-0.125896382E-02
-0.120370029E-02-0.114329726E-02-0.107777579E-02-0.100718173E-02-0.931585432E-03
-0.851081344E-03-0.765787828E-03-0.675847110E-03-0.581425300E-03-0.482712366E-03
-0.379922013E-03-0.273291280E-03-0.163079622E-03-0.495670222E-04 0.669495642E-04
 0.186162624E-03 0.307765290E-03 0.431470531E-03 0.557043358E-03 0.684353553E-03
 0.813458098E-03 0.944718778E-03 0.107893880E-02 0.121744765E-02 0.136200115E-02
 0.151441968E-02 0.167612752E-02 0.184788881E-02 0.202983430E-02 0.222164824E-02
 0.242278520E-02 0.263269925E-02 0.285117611E-02 0.307894542E-02 0.331866610E-02
 0.357557813E-02 0.385619218E-02 0.416578847E-02 0.450762704E-02 0.488367587E-02
 0.529537621E-02 0.574401858E-02 0.623083262E-02 0.675687201E-02 0.732272001E-02
 0.792814652E-02 0.862209532E-02 0.954789890E-02 0.105241458E-01 0.115528454E-01
 0.126395855E-01 0.137885701E-01 0.150017863E-01 0.162776132E-01 0.176082416E-01
 0.189752240E-01 0.203429640E-01 0.216521994E-01 0.228197249E-01 0.237540524E-01
 0.243849428E-01 0.246851329E-01 0.246763429E-01 0.244229146E-01 0.240080394E-01
 0.235039193E-01 0.229595434E-01 0.224044183E-01 0.218554802E-01 0.213221602E-01
 0.208094589E-01 0.203197413E-01 0.198537956E-01 0.194114692E-01 0.189920599E-01
 0.185945586E-01 0.182178019E-01 0.178605669E-01 0.175216301E-01 0.171998026E-01
 0.168939502E-01 0.166030044E-01 0.163259660E-01 0.160619063E-01 0.158099650E-01
 0.155693468E-01 0.153393175E-01 0.151191998E-01 0.149083690E-01 0.147062485E-01
 0.145123061E-01-0.790246313E-03-0.950742809E-03-0.102537965E-02-0.109414506E-02
-0.116788570E-02-0.119014809E-02-0.120786297E-02-0.122479412E-02-0.124144331E-02
-0.125792827E-02-0.127422006E-02-0.129023536E-02-0.130586497E-02-0.132098244E-02
-0.133544678E-02-0.134910353E-02-0.136178537E-02-0.137331272E-02-0.138349455E-02
-0.139212943E-02-0.139900681E-02-0.140390859E-02-0.140661089E-02-0.140688605E-02
-0.140450493E-02-0.139923941E-02-0.139086507E-02-0.137916385E-02-0.136392663E-02
-0.134495567E-02-0.132206683E-02-0.129509160E-02-0.126387893E-02-0.122829674E-02
-0.118823320E-02-0.114359779E-02-0.109432204E-02-0.104036030E-02-0.981690454E-03
-0.918314794E-03-0.850260988E-03-0.777583084E-03-0.700362610E-03-0.618709827E-03
-0.532765228E-03-0.442701366E-03-0.348725073E-03-0.251080167E-03-0.150050735E-03
-0.459651265E-04 0.607991953E-04 0.169809788E-03 0.280572175E-03 0.392521526E-03
 0.505013238E-03 0.617313386E-03 0.728592142E-03 0.837929199E-03 0.944356921E-03
 0.104701621E-02 0.114564635E-02 0.124196339E-02 0.134192247E-02 0.145379063E-02
 0.158144910E-02 0.172416372E-02 0.187951265E-02 0.204472677E-02 0.221686518E-02
 0.239254657E-02 0.256730418E-02 0.273421283E-02 0.288061672E-02 0.301100188E-02
 0.320104783E-02 0.344004174E-02 0.372100494E-02 0.403920070E-02 0.439487327E-02
 0.478685082E-02 0.521610872E-02 0.568492763E-02 0.619392315E-02 0.674816672E-02
 0.738273812E-02 0.816587307E-02 0.898326747E-02 0.984164154E-02 0.107452749E-01
 0.116952990E-01 0.126928105E-01 0.137366120E-01 0.148244940E-01 0.159521708E-01
 0.171060078E-01 0.181791244E-01 0.190997518E-01 0.198519021E-01 0.204255814E-01
 0.208195703E-01 0.210435604E-01 0.211172092E-01 0.210665128E-01 0.209191682E-01
 0.207007870E-01 0.204328745E-01 0.201323685E-01 0.198120687E-01 0.194813882E-01
 0.191471159E-01 0.188140665E-01 0.184855945E-01 0.181639839E-01 0.178507392E-01
 0.175467997E-01 0.172526976E-01 0.169686729E-01 0.166947585E-01 0.164308421E-01
 0.161767114E-01 0.159320868E-01 0.156966464E-01 0.154700425E-01 0.152519147E-01
 0.150418993E-01 0.148396347E-01 0.146447668E-01 0.144569515E-01 0.142758570E-01
-0.824305150E-03-0.982525423E-03-0.100992481E-02-0.106940938E-02-0.113817136E-02
-0.119732883E-02-0.120792255E-02-0.121793752E-02-0.122830034E-02-0.123863148E-02
-0.124876009E-02-0.125854191E-02-0.126783793E-02-0.127650747E-02-0.128440476E-02
-0.129137715E-02-0.129726428E-02-0.130189778E-02-0.130510154E-02-0.130669231E-02
-0.130648059E-02-0.130427179E-02-0.129986765E-02-0.129306778E-02-0.128367143E-02
-0.127147926E-02-0.125629535E-02-0.123792914E-02-0.121619734E-02-0.119092589E-02
-0.116195172E-02-0.112912455E-02-0.109230849E-02-0.105138355E-02-0.100624711E-02
-0.956815210E-03-0.903023889E-03-0.844830452E-03-0.782214823E-03-0.715180987E-03
-0.643758566E-03-0.568004590E-03-0.488005493E-03-0.403879441E-03-0.315779053E-03
-0.223894653E-03-0.128458205E-03-0.297480976E-04 0.719049144E-04 0.176110269E-03
 0.282408088E-03 0.390256775E-03 0.499016465E-03 0.607926248E-03 0.716071757E-03
 0.822337073E-03 0.925329678E-03 0.102325582E-02 0.111369639E-02 0.119316003E-02
 0.125606638E-02 0.129215576E-02 0.130736633E-02 0.138676025E-02 0.150205440E-02
 0.163930701E-02 0.178980543E-02 0.194957966E-02 0.211654771E-02 0.228598497E-02
 0.245594590E-02 0.262350207E-02 0.278814336E-02 0.295969575E-02 0.315626037E-02
 0.338308906E-02 0.364366131E-02 0.393515633E-02 0.425759585E-02 0.461375662E-02
 0.500194152E-02 0.542640262E-02 0.588931323E-02 0.639521950E-02 0.694903312E-02
 0.755389980E-02 0.820331734E-02 0.889575367E-02 0.962690269E-02 0.103947981E-01
 0.112024483E-01 0.120473888E-01 0.129347011E-01 0.138747611E-01 0.148898661E-01
 0.158219595E-01 0.166030965E-01 0.172512637E-01 0.177743576E-01 0.181784867E-01
 0.184709922E-01 0.186614261E-01 0.187613508E-01 0.187835195E-01 0.187408871E-01
 0.186457618E-01 0.185092394E-01 0.183409288E-01 0.181489021E-01 0.179397870E-01
 0.177189310E-01 0.174905897E-01 0.172581111E-01 0.170241021E-01 0.167905716E-01
 0.165590504E-01 0.163306898E-01 0.161063406E-01 0.158866178E-01 0.156719506E-01
 0.154626239E-01 0.152588096E-01 0.150605925E-01 0.148679905E-01 0.146809697E-01
 0.144994579E-01 0.143233537E-01 0.141525345E-01 0.139868628E-01-0.766326981E-03
-0.918864789E-03-0.987207748E-03-0.104274454E-02-0.110378238E-02-0.117042225E-02
-0.121118070E-02-0.121589117E-02-0.122083879E-02-0.122559097E-02-0.123005214E-02
-0.123408574E-02-0.123755358E-02-0.124031644E-02-0.124223169E-02-0.124315153E-02
-0.124292206E-02-0.124138301E-02-0.123836794E-02-0.123370488E-02-0.122721712E-02
-0.121872431E-02-0.120804360E-02-0.119499098E-02-0.117938262E-02-0.116103632E-02
-0.113977301E-02-0.111541823E-02-0.108780368E-02-0.105676874E-02-0.102216195E-02
-0.983842520E-03-0.941681749E-03-0.895564506E-03-0.845390638E-03-0.791076412E-03
-0.732555981E-03-0.669782916E-03-0.602731830E-03-0.531400137E-03-0.455809995E-03
-0.376010468E-03-0.292079986E-03-0.204129151E-03-0.112303986E-03-0.167897310E-04
 0.821846907E-04 0.184341362E-03 0.289347006E-03 0.396805269E-03 0.506247264E-03
 0.617119829E-03 0.728770750E-03 0.840429917E-03 0.951185014E-03 0.105995001E-02
 0.116542479E-02 0.126604621E-02 0.135993901E-02 0.144490531E-02 0.151858932E-02
 0.157925552E-02 0.168630992E-02 0.185988488E-02 0.203485786E-02 0.221457989E-02
 0.239994625E-02 0.259072676E-02 0.278635236E-02 0.298634426E-02 0.319064448E-02
 0.339997048E-02 0.361614830E-02 0.384212193E-02 0.408140762E-02 0.433725843E-02
 0.461221752E-02 0.490816495E-02 0.522659614E-02 0.556886530E-02 0.593633412E-02
 0.633043246E-02 0.675260116E-02 0.720413763E-02 0.768588565E-02 0.819793929E-02
 0.873952814E-02 0.930920375E-02 0.990507990E-02 0.105249204E-01 0.111660168E-01
 0.118247678E-01 0.124957633E-01 0.131698557E-01 0.138313665E-01 0.144585271E-01
 0.150313019E-01 0.155373299E-01 0.159708828E-01 0.163304730E-01 0.166174373E-01
 0.168351731E-01 0.169886057E-01 0.170837112E-01 0.171270623E-01 0.171254186E-01
 0.170853916E-01 0.170132005E-01 0.169145181E-01 0.167943933E-01 0.166572328E-01
 0.165068225E-01 0.163463738E-01 0.161785818E-01 0.160056884E-01 0.158295433E-01
 0.156516614E-01 0.154732746E-01 0.152953773E-01 0.151187651E-01 0.149440690E-01
 0.147717832E-01 0.146022892E-01 0.144358760E-01 0.142727563E-01 0.141130807E-01
 0.139569489E-01 0.138044194E-01 0.136555173E-01-0.759526561E-03-0.907702212E-03
-0.968139689E-03-0.101747864E-02-0.107194758E-02-0.113212337E-02-0.119889775E-02
-0.121596414E-02-0.121686440E-02-0.121672941E-02-0.121615947E-02-0.121504943E-02
-0.121328764E-02-0.121075540E-02-0.120732468E-02-0.120285796E-02-0.119720873E-02
-0.119022258E-02-0.118173837E-02-0.117158958E-02-0.115960552E-02-0.114561262E-02
-0.112943556E-02-0.111089843E-02-0.108982587E-02-0.106604416E-02-0.103938241E-02
-0.100967369E-02-0.976756193E-03-0.940474463E-03-0.900680568E-03-0.857235346E-03
-0.810009651E-03-0.758885631E-03-0.703758047E-03-0.644535646E-03-0.581142598E-03
-0.513520040E-03-0.441627728E-03-0.365445844E-03-0.284976992E-03-0.200248410E-03
-0.111314442E-03-0.182593275E-04 0.787996635E-04 0.179708681E-03 0.284273292E-03
 0.392253964E-03 0.503361010E-03 0.617248965E-03 0.733510441E-03 0.851669580E-03
 0.971175417E-03 0.109139582E-02 0.121161328E-02 0.133102501E-02 0.144875179E-02
 0.156386337E-02 0.167543281E-02 0.178263595E-02 0.188490676E-02 0.198211884E-02
 0.213439790E-02 0.235791574E-02 0.258107309E-02 0.280503123E-02 0.303063400E-02
 0.325842584E-02 0.348877557E-02 0.372203656E-02 0.395869756E-02 0.419949813E-02
 0.444548523E-02 0.469799253E-02 0.495854726E-02 0.522874219E-02 0.551012448E-02
 0.580413266E-02 0.611207941E-02 0.643515670E-02 0.677443824E-02 0.713086213E-02
 0.750518560E-02 0.789791364E-02 0.830921263E-02 0.873882805E-02 0.918602216E-02
 0.964953158E-02 0.101275247E-01 0.106175287E-01 0.111163027E-01 0.116196500E-01
 0.121222050E-01 0.126173035E-01 0.130971358E-01 0.135533539E-01 0.139780353E-01
 0.143645941E-01 0.147082881E-01 0.150062984E-01 0.152575547E-01 0.154624647E-01
 0.156226236E-01 0.157405310E-01 0.158193278E-01 0.158625562E-01 0.158739540E-01
 0.158572843E-01 0.158162051E-01 0.157541755E-01 0.156743958E-01 0.155797739E-01
 0.154729136E-01 0.153561180E-01 0.152314033E-01 0.151005195E-01 0.149649733E-01
 0.148260538E-01 0.146848568E-01 0.145423085E-01 0.143991868E-01 0.142561417E-01
 0.141137126E-01 0.139723441E-01 0.138323995E-01 0.136941730E-01 0.135579000E-01
 0.134237659E-01 0.132919138E-01-0.798636962E-03-0.944955177E-03-0.952356254E-03
-0.994169658E-03-0.104260685E-02-0.109606808E-02-0.115422005E-02-0.121101663E-02
-0.121563627E-02-0.121070454E-02-0.120558562E-02-0.119985071E-02-0.119342045E-02
-0.118620300E-02-0.117808424E-02-0.116893139E-02-0.115859742E-02-0.114692512E-02
-0.113375030E-02-0.111890416E-02-0.110221498E-02-0.108350941E-02-0.106261338E-02
-0.103935298E-02-0.101355523E-02-0.985048795E-03-0.953664760E-03-0.919237435E-03
-0.881605165E-03-0.840611200E-03-0.796104604E-03-0.747941200E-03-0.695984577E-03
-0.640107138E-03-0.580191214E-03-0.516130252E-03-0.447830087E-03-0.375210321E-03
-0.298205819E-03-0.216768353E-03-0.130868414E-03-0.404972138E-04 0.543310968E-04
 0.153576974E-03 0.257172770E-03 0.365019768E-03 0.476984950E-03 0.592897561E-03
 0.712545509E-03 0.835671751E-03 0.961970880E-03 0.109108625E-02 0.122260821E-02
 0.135607415E-02 0.149097162E-02 0.162674588E-02 0.176281378E-02 0.189858576E-02
 0.203349691E-02 0.216704579E-02 0.229883412E-02 0.242857804E-02 0.261694955E-02
 0.287942215E-02 0.314185061E-02 0.340438246E-02 0.366711561E-02 0.393011560E-02
 0.419343750E-02 0.445716680E-02 0.472146747E-02 0.498662411E-02 0.525306892E-02
 0.552138805E-02 0.579230807E-02 0.606666758E-02 0.634538158E-02 0.662940457E-02
 0.691969497E-02 0.721718020E-02 0.752271952E-02 0.783706208E-02 0.816079926E-02
 0.849431209E-02 0.883771657E-02 0.919081021E-02 0.955302238E-02 0.992336906E-02
 0.103004110E-01 0.106822150E-01 0.110663210E-01 0.114497255E-01 0.118288994E-01
 0.121998649E-01 0.125583499E-01 0.129000207E-01 0.132207600E-01 0.135169370E-01
 0.137856166E-01 0.140246806E-01 0.142328605E-01 0.144097006E-01 0.145554751E-01
 0.146710774E-01 0.147578979E-01 0.148177009E-01 0.148525084E-01 0.148644957E-01
 0.148559023E-01 0.148289593E-01 0.147858332E-01 0.147285848E-01 0.146591418E-01
 0.145792818E-01 0.144906253E-01 0.143946341E-01 0.142926160E-01 0.141857319E-01
 0.140750056E-01 0.139613343E-01 0.138455004E-01 0.137281821E-01 0.136099647E-01
 0.134913507E-01 0.133727694E-01 0.132545853E-01 0.131371064E-01 0.130205911E-01
 0.129052545E-01-0.738562531E-03-0.879432036E-03-0.933182579E-03-0.972740062E-03
-0.101585901E-02-0.106325239E-02-0.111482757E-02-0.117042952E-02-0.121412688E-02
-0.120608521E-02-0.119681223E-02-0.118679791E-02-0.117619488E-02-0.116492554E-02
-0.115285267E-02-0.113981180E-02-0.112562693E-02-0.111011834E-02-0.109310593E-02
-0.107441035E-02-0.105385334E-02-0.103125775E-02-0.100644748E-02-0.979247512E-03
-0.949484083E-03-0.916984856E-03-0.881579266E-03-0.843098910E-03-0.801378025E-03
-0.756254032E-03-0.707568136E-03-0.655165986E-03-0.598898398E-03-0.538622132E-03
-0.474200734E-03-0.405505460E-03-0.332416266E-03-0.254822914E-03-0.172626171E-03
-0.857391459E-04 0.591123430E-05 0.102382583E-03 0.203715234E-03 0.309930222E-03
 0.421027066E-03 0.536981340E-03 0.657742051E-03 0.783228854E-03 0.913329162E-03
 0.104789525E-02 0.118674147E-02 0.132964187E-02 0.147632833E-02 0.162648974E-02
 0.177977245E-02 0.193578251E-02 0.209408980E-02 0.225423419E-02 0.241573317E-02
 0.257808969E-02 0.274079802E-02 0.290333699E-02 0.312703482E-02 0.342708196E-02
 0.372741684E-02 0.402748239E-02 0.432668193E-02 0.462440280E-02 0.492004039E-02
 0.521303112E-02 0.550289131E-02 0.578925689E-02 0.607191869E-02 0.635084886E-02
 0.662621508E-02 0.689838119E-02 0.716789389E-02 0.743545661E-02 0.770189218E-02
 0.796809629E-02 0.823498440E-02 0.850343434E-02 0.877422752E-02 0.904799138E-02
 0.932514563E-02 0.960585443E-02 0.988998623E-02 0.101770826E-01 0.104663371E-01
 0.107565863E-01 0.110463145E-01 0.113336765E-01 0.116165408E-01 0.118925581E-01
 0.121592519E-01 0.124141297E-01 0.126548012E-01 0.128790935E-01 0.130851487E-01
 0.132714951E-01 0.134370869E-01 0.135813150E-01 0.137039914E-01 0.138053135E-01
 0.138858158E-01 0.139463133E-01 0.139878425E-01 0.140116035E-01 0.140189063E-01
 0.140111227E-01 0.139896455E-01 0.139558550E-01 0.139110926E-01 0.138566406E-01
 0.137937089E-01 0.137234257E-01 0.136468326E-01 0.135648830E-01 0.134784433E-01
 0.133882952E-01 0.132951402E-01 0.131996040E-01 0.131022420E-01 0.130035450E-01
 0.129039447E-01 0.128038190E-01 0.127034973E-01 0.126032654E-01 0.125033701E-01
-0.731916229E-03-0.869611387E-03-0.918706911E-03-0.953849214E-03-0.992031315E-03
-0.103379473E-02-0.107899844E-02-0.112756111E-02-0.118079576E-02-0.120065001E-02
-0.118730560E-02-0.117312253E-02-0.115910311E-02-0.114480008E-02-0.112986362E-02
-0.111401759E-02-0.109702850E-02-0.107868758E-02-0.105880064E-02-0.103718212E-02
-0.101365159E-02-0.988031660E-03-0.960146654E-03-0.929821877E-03-0.896883202E-03
-0.861156902E-03-0.822469643E-03-0.780648603E-03-0.735521678E-03-0.686917761E-03
-0.634667079E-03-0.578601579E-03-0.518555372E-03-0.454365204E-03-0.385871001E-03
-0.312916451E-03-0.235349655E-03-0.153023857E-03-0.657982506E-04 0.264611064E-04
 0.123880260E-03 0.226576189E-03 0.334655479E-03 0.448212804E-03 0.567329211E-03
 0.692070165E-03 0.822483347E-03 0.958596166E-03 0.110041298E-02 0.124791199E-02
 0.140104184E-02 0.155971781E-02 0.172381770E-02 0.189317732E-02 0.206758551E-02
 0.224677862E-02 0.243043435E-02 0.261816462E-02 0.280950744E-02 0.300391735E-02
 0.320075518E-02 0.339928433E-02 0.366150824E-02 0.400240281E-02 0.434410365E-02
 0.468534983E-02 0.502477420E-02 0.536092019E-02 0.569228348E-02 0.601736942E-02
 0.633476248E-02 0.664320283E-02 0.694166256E-02 0.722941348E-02 0.750607799E-02
 0.777165637E-02 0.802652625E-02 0.827141363E-02 0.850733815E-02 0.873553847E-02
 0.895738507E-02 0.917428865E-02 0.938761118E-02 0.959858573E-02 0.980824876E-02
 0.100173872E-01 0.102265012E-01 0.104357817E-01 0.106451030E-01 0.108540287E-01
 0.110618303E-01 0.112675185E-01 0.114698854E-01 0.116675569E-01 0.118590541E-01
 0.120428584E-01 0.122174789E-01 0.123815158E-01 0.125337163E-01 0.126730190E-01
 0.127985855E-01 0.129098173E-01 0.130063603E-01 0.130880966E-01 0.131551286E-01
 0.132077543E-01 0.132464403E-01 0.132717910E-01 0.132845190E-01 0.132854157E-01
 0.132753249E-01 0.132551186E-01 0.132256775E-01 0.131878730E-01 0.131425547E-01
 0.130905392E-01 0.130326027E-01 0.129694757E-01 0.129018399E-01 0.128303265E-01
 0.127555160E-01 0.126779394E-01 0.125980791E-01 0.125163719E-01 0.124332109E-01
 0.123489484E-01 0.122638992E-01 0.121783428E-01 0.120925270E-01-0.785494877E-03
-0.919669080E-03-0.909010259E-03-0.938157796E-03-0.972093837E-03-0.100905501E-02
-0.104863578E-02-0.109035134E-02-0.113333737E-02-0.117398835E-02-0.116730620E-02
-0.115351610E-02-0.113916767E-02-0.112405495E-02-0.110797605E-02-0.109074108E-02
-0.107217144E-02-0.105209573E-02-0.103034635E-02-0.100675721E-02-0.981162309E-03
-0.953394836E-03-0.923286605E-03-0.890667740E-03-0.855366507E-03-0.817209252E-03
-0.776020405E-03-0.731622544E-03-0.683836483E-03-0.632481395E-03-0.577374947E-03
-0.518333457E-03-0.455172054E-03-0.387704865E-03-0.315745203E-03-0.239105791E-03
-0.157598999E-03-0.710371236E-04 0.207672885E-04 0.118001053E-03 0.220849884E-03
 0.329497829E-03 0.444126567E-03 0.564914555E-03 0.692035952E-03 0.825659296E-03
 0.965945848E-03 0.111304753E-02 0.126710434E-02 0.142824113E-02 0.159656360E-02
 0.177215321E-02 0.195506087E-02 0.214529905E-02 0.234283186E-02 0.254756281E-02
 0.275931965E-02 0.297783584E-02 0.320272841E-02 0.343347185E-02 0.366936951E-02
 0.390954054E-02 0.421673125E-02 0.460574666E-02 0.499690886E-02 0.538817648E-02
 0.577722922E-02 0.616147304E-02 0.653810290E-02 0.690420427E-02 0.725689084E-02
 0.759347062E-02 0.791162504E-02 0.820957939E-02 0.848624056E-02 0.874128010E-02
 0.897514891E-02 0.918902081E-02 0.938467447E-02 0.956433224E-02 0.973047896E-02
 0.988568324E-02 0.100324385E-01 0.101730347E-01 0.103094656E-01 0.104433691E-01
 0.105759982E-01 0.107082161E-01 0.108405097E-01 0.109730166E-01 0.111055627E-01
 0.112377053E-01 0.113687813E-01 0.114979581E-01 0.116242847E-01 0.117467432E-01
 0.118642965E-01 0.119759333E-01 0.120807072E-01 0.121777683E-01 0.122663885E-01
 0.123459784E-01 0.124160961E-01 0.124764499E-01 0.125268942E-01 0.125674213E-01
 0.125981481E-01 0.126193020E-01 0.126312038E-01 0.126342512E-01 0.126289019E-01
 0.126156584E-01 0.125950526E-01 0.125676340E-01 0.125339580E-01 0.124945766E-01
 0.124500308E-01 0.124008445E-01 0.123475196E-01 0.122905330E-01 0.122303342E-01
 0.121673435E-01 0.121019519E-01 0.120345211E-01 0.119653835E-01 0.118948436E-01
 0.118231789E-01 0.117506413E-01 0.116774583E-01-0.720274565E-03-0.853370611E-03
-0.897072425E-03-0.925999043E-03-0.957100392E-03-0.990848923E-03-0.102698930E-02
-0.106518942E-02-0.110510155E-02-0.114615850E-02-0.114336181E-02-0.113193286E-02
-0.111888156E-02-0.110432272E-02-0.108827815E-02-0.107070632E-02-0.105152611E-02
-0.103063136E-02-0.100789932E-02-0.983195450E-03-0.956376246E-03-0.927290921E-03
-0.895782447E-03-0.861688221E-03-0.824840500E-03-0.785066687E-03-0.742189527E-03
-0.696027216E-03-0.646393471E-03-0.593097542E-03-0.535944185E-03-0.474733603E-03
-0.409261347E-03-0.339318183E-03-0.264689929E-03-0.185157264E-03-0.100495508E-03
-0.104743841E-04 0.851422287E-04 0.186596552E-03 0.294137144E-03 0.408019110E-03
 0.528504250E-03 0.655861112E-03 0.790364900E-03 0.932297180E-03 0.108194529E-02
 0.123960132E-02 0.140556058E-02 0.158011926E-02 0.176357109E-02 0.195620261E-02
 0.215828670E-02 0.237007366E-02 0.259177928E-02 0.282356900E-02 0.306553698E-02
 0.331767913E-02 0.357985854E-02 0.385176208E-02 0.413284743E-02 0.442229039E-02
 0.478380979E-02 0.523223668E-02 0.568614602E-02 0.614272443E-02 0.659849851E-02
 0.704930200E-02 0.749032720E-02 0.791627138E-02 0.832159452E-02 0.870088646E-02
 0.904931193E-02 0.936307147E-02 0.963979516E-02 0.987878778E-02 0.100810715E-01
 0.102492182E-01 0.103870128E-01 0.104990203E-01 0.105901410E-01 0.106652185E-01
 0.107287428E-01 0.107846569E-01 0.108362583E-01 0.108861727E-01 0.109363795E-01
 0.109882668E-01 0.110427020E-01 0.111001074E-01 0.111605352E-01 0.112237379E-01
 0.112892335E-01 0.113563644E-01 0.114243503E-01 0.114923351E-01 0.115594289E-01
 0.116247438E-01 0.116874240E-01 0.117466712E-01 0.118017641E-01 0.118520722E-01
 0.118970656E-01 0.119363198E-01 0.119695156E-01 0.119964373E-01 0.120169664E-01
 0.120310745E-01 0.120388137E-01 0.120403067E-01 0.120357363E-01 0.120253351E-01
 0.120093753E-01 0.119881592E-01 0.119620107E-01 0.119312675E-01 0.118962745E-01
 0.118573777E-01 0.118149197E-01 0.117692357E-01 0.117206500E-01 0.116694740E-01
 0.116160044E-01 0.115605216E-01 0.115032893E-01 0.114445540E-01 0.113845451E-01
 0.113234748E-01 0.112615387E-01-0.715407146E-03-0.847159221E-03-0.890249602E-03
-0.917579375E-03-0.946867859E-03-0.978779541E-03-0.101317930E-02-0.104989837E-02
-0.108878213E-02-0.112937020E-02-0.112669712E-02-0.111565258E-02-0.110303238E-02
-0.108881681E-02-0.107297361E-02-0.105545141E-02-0.103617882E-02-0.101506613E-02
-0.992007855E-03-0.966885041E-03-0.939567233E-03-0.909913973E-03-0.877775896E-03
-0.842995531E-03-0.805407841E-03-0.764840584E-03-0.721114518E-03-0.674043480E-03
-0.623434363E-03-0.569086994E-03-0.510793926E-03-0.448340151E-03-0.381502724E-03
-0.310050312E-03-0.233742649E-03-0.152329922E-03-0.655520522E-04 0.268621008E-04
 0.125195629E-03 0.229744554E-03 0.340818895E-03 0.458743813E-03 0.583860824E-03
 0.716529066E-03 0.857126582E-03 0.100605158E-02 0.116372362E-02 0.133058460E-02
 0.150709945E-02 0.169375634E-02 0.189106616E-02 0.209956087E-02 0.231979036E-02
 0.255231703E-02 0.279770734E-02 0.305651906E-02 0.332928257E-02 0.361647426E-02
 0.391847897E-02 0.423553797E-02 0.456767734E-02 0.491460096E-02 0.534151395E-02
 0.586387494E-02 0.639908516E-02 0.694402572E-02 0.749424268E-02 0.804371165E-02
 0.858467302E-02 0.910766088E-02 0.960185364E-02 0.100558457E-01 0.104588331E-01
 0.108020380E-01 0.110800357E-01 0.112916068E-01 0.114398477E-01 0.115315143E-01
 0.115758185E-01 0.115830437E-01 0.115633240E-01 0.115257902E-01 0.114781186E-01
 0.114264054E-01 0.113752501E-01 0.113279456E-01 0.112867017E-01 0.112528631E-01
 0.112270998E-01 0.112095670E-01 0.112000342E-01 0.111979884E-01 0.112027155E-01
 0.112133654E-01 0.112290038E-01 0.112486536E-01 0.112713282E-01 0.112960591E-01
 0.113219169E-01 0.113480288E-01 0.113735914E-01 0.113978799E-01 0.114202542E-01
 0.114401624E-01 0.114571411E-01 0.114708136E-01 0.114808872E-01 0.114871477E-01
 0.114894535E-01 0.114877291E-01 0.114819577E-01 0.114721740E-01 0.114584564E-01
 0.114409203E-01 0.114197112E-01 0.113949984E-01 0.113669692E-01 0.113358240E-01
 0.113017714E-01 0.112650249E-01 0.112257986E-01 0.111843056E-01 0.111407544E-01
 0.110953482E-01 0.110482826E-01 0.109997451E-01 0.109499138E-01 0.108989574E-01
 0.108470343E-01-0.764124549E-03-0.896887091E-03-0.888477106E-03-0.912220470E-03
-0.940326531E-03-0.971190107E-03-0.100463404E-02-0.104054229E-02-0.107880711E-02
-0.111898438E-02-0.111618694E-02-0.110519369E-02-0.109274599E-02-0.107877206E-02
-0.106319825E-02-0.104594494E-02-0.102692404E-02-0.100603757E-02-0.983177222E-03
-0.958224426E-03-0.931050624E-03-0.901517696E-03-0.869478352E-03-0.834776446E-03
-0.797247210E-03-0.756717371E-03-0.713005161E-03-0.665920221E-03-0.615263395E-03
-0.560826418E-03-0.502391489E-03-0.439730742E-03-0.372605589E-03-0.300765947E-03
-0.223949332E-03-0.141879819E-03-0.542668402E-04 0.391961677E-04 0.138833297E-03
 0.244987894E-03 0.358024489E-03 0.478330948E-03 0.606320872E-03 0.742436246E-03
 0.887150365E-03 0.104097105E-02 0.120444413E-02 0.137815726E-02 0.156274395E-02
 0.175888783E-02 0.196732708E-02 0.218885880E-02 0.242434317E-02 0.267470698E-02
 0.294094601E-02 0.322412528E-02 0.352537598E-02 0.384588678E-02 0.418688661E-02
 0.454961373E-02 0.493526321E-02 0.534488908E-02 0.584606908E-02 0.645615846E-02
 0.709326452E-02 0.775579879E-02 0.844021613E-02 0.914010257E-02 0.984502950E-02
 0.105394061E-01 0.112018800E-01 0.118061955E-01 0.123243455E-01 0.127318477E-01
 0.130134630E-01 0.131670168E-01 0.132037293E-01 0.131449209E-01 0.130165173E-01
 0.128437106E-01 0.126475811E-01 0.124439666E-01 0.122438235E-01 0.120541998E-01
 0.118792709E-01 0.117212077E-01 0.115808285E-01 0.114580622E-01 0.113522662E-01
 0.112624413E-01 0.111873755E-01 0.111257408E-01 0.110761579E-01 0.110372405E-01
 0.110076255E-01 0.109859943E-01 0.109710877E-01 0.109617168E-01 0.109567708E-01
 0.109552222E-01 0.109561301E-01 0.109586424E-01 0.109619957E-01 0.109655150E-01
 0.109686110E-01 0.109707775E-01 0.109715873E-01 0.109706877E-01 0.109677953E-01
 0.109626904E-01 0.109552112E-01 0.109452478E-01 0.109327363E-01 0.109176534E-01
 0.109000102E-01 0.108798475E-01 0.108572307E-01 0.108322453E-01 0.108049927E-01
 0.107755869E-01 0.107441506E-01 0.107108129E-01 0.106757068E-01 0.106389667E-01
 0.106007269E-01 0.105611200E-01 0.105202759E-01 0.104783206E-01 0.104353755E-01
-0.713779337E-03-0.843978092E-03-0.883458355E-03-0.908877249E-03-0.936496440E-03
-0.966819894E-03-0.999785974E-03-0.103530821E-02-0.107329931E-02-0.111333190E-02
-0.111060713E-02-0.109983305E-02-0.108771854E-02-0.107417485E-02-0.105911081E-02
-0.104243115E-02-0.102403503E-02-0.100381493E-02-0.981655893E-03-0.957434943E-03
-0.931020812E-03-0.902273743E-03-0.871045377E-03-0.837178664E-03-0.800507743E-03
-0.760857786E-03-0.718044762E-03-0.671875126E-03-0.622145406E-03-0.568641684E-03
-0.511138963E-03-0.449400398E-03-0.383176399E-03-0.312203570E-03-0.236203489E-03
-0.154881307E-03-0.679241318E-04 0.250008019E-04 0.124248221E-03 0.230197186E-03
 0.343253785E-03 0.463854188E-03 0.592468121E-03 0.729602810E-03 0.875807473E-03
 0.103167844E-02 0.119786499E-02 0.137507606E-02 0.156408792E-02 0.176575298E-02
 0.198101002E-02 0.221089594E-02 0.245655939E-02 0.271927663E-02 0.300046987E-02
 0.330172860E-02 0.362483412E-02 0.397178763E-02 0.434484166E-02 0.474653411E-02
 0.517972200E-02 0.564760599E-02 0.622109015E-02 0.692124804E-02 0.767012136E-02
 0.847191351E-02 0.933010175E-02 0.102460658E-01 0.112163143E-01 0.122271982E-01
 0.132460031E-01 0.142105771E-01 0.150302761E-01 0.156131460E-01 0.159019576E-01
 0.158921126E-01 0.156334224E-01 0.152137914E-01 0.147222067E-01 0.142207525E-01
 0.137431604E-01 0.133045554E-01 0.129099289E-01 0.125592319E-01 0.122500953E-01
 0.119792123E-01 0.117430184E-01 0.115380120E-01 0.113608940E-01 0.112086177E-01
 0.110783962E-01 0.109676897E-01 0.108741864E-01 0.107957813E-01 0.107305571E-01
 0.106767661E-01 0.106328153E-01 0.105972544E-01 0.105687641E-01 0.105461480E-01
 0.105283242E-01 0.105143185E-01 0.105032583E-01 0.104943665E-01 0.104869559E-01
 0.104804238E-01 0.104742463E-01 0.104679731E-01 0.104612218E-01 0.104536727E-01
 0.104450633E-01 0.104351828E-01 0.104238674E-01 0.104109948E-01 0.103964798E-01
 0.103802695E-01 0.103623391E-01 0.103426879E-01 0.103213358E-01 0.102983197E-01
 0.102736904E-01 0.102475101E-01 0.102198499E-01 0.101907877E-01 0.101604058E-01
 0.101287902E-01 0.100960282E-01 0.100622079E-01 0.100274169E-01-0.709531759E-03
-0.839633785E-03-0.881754614E-03-0.907303243E-03-0.934718950E-03-0.964868487E-03
-0.997723221E-03-0.103321291E-02-0.107126300E-02-0.111146719E-02-0.110913618E-02
-0.109890577E-02-0.108745032E-02-0.107467677E-02-0.106048771E-02-0.104478108E-02
-0.102744955E-02-0.100837984E-02-0.987452202E-03-0.964539914E-03-0.939508903E-03
-0.912217413E-03-0.882515711E-03-0.850245805E-03-0.815241136E-03-0.777326243E-03
-0.736316358E-03-0.692016936E-03-0.644223080E-03-0.592718869E-03-0.537276558E-03
-0.477655645E-03-0.413601786E-03-0.344845539E-03-0.271100926E-03-0.192063777E-03
-0.107409848E-03-0.167926657E-04 0.801589231E-04 0.183843552E-03 0.294690528E-03
 0.413163477E-03 0.539764532E-03 0.675039139E-03 0.819581592E-03 0.974041460E-03
 0.113913104E-02 0.131563411E-02 0.150441614E-02 0.170643651E-02 0.192276297E-02
 0.215458904E-02 0.240325511E-02 0.267027428E-02 0.295736415E-02 0.326648667E-02
 0.359989833E-02 0.396021430E-02 0.435049161E-02 0.477433822E-02 0.523605812E-02
 0.574084537E-02 0.636258125E-02 0.712641165E-02 0.796008278E-02 0.887668631E-02
 0.989339248E-02 0.110332120E-01 0.123275716E-01 0.138198212E-01 0.155689476E-01
 0.176493090E-01 0.196354805E-01 0.207807975E-01 0.210907927E-01 0.205306013E-01
 0.190738157E-01 0.175459058E-01 0.163165083E-01 0.153183156E-01 0.144975255E-01
 0.138144041E-01 0.132400661E-01 0.127533234E-01 0.123383425E-01 0.119830351E-01
 0.116779717E-01 0.114156463E-01 0.111899707E-01 0.109959218E-01 0.108292917E-01
 0.106865067E-01 0.105644954E-01 0.104605911E-01 0.103724576E-01 0.102980343E-01
 0.102354927E-01 0.101832036E-01 0.101397110E-01 0.101037113E-01 0.100740368E-01
 0.100496419E-01 0.100295918E-01 0.100130528E-01 0.999928374E-02 0.998762852E-02
 0.997750937E-02 0.996842055E-02 0.995992251E-02 0.995163636E-02 0.994323873E-02
 0.993445672E-02 0.992506328E-02 0.991487265E-02 0.990373614E-02 0.989153815E-02
 0.987819235E-02 0.986363819E-02 0.984783760E-02 0.983077202E-02 0.981243957E-02
 0.979285254E-02 0.977203510E-02 0.975002122E-02 0.972685285E-02 0.970257824E-02
 0.967725052E-02 0.965092640E-02 0.962366511E-02-0.757090997E-03-0.888461183E-03
-0.884219581E-03-0.907163804E-03-0.934531759E-03-0.964800494E-03-0.997851592E-03
-0.103362201E-02-0.107204715E-02-0.111276064E-02-0.111116983E-02-0.110186429E-02
-0.109146205E-02-0.107987016E-02-0.106698982E-02-0.105271686E-02-0.103694144E-02
-0.101954777E-02-0.100041382E-02-0.979411031E-03-0.956404005E-03-0.931250267E-03
-0.903799956E-03-0.873895523E-03-0.841371389E-03-0.806053539E-03-0.767759065E-03
-0.726295611E-03-0.681460732E-03-0.633041138E-03-0.580811814E-03-0.524535007E-03
-0.463959050E-03-0.398817024E-03-0.328825223E-03-0.253681411E-03-0.173062837E-03
-0.866239832E-04 0.600599959E-05 0.105226199E-03 0.211467261E-03 0.325195174E-03
 0.446915603E-03 0.577178870E-03 0.716585700E-03 0.865793873E-03 0.102552598E-02
 0.119657852E-02 0.137983259E-02 0.157626665E-02 0.178697168E-02 0.201316962E-02
 0.225623571E-02 0.251772596E-02 0.279941136E-02 0.310332086E-02 0.343179602E-02
 0.378756165E-02 0.417381831E-02 0.459436544E-02 0.505376789E-02 0.555757542E-02
 0.617986640E-02 0.694649304E-02 0.778679440E-02 0.871581276E-02 0.975399464E-02
 0.109302261E-01 0.122872274E-01 0.138918925E-01 0.158573821E-01 0.184019071E-01
 0.209432110E-01 0.222965397E-01 0.226157864E-01 0.218335686E-01 0.197804537E-01
 0.177886911E-01 0.163311603E-01 0.152053622E-01 0.143057022E-01 0.135696514E-01
 0.129572812E-01 0.124416146E-01 0.120035751E-01 0.116291552E-01 0.113077380E-01
 0.110310567E-01 0.107925235E-01 0.105867823E-01 0.104094015E-01 0.102566588E-01
 0.101253863E-01 0.100128571E-01 0.991670163E-02 0.983484414E-02 0.976545407E-02
 0.970690863E-02 0.965776338E-02 0.961672889E-02 0.958265190E-02 0.955450006E-02
 0.953134921E-02 0.951237277E-02 0.949683260E-02 0.948407111E-02 0.947350427E-02
 0.946461541E-02 0.945694950E-02 0.945010795E-02 0.944374385E-02 0.943755739E-02
 0.943129174E-02 0.942472904E-02 0.941768670E-02 0.941001395E-02 0.940158852E-02
 0.939231363E-02 0.938211510E-02 0.937093873E-02 0.935874787E-02 0.934552109E-02
 0.933125021E-02 0.931593834E-02 0.929959821E-02 0.928225062E-02 0.926392303E-02
 0.924464834E-02 0.922446380E-02-0.714381040E-03-0.844350584E-03-0.882547446E-03
-0.907819980E-03-0.935571064E-03-0.966216842E-03-0.999730071E-03-0.103606134E-02
-0.107515588E-02-0.111670555E-02-0.111621311E-02-0.110823532E-02-0.109931053E-02
-0.108934670E-02-0.107824560E-02-0.106590295E-02-0.105220843E-02-0.103704558E-02
-0.102029183E-02-0.100181833E-02-0.981489906E-03-0.959164896E-03-0.934694989E-03
-0.907924989E-03-0.878692527E-03-0.846827702E-03-0.812152634E-03-0.774480930E-03
-0.733617043E-03-0.689355519E-03-0.641480117E-03-0.589762801E-03-0.533962582E-03
-0.473824203E-03-0.409076644E-03-0.339431446E-03-0.264580811E-03-0.184195475E-03
-0.979223045E-04-0.538159881E-05 0.938359547E-04 0.200172720E-03 0.314108006E-03
 0.436162489E-03 0.566903252E-03 0.706949543E-03 0.856979396E-03 0.101773725E-02
 0.119004281E-02 0.137480129E-02 0.157301547E-02 0.178579988E-02 0.201439743E-02
 0.226019939E-02 0.252476906E-02 0.280987031E-02 0.311750192E-02 0.344993912E-02
 0.380978390E-02 0.420002568E-02 0.462411393E-02 0.508603809E-02 0.565672242E-02
 0.635845445E-02 0.711661849E-02 0.793835663E-02 0.883134882E-02 0.980295784E-02
 0.108578932E-01 0.119923702E-01 0.131803571E-01 0.143467760E-01 0.153486049E-01
 0.160299763E-01 0.163018307E-01 0.161574000E-01 0.156766180E-01 0.150128339E-01
 0.143078122E-01 0.136366754E-01 0.130270361E-01 0.124846835E-01 0.120067601E-01
 0.115874516E-01 0.112203280E-01 0.108992536E-01 0.106186925E-01 0.103737660E-01
 0.101602117E-01 0.997431302E-02 0.981282276E-02 0.967289406E-02 0.955202025E-02
 0.944798436E-02 0.935881733E-02 0.928276357E-02 0.921825256E-02 0.916387552E-02
 0.911836601E-02 0.908058382E-02 0.904950146E-02 0.902419268E-02 0.900382277E-02
 0.898764012E-02 0.897496885E-02 0.896520238E-02 0.895779768E-02 0.895227001E-02
 0.894818826E-02 0.894517056E-02 0.894288032E-02 0.894102243E-02 0.893933984E-02
 0.893761023E-02 0.893564298E-02 0.893327625E-02 0.893037430E-02 0.892682493E-02
 0.892253708E-02 0.891743866E-02 0.891147441E-02 0.890460404E-02 0.889680041E-02
 0.888804791E-02 0.887834095E-02 0.886768261E-02 0.885608334E-02 0.884355988E-02
 0.883013419E-02-0.709152357E-03-0.839634243E-03-0.882993038E-03-0.909288039E-03
-0.937549859E-03-0.968777586E-03-0.100298079E-02-0.104012127E-02-0.108015431E-02
-0.112284711E-02-0.112381433E-02-0.111757780E-02-0.111057072E-02-0.110270145E-02
-0.109387250E-02-0.108397982E-02-0.107291295E-02-0.106055525E-02-0.104678411E-02
-0.103147111E-02-0.101448213E-02-0.995677441E-03-0.974911681E-03-0.952033783E-03
-0.926886809E-03-0.899307687E-03-0.869126852E-03-0.836167781E-03-0.800246408E-03
-0.761170439E-03-0.718738528E-03-0.672739344E-03-0.622950505E-03-0.569137369E-03
-0.511051696E-03-0.448430153E-03-0.380992653E-03-0.308440526E-03-0.230454497E-03
-0.146692455E-03-0.567869865E-04 0.396573414E-04 0.143066987E-03 0.253902756E-03
 0.372663474E-03 0.499890054E-03 0.636169987E-03 0.782142311E-03 0.938503081E-03
 0.110601138E-02 0.128549585E-02 0.147786182E-02 0.168409875E-02 0.190528807E-02
 0.214261090E-02 0.239735514E-02 0.267092097E-02 0.296482311E-02 0.328068727E-02
 0.362023635E-02 0.398526085E-02 0.437758378E-02 0.486381511E-02 0.546186993E-02
 0.609343875E-02 0.675829831E-02 0.745436939E-02 0.817645878E-02 0.891451602E-02
 0.965147925E-02 0.103613798E-01 0.110093420E-01 0.115556198E-01 0.119640937E-01
 0.122120812E-01 0.122968658E-01 0.122362072E-01 0.120625638E-01 0.118134960E-01
 0.115229766E-01 0.112169928E-01 0.109131755E-01 0.106224028E-01 0.103507625E-01
 0.101011893E-01 0.987463876E-02 0.967087218E-02 0.948896032E-02 0.932759969E-02
 0.918530793E-02 0.906054272E-02 0.895177259E-02 0.885751803E-02 0.877637389E-02
 0.870702050E-02 0.864822781E-02 0.859885532E-02 0.855784968E-02 0.852424090E-02
 0.849713794E-02 0.847572408E-02 0.845925221E-02 0.844704036E-02 0.843846732E-02
 0.843296857E-02 0.843003245E-02 0.842919646E-02 0.843004392E-02 0.843220072E-02
 0.843533227E-02 0.843914066E-02 0.844336192E-02 0.844776346E-02 0.845214160E-02
 0.845631925E-02 0.846014374E-02 0.846348468E-02 0.846623201E-02 0.846829415E-02
 0.846959622E-02 0.847007836E-02 0.846969424E-02 0.846840959E-02 0.846620084E-02
 0.846305388E-02 0.845896293E-02 0.845392945E-02 0.844796116E-02 0.844107121E-02
-0.754852755E-03-0.886453828E-03-0.887276577E-03-0.911400800E-03-0.940173158E-03
-0.972143469E-03-0.100722763E-02-0.104539386E-02-0.108660748E-02-0.113072183E-02
-0.113351905E-02-0.112944904E-02-0.112481519E-02-0.111952563E-02-0.111348230E-02
-0.110658003E-02-0.109870698E-02-0.108974523E-02-0.107957128E-02-0.106805659E-02
-0.105506791E-02-0.104046768E-02-0.102411421E-02-0.100586183E-02-0.985560854E-03
-0.963057496E-03-0.938193582E-03-0.910806200E-03-0.880727194E-03-0.847782552E-03
-0.811791670E-03-0.772566514E-03-0.729910670E-03-0.683618300E-03-0.633472992E-03
-0.579246523E-03-0.520697514E-03-0.457570003E-03-0.389591911E-03-0.316473417E-03
-0.237905229E-03-0.153556762E-03-0.630742208E-04 0.339213986E-04 0.137836382E-03
 0.249106409E-03 0.368198668E-03 0.495613922E-03 0.631888416E-03 0.777595518E-03
 0.933346877E-03 0.109979284E-02 0.127762171E-02 0.146755725E-02 0.167035369E-02
 0.188678691E-02 0.211764032E-02 0.236368300E-02 0.262563682E-02 0.290412842E-02
 0.319962135E-02 0.351234547E-02 0.390541549E-02 0.439411547E-02 0.489957203E-02
 0.541897411E-02 0.594799451E-02 0.648033332E-02 0.700735011E-02 0.751790741E-02
 0.799864318E-02 0.843488942E-02 0.881230694E-02 0.911900672E-02 0.934761221E-02
 0.949660142E-02 0.957046344E-02 0.957862587E-02 0.953355404E-02 0.944866549E-02
 0.933663137E-02 0.920833946E-02 0.907249088E-02 0.893564012E-02 0.880246999E-02
 0.867614749E-02 0.855867161E-02 0.845117329E-02 0.835415650E-02 0.826768394E-02
 0.819151598E-02 0.812521269E-02 0.806820753E-02 0.801986013E-02 0.797949344E-02
 0.794641974E-02 0.791995850E-02 0.789944840E-02 0.788425522E-02 0.787377682E-02
 0.786744591E-02 0.786473152E-02 0.786513935E-02 0.786821142E-02 0.787352529E-02
 0.788069292E-02 0.788935931E-02 0.789920105E-02 0.790992472E-02 0.792126533E-02
 0.793298469E-02 0.794486981E-02 0.795673128E-02 0.796840176E-02 0.797973440E-02
 0.799060139E-02 0.800089253E-02 0.801051383E-02 0.801938619E-02 0.802744413E-02
 0.803463457E-02 0.804091570E-02 0.804625586E-02 0.805063257E-02 0.805403148E-02
 0.805644554E-02 0.805787415E-02 0.805832235E-02 0.805780012E-02-0.717910161E-03
-0.848768247E-03-0.886881554E-03-0.913503687E-03-0.943077389E-03-0.975922251E-03
-0.101204120E-02-0.105141818E-02-0.109402899E-02-0.113974243E-02-0.114483250E-02
-0.114337657E-02-0.114159730E-02-0.113940154E-02-0.113668744E-02-0.113334533E-02
-0.112925872E-02-0.112430540E-02-0.111835839E-02-0.111128685E-02-0.110295690E-02
-0.109323225E-02-0.108197470E-02-0.106904453E-02-0.105430064E-02-0.103760057E-02
-0.101880036E-02-0.997754241E-03-0.974314195E-03-0.948329357E-03-0.919645345E-03
-0.888103477E-03-0.853539912E-03-0.815784738E-03-0.774661012E-03-0.729983764E-03
-0.681558987E-03-0.629182607E-03-0.572639461E-03-0.511702277E-03-0.446130680E-03
-0.375670250E-03-0.300051642E-03-0.218989813E-03-0.132183411E-03-0.393143733E-04
 0.599521765E-04 0.165967621E-03 0.279099002E-03 0.399727440E-03 0.528245602E-03
 0.665053877E-03 0.810554873E-03 0.965145686E-03 0.112920722E-02 0.130308967E-02
 0.148709294E-02 0.168144052E-02 0.188624511E-02 0.210146376E-02 0.232684062E-02
 0.256183984E-02 0.286720630E-02 0.325720667E-02 0.365457739E-02 0.405660218E-02
 0.445974133E-02 0.485955507E-02 0.525071143E-02 0.562711512E-02 0.598219337E-02
 0.630934972E-02 0.660255265E-02 0.685697276E-02 0.706954272E-02 0.723931101E-02
 0.736750279E-02 0.745727675E-02 0.751324592E-02 0.754088206E-02 0.754593009E-02
 0.753392779E-02 0.750987584E-02 0.747805847E-02 0.744198670E-02 0.740442617E-02
 0.736747394E-02 0.733265695E-02 0.730103388E-02 0.727329004E-02 0.724982019E-02
 0.723079783E-02 0.721623162E-02 0.720601003E-02 0.719993645E-02 0.719775605E-02
 0.719917650E-02 0.720388345E-02 0.721155221E-02 0.722185638E-02 0.723447424E-02
 0.724909326E-02 0.726541339E-02 0.728314928E-02 0.730203177E-02 0.732180877E-02
 0.734224572E-02 0.736312567E-02 0.738424920E-02 0.740543408E-02 0.742651477E-02
 0.744734187E-02 0.746778147E-02 0.748771440E-02 0.750703550E-02 0.752565284E-02
 0.754348689E-02 0.756046977E-02 0.757654438E-02 0.759166371E-02 0.760578995E-02
 0.761889383E-02 0.763095385E-02 0.764195559E-02 0.765189104E-02 0.766075793E-02
 0.766855919E-02 0.767530230E-02 0.768099882E-02-0.710420089E-03-0.841974762E-03
-0.887346240E-03-0.915437764E-03-0.945812643E-03-0.979605587E-03-0.101687393E-02
-0.105761825E-02-0.110182520E-02-0.114927853E-02-0.115718442E-02-0.115883352E-02
-0.116044040E-02-0.116190587E-02-0.116311807E-02-0.116395651E-02-0.116429401E-02
-0.116399851E-02-0.116293462E-02-0.116096516E-02-0.115795241E-02-0.115375917E-02
-0.114824959E-02-0.114128980E-02-0.113274817E-02-0.112249552E-02-0.111040490E-02
-0.109635134E-02-0.108021129E-02-0.106186196E-02-0.104118060E-02-0.101804364E-02
-0.992325797E-03-0.963899257E-03-0.932632786E-03-0.898390943E-03-0.861033337E-03
-0.820413956E-03-0.776380582E-03-0.728774304E-03-0.677429151E-03-0.622171858E-03
-0.562821821E-03-0.499191259E-03-0.431085674E-03-0.358304655E-03-0.280643138E-03
-0.197893219E-03-0.109846650E-03-0.162981681E-04 0.829501823E-04 0.188083537E-03
 0.299267290E-03 0.416638510E-03 0.540295400E-03 0.670284461E-03 0.806584983E-03
 0.949090465E-03 0.109758656E-02 0.125172516E-02 0.141099331E-02 0.157465761E-02
 0.180176843E-02 0.210636829E-02 0.241366881E-02 0.272185495E-02 0.302874309E-02
 0.333182419E-02 0.362831452E-02 0.391524578E-02 0.418959898E-02 0.444847669E-02
 0.468929791E-02 0.490999105E-02 0.510915514E-02 0.528616167E-02 0.544117904E-02
 0.557511646E-02 0.568949990E-02 0.578630425E-02 0.586777030E-02 0.593623263E-02
 0.599397656E-02 0.604313309E-02 0.608561238E-02 0.612307079E-02 0.615690386E-02
 0.618825713E-02 0.621804791E-02 0.624699224E-02 0.627563357E-02 0.630437032E-02
 0.633348129E-02 0.636314806E-02 0.639347423E-02 0.642450182E-02 0.645622481E-02
 0.648860045E-02 0.652155843E-02 0.655500841E-02 0.658884608E-02 0.662295813E-02
 0.665722615E-02 0.669152980E-02 0.672574933E-02 0.675976755E-02 0.679347138E-02
 0.682675301E-02 0.685951081E-02 0.689164995E-02 0.692308286E-02 0.695372946E-02
 0.698351736E-02 0.701238177E-02 0.704026553E-02 0.706711888E-02 0.709289924E-02
 0.711757099E-02 0.714110510E-02 0.716347881E-02 0.718467529E-02 0.720468322E-02
 0.722349643E-02 0.724111352E-02 0.725753744E-02 0.727277512E-02 0.728683713E-02
 0.729973725E-02 0.731149217E-02-0.752817901E-03-0.884939931E-03-0.890838902E-03
-0.916728067E-03-0.947716312E-03-0.982471610E-03-0.102096758E-02-0.106321813E-02
-0.110922158E-02-0.115871666E-02-0.116988855E-02-0.117521832E-02-0.118083822E-02
-0.118663014E-02-0.119246113E-02-0.119818926E-02-0.120366673E-02-0.120874262E-02
-0.121326541E-02-0.121708512E-02-0.122005520E-02-0.122203406E-02-0.122288625E-02
-0.122248327E-02-0.122070405E-02-0.121743500E-02-0.121256983E-02-0.120600891E-02
-0.119765853E-02-0.118742986E-02-0.117523789E-02-0.116100026E-02-0.114463625E-02
-0.112606571E-02-0.110520832E-02-0.108198279E-02-0.105630644E-02-0.102809477E-02
-0.997261277E-03-0.963717417E-03-0.927372699E-03-0.888134978E-03-0.845910947E-03
-0.800606871E-03-0.752129641E-03-0.700388217E-03-0.645295557E-03-0.586771138E-03
-0.524744186E-03-0.459157701E-03-0.389973381E-03-0.317177457E-03-0.240787460E-03
-0.160859813E-03-0.774981131E-04 0.913817675E-05 0.988249608E-04 0.191265147E-03
 0.286081275E-03 0.382809765E-03 0.480896086E-03 0.579663317E-03 0.736691423E-03
 0.966016327E-03 0.119553790E-02 0.142439887E-02 0.165168675E-02 0.187650604E-02
 0.209800833E-02 0.231541474E-02 0.252802850E-02 0.273523603E-02 0.293649697E-02
 0.313132790E-02 0.331928648E-02 0.349996328E-02 0.367298595E-02 0.383803621E-02
 0.399487527E-02 0.414337074E-02 0.428351728E-02 0.441544576E-02 0.453941895E-02
 0.465581515E-02 0.476510331E-02 0.486781426E-02 0.496451184E-02 0.505576701E-02
 0.514213665E-02 0.522414757E-02 0.530228561E-02 0.537698923E-02 0.544864666E-02
 0.551759580E-02 0.558412611E-02 0.564848172E-02 0.571086540E-02 0.577144282E-02
 0.583034695E-02 0.588768233E-02 0.594352914E-02 0.599794699E-02 0.605097829E-02
 0.610265137E-02 0.615298318E-02 0.620198172E-02 0.624964811E-02 0.629597840E-02
 0.634096514E-02 0.638459865E-02 0.642686818E-02 0.646776276E-02 0.650727201E-02
 0.654538672E-02 0.658209933E-02 0.661740427E-02 0.665129826E-02 0.668378050E-02
 0.671485275E-02 0.674451937E-02 0.677278739E-02 0.679966637E-02 0.682516841E-02
 0.684930798E-02 0.687210182E-02 0.689356877E-02 0.691372966E-02 0.693260707E-02
 0.695022522E-02-0.719258852E-03-0.850530370E-03-0.888145893E-03-0.916066904E-03
-0.947736906E-03-0.983427534E-03-0.102320820E-02-0.106711551E-02-0.111515838E-02
-0.116705787E-02-0.118209619E-02-0.119184687E-02-0.120227983E-02-0.121323541E-02
-0.122454125E-02-0.123601714E-02-0.124747956E-02-0.125874564E-02-0.126963665E-02
-0.127998096E-02-0.128961645E-02-0.129839258E-02-0.130617189E-02-0.131283115E-02
-0.131826181E-02-0.132237004E-02-0.132507604E-02-0.132631288E-02-0.132602488E-02
-0.132416573E-02-0.132069654E-02-0.131558394E-02-0.130879849E-02-0.130031339E-02
-0.129010355E-02-0.127814505E-02-0.126441489E-02-0.124889105E-02-0.123155267E-02
-0.121238052E-02-0.119135745E-02-0.116846908E-02-0.114370451E-02-0.111705724E-02
-0.108852634E-02-0.105811781E-02-0.102584657E-02-0.991738900E-03-0.955835739E-03
-0.918196858E-03-0.878906086E-03-0.838077561E-03-0.795862877E-03-0.752458790E-03
-0.708114931E-03-0.663140723E-03-0.617910473E-03-0.572865382E-03-0.528511005E-03
-0.485408465E-03-0.444157764E-03-0.405374988E-03-0.313049600E-03-0.153308980E-03
 0.436839847E-05 0.159836785E-03 0.313242669E-03 0.465100994E-03 0.616336545E-03
 0.768272086E-03 0.922540576E-03 0.108091024E-02 0.124503440E-02 0.141616688E-02
 0.159490671E-02 0.178103879E-02 0.197351603E-02 0.217058787E-02 0.237003863E-02
 0.256947223E-02 0.276657826E-02 0.295933277E-02 0.314611564E-02 0.332574991E-02
 0.349748260E-02 0.366092987E-02 0.381600631E-02 0.396285227E-02 0.410176776E-02
 0.423315653E-02 0.435748174E-02 0.447523212E-02 0.458689759E-02 0.469295231E-02
 0.479384373E-02 0.488998613E-02 0.498175742E-02 0.506949825E-02 0.515351283E-02
 0.523407067E-02 0.531140904E-02 0.538573575E-02 0.545723204E-02 0.552605548E-02
 0.559234282E-02 0.565621256E-02 0.571776747E-02 0.577709674E-02 0.583427807E-02
 0.588937942E-02 0.594246065E-02 0.599357488E-02 0.604276976E-02 0.609008852E-02
 0.613557087E-02 0.617925379E-02 0.622117221E-02 0.626135952E-02 0.629984809E-02
 0.633666957E-02 0.637185526E-02 0.640543629E-02 0.643744384E-02 0.646790925E-02
 0.649686412E-02 0.652434039E-02 0.655037030E-02 0.657498650E-02 0.659822192E-02
-0.705903137E-03-0.837040418E-03-0.883084169E-03-0.912089755E-03-0.944195500E-03
-0.980744308E-03-0.102189029E-02-0.106768872E-02-0.111814731E-02-0.117297934E-02
-0.119276692E-02-0.120798349E-02-0.122433217E-02-0.124157823E-02-0.125948127E-02
-0.127779810E-02-0.129628881E-02-0.131472181E-02-0.133287780E-02-0.135055294E-02
-0.136756158E-02-0.138373872E-02-0.139894222E-02-0.141305454E-02-0.142598381E-02
-0.143766373E-02-0.144805222E-02-0.145712878E-02-0.146489084E-02-0.147134957E-02
-0.147652583E-02-0.148044656E-02-0.148314217E-02-0.148464481E-02-0.148498766E-02
-0.148420489E-02-0.148233221E-02-0.147940776E-02-0.147547318E-02-0.147057467E-02
-0.146476408E-02-0.145809977E-02-0.145064747E-02-0.144248088E-02-0.143368227E-02
-0.142434305E-02-0.141456461E-02-0.140445956E-02-0.139415399E-02-0.138379093E-02
-0.137353572E-02-0.136358347E-02-0.135416878E-02-0.134557734E-02-0.133815838E-02
-0.133233679E-02-0.132862284E-02-0.132761742E-02-0.133001061E-02-0.133657064E-02
-0.134811910E-02-0.136546244E-02-0.133447677E-02-0.124189616E-02-0.115512244E-02
-0.107416595E-02-0.998351578E-03-0.926110606E-03-0.854741214E-03-0.780254709E-03
-0.697433811E-03-0.600234369E-03-0.482585514E-03-0.339475375E-03-0.168027517E-03
 0.317973366E-04 0.257133462E-03 0.502799189E-03 0.762317655E-03 0.102901093E-02
 0.129685606E-02 0.156096376E-02 0.181771196E-02 0.206465177E-02 0.230030625E-02
 0.252394552E-02 0.273538209E-02 0.293480310E-02 0.312264108E-02 0.329947822E-02
 0.346597774E-02 0.362283583E-02 0.377074898E-02 0.391039247E-02 0.404240693E-02
 0.416739053E-02 0.428589526E-02 0.439842581E-02 0.450544044E-02 0.460735287E-02
 0.470453508E-02 0.479732032E-02 0.488600647E-02 0.497085927E-02 0.505211557E-02
 0.512998637E-02 0.520465971E-02 0.527630327E-02 0.534506684E-02 0.541108452E-02
 0.547447666E-02 0.553535170E-02 0.559380775E-02 0.564993394E-02 0.570381174E-02
 0.575551602E-02 0.580511597E-02 0.585267601E-02 0.589825645E-02 0.594191413E-02
 0.598370295E-02 0.602367434E-02 0.606187762E-02 0.609836034E-02 0.613316854E-02
 0.616634700E-02 0.619793936E-02 0.622798834E-02 0.625653581E-02-0.738866256E-03
-0.868493663E-03-0.876539640E-03-0.902199461E-03-0.934243717E-03-0.971593003E-03
-0.101433195E-02-0.106250868E-02-0.111609193E-02-0.117475128E-02-0.120071023E-02
-0.122298002E-02-0.124685801E-02-0.127198622E-02-0.129801442E-02-0.132460524E-02
-0.135144082E-02-0.137822635E-02-0.140469160E-02-0.143059181E-02-0.145570925E-02
-0.147985617E-02-0.150287916E-02-0.152466426E-02-0.154514131E-02-0.156428575E-02
-0.158211645E-02-0.159868923E-02-0.161408704E-02-0.162840907E-02-0.164176083E-02
-0.165424699E-02-0.166596739E-02-0.167701600E-02-0.168748193E-02-0.169745172E-02
-0.170701216E-02-0.171625325E-02-0.172527090E-02-0.173416932E-02-0.174306293E-02
-0.175207769E-02-0.176135195E-02-0.177103649E-02-0.178129387E-02-0.179229703E-02
-0.180422709E-02-0.181727087E-02-0.183161864E-02-0.184746346E-02-0.186500367E-02
-0.188445060E-02-0.190604307E-02-0.193006919E-02-0.195689393E-02-0.198698948E-02
-0.202096411E-02-0.205958571E-02-0.210379722E-02-0.215472195E-02-0.221365583E-02
-0.228202241E-02-0.230807962E-02-0.227990434E-02-0.226406510E-02-0.226181660E-02
-0.227371577E-02-0.229903820E-02-0.233482996E-02-0.237463221E-02-0.240722426E-02
-0.241633301E-02-0.238260601E-02-0.228816727E-02-0.212200310E-02-0.188356626E-02
-0.158303413E-02-0.123806943E-02-0.868497103E-03-0.491593789E-03-0.119885021E-03
 0.238778264E-03 0.580116961E-03 0.902234037E-03 0.120469604E-02 0.148791687E-02
 0.175277185E-02 0.200036439E-02 0.223188794E-02 0.244854548E-02 0.265150388E-02
 0.284186885E-02 0.302067247E-02 0.318886822E-02 0.334733052E-02 0.349685693E-02
 0.363817196E-02 0.377193166E-02 0.389872865E-02 0.401909719E-02 0.413351829E-02
 0.424242451E-02 0.434620462E-02 0.444520784E-02 0.453974793E-02 0.463010681E-02
 0.471653797E-02 0.479926955E-02 0.487850714E-02 0.495443629E-02 0.502722480E-02
 0.509702478E-02 0.516397448E-02 0.522819990E-02 0.528981628E-02 0.534892941E-02
 0.540563674E-02 0.546002842E-02 0.551218820E-02 0.556219423E-02 0.561011970E-02
 0.565603352E-02 0.570000079E-02 0.574208327E-02 0.578233980E-02 0.582082662E-02
 0.585759767E-02 0.589270485E-02 0.592619821E-02-0.697359412E-03-0.823277070E-03
-0.855412297E-03-0.881088099E-03-0.912915291E-03-0.951256971E-03-0.996265081E-03
-0.104793284E-02-0.110610646E-02-0.117022509E-02-0.120484297E-02-0.123669928E-02
-0.127055649E-02-0.130585578E-02-0.134208528E-02-0.137879302E-02-0.141558527E-02
-0.145211686E-02-0.148807937E-02-0.152319117E-02-0.155719283E-02-0.158985012E-02
-0.162096627E-02-0.165040212E-02-0.167809904E-02-0.170409560E-02-0.172852788E-02
-0.175160918E-02-0.177359455E-02-0.179474359E-02-0.181529347E-02-0.183544680E-02
-0.185537187E-02-0.187520985E-02-0.189508443E-02-0.191511124E-02-0.193540592E-02
-0.195609058E-02-0.197729888E-02-0.199918006E-02-0.202190189E-02-0.204565288E-02
-0.207064356E-02-0.209710656E-02-0.212529515E-02-0.215547960E-02-0.218794048E-02
-0.222295828E-02-0.226079903E-02-0.230169713E-02-0.234583935E-02-0.239335813E-02
-0.244434484E-02-0.249889183E-02-0.255716213E-02-0.261947273E-02-0.268637238E-02
-0.275870084E-02-0.283762856E-02-0.292468306E-02-0.302176961E-02-0.313119425E-02
-0.320400288E-02-0.323028221E-02-0.327694992E-02-0.334854621E-02-0.345046442E-02
-0.358885569E-02-0.376983849E-02-0.399668474E-02-0.426181698E-02-0.452998120E-02
-0.472615387E-02-0.476649986E-02-0.460341019E-02-0.423432235E-02-0.370423415E-02
-0.309800475E-02-0.249215347E-02-0.192373562E-02-0.140263527E-02-0.927790550E-03
-0.494880151E-03-0.990992466E-04 0.263977130E-03 0.598197090E-03 0.906849764E-03
 0.119274096E-02 0.145827419E-02 0.170552162E-02 0.193628191E-02 0.215212647E-02
 0.235443592E-02 0.254442920E-02 0.272318686E-02 0.289166994E-02 0.305073551E-02
 0.320114960E-02 0.334359810E-02 0.347869606E-02 0.360699572E-02 0.372899349E-02
 0.384513602E-02 0.395582563E-02 0.406142506E-02 0.416226173E-02 0.425863148E-02
 0.435080200E-02 0.443901582E-02 0.452349300E-02 0.460443360E-02 0.468201979E-02
 0.475641784E-02 0.482777983E-02 0.489624520E-02 0.496194216E-02 0.502498890E-02
 0.508549471E-02 0.514356096E-02 0.519928197E-02 0.525274580E-02 0.530403488E-02
 0.535322671E-02 0.540039431E-02 0.544560675E-02 0.548892953E-02 0.553042495E-02
 0.557015248E-02 0.560816895E-02-0.656292737E-03-0.776708256E-03-0.815243795E-03
-0.839906753E-03-0.871616050E-03-0.911926630E-03-0.960949869E-03-0.101855031E-02
-0.108436855E-02-0.115742748E-02-0.120502818E-02-0.125071222E-02-0.129833203E-02
-0.134698649E-02-0.139599989E-02-0.144489160E-02-0.149331229E-02-0.154098450E-02
-0.158765469E-02-0.163305525E-02-0.167687746E-02-0.171876190E-02-0.175831998E-02
-0.179520193E-02-0.182921351E-02-0.186044728E-02-0.188934370E-02-0.191659908E-02
-0.194295476E-02-0.196901708E-02-0.199520069E-02-0.202176208E-02-0.204885784E-02
-0.207659338E-02-0.210505547E-02-0.213433204E-02-0.216452398E-02-0.219575243E-02
-0.222816376E-02-0.226193327E-02-0.229726864E-02-0.233441306E-02-0.237364836E-02
-0.241529774E-02-0.245972770E-02-0.250734767E-02-0.255860543E-02-0.261397393E-02
-0.267392288E-02-0.273886523E-02-0.280906916E-02-0.288454185E-02-0.296493781E-02
-0.304960369E-02-0.313783348E-02-0.322921897E-02-0.332388421E-02-0.342254524E-02
-0.352648957E-02-0.363756686E-02-0.375821290E-02-0.389149478E-02-0.399105315E-02
-0.404833889E-02-0.412939564E-02-0.424078343E-02-0.439195927E-02-0.459728813E-02
-0.487981567E-02-0.527952566E-02-0.587602187E-02-0.687296120E-02-0.794859527E-02
-0.831237683E-02-0.817508300E-02-0.745733983E-02-0.598665595E-02-0.465960750E-02
-0.371199796E-02-0.295749208E-02-0.232357057E-02-0.177406337E-02-0.128800019E-02
-0.851974244E-03-0.456799497E-03-0.958447243E-04 0.235877256E-03 0.542243276E-03
 0.826349892E-03 0.109072660E-02 0.133747857E-02 0.156838526E-02 0.178497025E-02
 0.198855203E-02 0.218028169E-02 0.236117150E-02 0.253211694E-02 0.269391414E-02
 0.284727373E-02 0.299283220E-02 0.313116122E-02 0.326277552E-02 0.338813949E-02
 0.350767287E-02 0.362175570E-02 0.373073262E-02 0.383491658E-02 0.393459223E-02
 0.403001885E-02 0.412143293E-02 0.420905060E-02 0.429306962E-02 0.437367135E-02
 0.445102236E-02 0.452527597E-02 0.459657358E-02 0.466504592E-02 0.473081410E-02
 0.479399060E-02 0.485468015E-02 0.491298052E-02 0.496898317E-02 0.502277394E-02
 0.507443358E-02 0.512403825E-02 0.517165996E-02 0.521736696E-02 0.526122411E-02
 0.530329319E-02-0.634492130E-03-0.743810424E-03-0.742262956E-03-0.762750653E-03
-0.796543064E-03-0.841831249E-03-0.898262379E-03-0.965916265E-03-0.104503324E-02
-0.113492898E-02-0.120474332E-02-0.127227764E-02-0.133919808E-02-0.140463600E-02
-0.146841992E-02-0.153063751E-02-0.159140975E-02-0.165084412E-02-0.170899609E-02
-0.176579985E-02-0.182102274E-02-0.187408855E-02-0.192400557E-02-0.196932172E-02
-0.200845571E-02-0.204057787E-02-0.206719962E-02-0.209221789E-02-0.211849008E-02
-0.214680819E-02-0.217712064E-02-0.220920685E-02-0.224287213E-02-0.227798797E-02
-0.231449203E-02-0.235238059E-02-0.239170128E-02-0.243254852E-02-0.247506110E-02
-0.251942215E-02-0.256586108E-02-0.261465745E-02-0.266614705E-02-0.272073028E-02
-0.277888371E-02-0.284117517E-02-0.290828356E-02-0.298102334E-02-0.306037120E-02
-0.314748044E-02-0.324362605E-02-0.334987498E-02-0.346590043E-02-0.358786636E-02
-0.371003976E-02-0.382976020E-02-0.394722003E-02-0.406365129E-02-0.418061884E-02
-0.429998525E-02-0.442425312E-02-0.455754077E-02-0.465794358E-02-0.471754299E-02
-0.479565069E-02-0.489317220E-02-0.501312798E-02-0.516055963E-02-0.534255586E-02
-0.556755215E-02-0.583906383E-02-0.613038247E-02-0.635330823E-02-0.640103427E-02
-0.621681259E-02-0.579587715E-02-0.518988425E-02-0.450777744E-02-0.384322797E-02
-0.323217031E-02-0.267884648E-02-0.217791338E-02-0.172241570E-02-0.130599502E-02
-0.923316507E-03-0.570004603E-03-0.242474257E-03 0.622333018E-04 0.346585381E-03
 0.612662498E-03 0.862238164E-03 0.109683949E-02 0.131779342E-02 0.152626228E-02
 0.172327132E-02 0.190973042E-02 0.208645122E-02 0.225416099E-02 0.241351382E-02
 0.256509988E-02 0.270945317E-02 0.284705794E-02 0.297835430E-02 0.310374295E-02
 0.322358926E-02 0.333822695E-02 0.344796124E-02 0.355307165E-02 0.365381450E-02
 0.375042520E-02 0.384312017E-02 0.393209874E-02 0.401754470E-02 0.409962780E-02
 0.417850507E-02 0.425432202E-02 0.432721371E-02 0.439730574E-02 0.446471513E-02
 0.452955113E-02 0.459191591E-02 0.465190527E-02 0.470960917E-02 0.476511231E-02
 0.481849456E-02 0.486983144E-02 0.491919447E-02 0.496665155E-02 0.501226723E-02
-0.475203886E-03-0.566640791E-03-0.592479659E-03-0.627992728E-03-0.674978851E-03
-0.731362124E-03-0.797334895E-03-0.874192217E-03-0.964789544E-03-0.107642722E-02
-0.118795034E-02-0.128340289E-02-0.136814067E-02-0.144798295E-02-0.152312026E-02
-0.159613816E-02-0.166662574E-02-0.173579645E-02-0.180434427E-02-0.187185748E-02
-0.194057343E-02-0.200923558E-02-0.207932695E-02-0.214506453E-02-0.219820437E-02
-0.223120797E-02-0.223859990E-02-0.225600150E-02-0.228364675E-02-0.231671082E-02
-0.235327574E-02-0.239240443E-02-0.243355947E-02-0.247652773E-02-0.252111516E-02
-0.256735517E-02-0.261521688E-02-0.266484103E-02-0.271632602E-02-0.276987583E-02
-0.282571557E-02-0.288411834E-02-0.294544293E-02-0.301007541E-02-0.307853564E-02
-0.315140714E-02-0.322945719E-02-0.331363448E-02-0.340520720E-02-0.350594440E-02
-0.361851532E-02-0.374754051E-02-0.390300166E-02-0.408284815E-02-0.423564986E-02
-0.437322980E-02-0.450089511E-02-0.462250015E-02-0.473914278E-02-0.485089925E-02
-0.495768721E-02-0.505593682E-02-0.513993956E-02-0.521175889E-02-0.527832299E-02
-0.534061687E-02-0.539677215E-02-0.543955066E-02-0.545766721E-02-0.542759045E-02
-0.534432384E-02-0.528072247E-02-0.520109824E-02-0.507194988E-02-0.487296103E-02
-0.459901049E-02-0.425942056E-02-0.387333946E-02-0.346264078E-02-0.304590395E-02
-0.263595046E-02-0.224029963E-02-0.186269552E-02-0.150454321E-02-0.116592017E-02
-0.846203243E-03-0.544432535E-03-0.259514325E-03 0.966961620E-05 0.264205563E-03
 0.505120739E-03 0.733372281E-03 0.949844777E-03 0.115535221E-02 0.135064201E-02
 0.153639995E-02 0.171325520E-02 0.188178528E-02 0.204252057E-02 0.219594862E-02
 0.234251787E-02 0.248264119E-02 0.261669898E-02 0.274504198E-02 0.286799382E-02
 0.298585337E-02 0.309889685E-02 0.320737967E-02 0.331153830E-02 0.341159175E-02
 0.350774311E-02 0.360018087E-02 0.368908014E-02 0.377460378E-02 0.385690341E-02
 0.393612041E-02 0.401238673E-02 0.408582573E-02 0.415655286E-02 0.422467639E-02
 0.429029794E-02 0.435351311E-02 0.441441195E-02 0.447307943E-02 0.452959585E-02
 0.458403725E-02 0.463647575E-02 0.468697984E-02 0.473561472E-02-0.262034925E-03
-0.334667990E-03-0.402786463E-03-0.467546863E-03-0.531877109E-03-0.598292023E-03
-0.668483180E-03-0.743458983E-03-0.823484780E-03-0.907643194E-03-0.993529989E-03
-0.107839811E-02-0.116076662E-02-0.124038702E-02-0.131752617E-02-0.139261891E-02
-0.146613524E-02-0.153857110E-02-0.161048094E-02-0.168253854E-02-0.175566897E-02
-0.183121124E-02-0.191070349E-02-0.198976218E-02-0.205805468E-02-0.211541951E-02
-0.216510814E-02-0.221063316E-02-0.225495232E-02-0.229947097E-02-0.234482495E-02
-0.239125230E-02-0.243879759E-02-0.248758892E-02-0.253759556E-02-0.258898347E-02
-0.264176367E-02-0.269612906E-02-0.275217671E-02-0.281011322E-02-0.287013950E-02
-0.293248791E-02-0.299746477E-02-0.306536526E-02-0.313659981E-02-0.321157688E-02
-0.329082262E-02-0.337490397E-02-0.346447410E-02-0.356022025E-02-0.366272609E-02
-0.377213270E-02-0.388734794E-02-0.400531381E-02-0.412205112E-02-0.423475133E-02
-0.434223084E-02-0.444394415E-02-0.453955493E-02-0.462844443E-02-0.470975909E-02
-0.478238566E-02-0.484513240E-02-0.489700274E-02-0.493666414E-02-0.496213741E-02
-0.496982096E-02-0.495437180E-02-0.490832464E-02-0.482377508E-02-0.470637573E-02
-0.457872976E-02-0.443889140E-02-0.427800082E-02-0.408936102E-02-0.387019557E-02
-0.362179260E-02-0.334869161E-02-0.305733434E-02-0.275466392E-02-0.244706198E-02
-0.213977522E-02-0.183676346E-02-0.154080712E-02-0.125372455E-02-0.976604503E-03
-0.710008975E-03-0.454133103E-03-0.208924138E-03 0.258331745E-04 0.250456687E-03
 0.465325476E-03 0.670851592E-03 0.867460991E-03 0.105558080E-02 0.123563093E-02
 0.140801877E-02 0.157313582E-02 0.173135579E-02 0.188303370E-02 0.202850555E-02
 0.216808847E-02 0.230208115E-02 0.243076451E-02 0.255440240E-02 0.267324244E-02
 0.278751689E-02 0.289744350E-02 0.300322636E-02 0.310505677E-02 0.320311405E-02
 0.329756630E-02 0.338857122E-02 0.347627674E-02 0.356082178E-02 0.364233682E-02
 0.372094457E-02 0.379676048E-02 0.386989331E-02 0.394044559E-02 0.400851410E-02
 0.407419031E-02 0.413756074E-02 0.419870737E-02 0.425770794E-02 0.431463631E-02
 0.436956268E-02 0.442255394E-02 0.447367383E-02-0.175401466E-03-0.231770226E-03
-0.290954981E-03-0.352086806E-03-0.414946625E-03-0.479689182E-03-0.546561344E-03
-0.615697213E-03-0.686994269E-03-0.760068911E-03-0.834309161E-03-0.909019576E-03
-0.983588189E-03-0.105758810E-02-0.113079098E-02-0.120312954E-02-0.127464899E-02
-0.134546505E-02-0.141572740E-02-0.148557647E-02-0.155507203E-02-0.162406923E-02
-0.169206259E-02-0.175816539E-02-0.182144351E-02-0.188140648E-02-0.193818824E-02
-0.199237345E-02-0.204471824E-02-0.209593759E-02-0.214660966E-02-0.219716742E-02
-0.224792887E-02-0.229913367E-02-0.235097289E-02-0.240361058E-02-0.245719788E-02
-0.251188264E-02-0.256781551E-02-0.262515412E-02-0.268406579E-02-0.274472897E-02
-0.280733379E-02-0.287208093E-02-0.293917858E-02-0.300883575E-02-0.308125010E-02
-0.315658651E-02-0.323494165E-02-0.331628888E-02-0.340040149E-02-0.348676605E-02
-0.357452464E-02-0.366250517E-02-0.374936468E-02-0.383377786E-02-0.391456018E-02
-0.399068113E-02-0.406120633E-02-0.412522348E-02-0.418178547E-02-0.422987610E-02
-0.426838616E-02-0.429607926E-02-0.431153879E-02-0.431312158E-02-0.429897854E-02
-0.426722596E-02-0.421633393E-02-0.414566049E-02-0.405569454E-02-0.394745477E-02
-0.382149849E-02-0.367766508E-02-0.351561090E-02-0.333546485E-02-0.313821134E-02
-0.292574570E-02-0.270068702E-02-0.246606871E-02-0.222501583E-02-0.198048251E-02
-0.173508077E-02-0.149099851E-02-0.124998627E-02-0.101338773E-02-0.782192452E-03
-0.557095620E-03-0.338555718E-03-0.126845700E-03 0.779039830E-04 0.275670399E-03
 0.466510347E-03 0.650538638E-03 0.827911316E-03 0.998812798E-03 0.116344610E-02
 0.132202542E-02 0.147477060E-02 0.162190297E-02 0.176364226E-02 0.190020439E-02
 0.203179984E-02 0.215863253E-02 0.228089910E-02 0.239878840E-02 0.251248128E-02
 0.262215052E-02 0.272796079E-02 0.283006890E-02 0.292862389E-02 0.302376738E-02
 0.311563380E-02 0.320435068E-02 0.329003905E-02 0.337281369E-02 0.345278351E-02
 0.353005185E-02 0.360471681E-02 0.367687155E-02 0.374660461E-02 0.381400014E-02
 0.387913827E-02 0.394209525E-02 0.400294380E-02 0.406175326E-02 0.411858986E-02
 0.417351690E-02 0.422659491E-02-0.128777325E-03-0.173472073E-03-0.222358362E-03
-0.274699299E-03-0.329951080E-03-0.387730925E-03-0.447757553E-03-0.509787943E-03
-0.573568174E-03-0.638808082E-03-0.705181792E-03-0.772348693E-03-0.839983530E-03
-0.907803175E-03-0.975581940E-03-0.104315365E-02-0.111040300E-02-0.117724960E-02
-0.124362732E-02-0.130946044E-02-0.137463914E-02-0.143900089E-02-0.150232904E-02
-0.156438058E-02-0.162494167E-02-0.168388931E-02-0.174122845E-02-0.179708987E-02
-0.185169686E-02-0.190532077E-02-0.195824242E-02-0.201072722E-02-0.206301355E-02
-0.211531076E-02-0.216780213E-02-0.222064999E-02-0.227400082E-02-0.232798964E-02
-0.238274334E-02-0.243838272E-02-0.249502340E-02-0.255277533E-02-0.261174089E-02
-0.267201124E-02-0.273366045E-02-0.279673696E-02-0.286125164E-02-0.292716207E-02
-0.299435317E-02-0.306261526E-02-0.313162312E-02-0.320092132E-02-0.326992261E-02
-0.333792368E-02-0.340413644E-02-0.346772554E-02-0.352784015E-02-0.358363183E-02
-0.363425742E-02-0.367887181E-02-0.371661623E-02-0.374660704E-02-0.376792727E-02
-0.377962365E-02-0.378071309E-02-0.377020536E-02-0.374714908E-02-0.371070171E-02
-0.366021048E-02-0.359527301E-02-0.351574323E-02-0.342167638E-02-0.331325623E-02
-0.319076521E-02-0.305462125E-02-0.290545320E-02-0.274416632E-02-0.257196325E-02
-0.239031140E-02-0.220086817E-02-0.200538464E-02-0.180560865E-02-0.160320259E-02
-0.139968376E-02-0.119638874E-02-0.994458692E-03-0.794840729E-03-0.598300054E-03
-0.405438194E-03-0.216713919E-03-0.324644279E-04 0.147074655E-03 0.321751252E-03
 0.491481080E-03 0.656234185E-03 0.816023634E-03 0.970896117E-03 0.112092422E-02
 0.126620012E-02 0.140683046E-02 0.154293222E-02 0.167462939E-02 0.180205036E-02
 0.192532575E-02 0.204458681E-02 0.215996409E-02 0.227158646E-02 0.237958031E-02
 0.248406904E-02 0.258517259E-02 0.268300719E-02 0.277768515E-02 0.286931478E-02
 0.295800032E-02 0.304384201E-02 0.312693605E-02 0.320737478E-02 0.328524670E-02
 0.336063668E-02 0.343362600E-02 0.350429256E-02 0.357271101E-02 0.363895288E-02
 0.370308675E-02 0.376517838E-02 0.382529087E-02 0.388348479E-02 0.393981830E-02
 0.399434731E-02-0.100118645E-03-0.136344037E-03-0.176780700E-03-0.220906548E-03
-0.268254674E-03-0.318416528E-03-0.371034226E-03-0.425787258E-03-0.482378913E-03
-0.540526396E-03-0.599956502E-03-0.660406585E-03-0.721628977E-03-0.783396300E-03
-0.845505427E-03-0.907778646E-03-0.970061672E-03-0.103221891E-02-0.109412700E-02
-0.115566799E-02-0.121672408E-02-0.127717568E-02-0.133690475E-02-0.139580356E-02
-0.145378725E-02-0.151080651E-02-0.156685612E-02-0.162197662E-02-0.167624916E-02
-0.172978555E-02-0.178271678E-02-0.183518235E-02-0.188732204E-02-0.193927046E-02
-0.199115390E-02-0.204308892E-02-0.209518199E-02-0.214752947E-02-0.220021760E-02
-0.225332214E-02-0.230690747E-02-0.236102490E-02-0.241571006E-02-0.247097927E-02
-0.252682471E-02-0.258320843E-02-0.264005511E-02-0.269724398E-02-0.275460043E-02
-0.281188814E-02-0.286880310E-02-0.292497077E-02-0.297994765E-02-0.303322721E-02
-0.308424978E-02-0.313241422E-02-0.317708934E-02-0.321762333E-02-0.325335022E-02
-0.328359390E-02-0.330767072E-02-0.332489203E-02-0.333456846E-02-0.333601728E-02
-0.332857418E-02-0.331161046E-02-0.328455504E-02-0.324691932E-02-0.319832081E-02
-0.313850081E-02-0.306733306E-02-0.298482413E-02-0.289111054E-02-0.278645817E-02
-0.267126679E-02-0.254607724E-02-0.241157550E-02-0.226858789E-02-0.211806410E-02
-0.196104882E-02-0.179864532E-02-0.163197606E-02-0.146214494E-02-0.129020504E-02
-0.111713398E-02-0.943817233E-03-0.771039237E-03-0.599480810E-03-0.429721514E-03
-0.262245436E-03-0.974491103E-04 0.643494802E-04 0.222901573E-03 0.378018513E-03
 0.529563191E-03 0.677442217E-03 0.821598918E-03 0.962007170E-03 0.109866603E-02
 0.123159511E-02 0.136083063E-02 0.148642205E-02 0.160842925E-02 0.172692015E-02
 0.184196869E-02 0.195365322E-02 0.206205509E-02 0.216725754E-02 0.226934477E-02
 0.236840121E-02 0.246451087E-02 0.255775690E-02 0.264822117E-02 0.273598403E-02
 0.282112403E-02 0.290371779E-02 0.298383987E-02 0.306156272E-02 0.313695659E-02
 0.321008958E-02 0.328102760E-02 0.334983440E-02 0.341657163E-02 0.348129888E-02
 0.354407372E-02 0.360495179E-02 0.366398682E-02 0.372123077E-02 0.377673382E-02
-0.808313862E-04-0.110773930E-03-0.144587623E-03-0.181909184E-03-0.222385647E-03
-0.265681386E-03-0.311480969E-03-0.359489006E-03-0.409428395E-03-0.461038264E-03
-0.514072485E-03-0.568299116E-03-0.623500658E-03-0.679474707E-03-0.736034500E-03
-0.793008938E-03-0.850241911E-03-0.907590965E-03-0.964925624E-03-0.102212580E-02
-0.107908085E-02-0.113568966E-02-0.119186210E-02-0.124752164E-02-0.130260855E-02
-0.135708307E-02-0.141092737E-02-0.146414598E-02-0.151676425E-02-0.156882536E-02
-0.162038614E-02-0.167151274E-02-0.172227630E-02-0.177274933E-02-0.182300258E-02
-0.187310272E-02-0.192311039E-02-0.197307865E-02-0.202305149E-02-0.207306233E-02
-0.212313231E-02-0.217326826E-02-0.222346033E-02-0.227367907E-02-0.232387219E-02
-0.237396087E-02-0.242383583E-02-0.247335341E-02-0.252233191E-02-0.257054861E-02
-0.261773790E-02-0.266359085E-02-0.270775643E-02-0.274984443E-02-0.278942983E-02
-0.282605804E-02-0.285925076E-02-0.288851171E-02-0.291333221E-02-0.293319647E-02
-0.294758687E-02-0.295598961E-02-0.295790121E-02-0.295283622E-02-0.294033630E-02
-0.291998086E-02-0.289139850E-02-0.285427880E-02-0.280838317E-02-0.275355410E-02
-0.268972190E-02-0.261690929E-02-0.253523391E-02-0.244490960E-02-0.234624644E-02
-0.223964916E-02-0.212561308E-02-0.200471671E-02-0.187761045E-02-0.174500162E-02
-0.160763670E-02-0.146628210E-02-0.132170506E-02-0.117465595E-02-0.102585318E-02
-0.875971210E-03-0.725631964E-03-0.575399473E-03-0.425777398E-03-0.277208940E-03
-0.130078587E-03 0.152848010E-04 0.158604035E-03 0.299649137E-03 0.438232672E-03
 0.574205097E-03 0.707450275E-03 0.837881249E-03 0.965436352E-03 0.109007566E-02
 0.121177780E-02 0.133053715E-02 0.144636127E-02 0.155926880E-02 0.166928747E-02
 0.177645247E-02 0.188080503E-02 0.198239119E-02 0.208126073E-02 0.217746628E-02
 0.227106258E-02 0.236210582E-02 0.245065308E-02 0.253676195E-02 0.262049007E-02
 0.270189490E-02 0.278103341E-02 0.285796191E-02 0.293273588E-02 0.300540985E-02
 0.307603729E-02 0.314467054E-02 0.321136078E-02 0.327615796E-02 0.333911082E-02
 0.340026685E-02 0.345967232E-02 0.351737227E-02 0.357341052E-02-0.669713927E-04
-0.921306115E-04-0.120747778E-03-0.152566583E-03-0.187326300E-03-0.224767467E-03
-0.264635935E-03-0.306685478E-03-0.350679314E-03-0.396390919E-03-0.443604473E-03
-0.492115164E-03-0.541729449E-03-0.592265284E-03-0.643552264E-03-0.695431628E-03
-0.747756086E-03-0.800389512E-03-0.853206581E-03-0.906092474E-03-0.958942775E-03
-0.101166366E-02-0.106417239E-02-0.111639803E-02-0.116828232E-02-0.121978024E-02
-0.127086041E-02-0.132150477E-02-0.137170775E-02-0.142147481E-02-0.147082048E-02
-0.151976616E-02-0.156833774E-02-0.161656331E-02-0.166447087E-02-0.171208635E-02
-0.175943165E-02-0.180652292E-02-0.185336878E-02-0.189996872E-02-0.194631126E-02
-0.199237221E-02-0.203811264E-02-0.208347687E-02-0.212839032E-02-0.217275727E-02
-0.221645879E-02-0.225935074E-02-0.230126216E-02-0.234199411E-02-0.238131916E-02
-0.241898161E-02-0.245469856E-02-0.248816172E-02-0.251904008E-02-0.254698309E-02
-0.257162441E-02-0.259258598E-02-0.260948238E-02-0.262192540E-02-0.262952889E-02
-0.263191399E-02-0.262871470E-02-0.261958392E-02-0.260419997E-02-0.258227337E-02
-0.255355376E-02-0.251783668E-02-0.247496975E-02-0.242485817E-02-0.236746899E-02
-0.230283435E-02-0.223105335E-02-0.215229257E-02-0.206678534E-02-0.197482941E-02
-0.187678301E-02-0.177305921E-02-0.166411854E-02-0.155046013E-02-0.143261158E-02
-0.131111831E-02-0.118653267E-02-0.105940366E-02-0.930267503E-03-0.799639588E-03
-0.668007958E-03-0.535828388E-03-0.403521043E-03-0.271468571E-03-0.140015442E-03
-0.946831075E-05 0.119902811E-03 0.247862786E-03 0.374209172E-03 0.498769788E-03
 0.621400155E-03 0.741980913E-03 0.860415282E-03 0.976626629E-03 0.109055618E-02
 0.120216086E-02 0.131141136E-02 0.141829035E-02 0.152279082E-02 0.162491466E-02
 0.172467137E-02 0.182207689E-02 0.191715258E-02 0.200992436E-02 0.210042186E-02
 0.218867781E-02 0.227472740E-02 0.235860775E-02 0.244035750E-02 0.252001642E-02
 0.259762506E-02 0.267322448E-02 0.274685602E-02 0.281856109E-02 0.288838101E-02
 0.295635686E-02 0.302252936E-02 0.308693879E-02 0.314962491E-02 0.321062689E-02
 0.326998326E-02 0.332773189E-02 0.338390995E-02-0.565211166E-04-0.779444770E-04
-0.102428144E-03-0.129787077E-03-0.159827582E-03-0.192351281E-03-0.227158436E-03
-0.264050614E-03-0.302832753E-03-0.343314724E-03-0.385312504E-03-0.428649054E-03
-0.473154983E-03-0.518669035E-03-0.565038454E-03-0.612119215E-03-0.659776167E-03
-0.707883104E-03-0.756322790E-03-0.804986988E-03-0.853776511E-03-0.902601320E-03
-0.951380663E-03-0.100004322E-02-0.104852721E-02-0.109678036E-02-0.114475978E-02
-0.119243144E-02-0.123976958E-02-0.128675571E-02-0.133337744E-02-0.137962711E-02
-0.142550033E-02-0.147099437E-02-0.151610664E-02-0.156083306E-02-0.160516654E-02
-0.164909547E-02-0.169260224E-02-0.173566175E-02-0.177823997E-02-0.182029246E-02
-0.186176293E-02-0.190258179E-02-0.194266475E-02-0.198191150E-02-0.202020456E-02
-0.205740824E-02-0.209336797E-02-0.212790989E-02-0.216084086E-02-0.219194895E-02
-0.222100435E-02-0.224776079E-02-0.227195742E-02-0.229332112E-02-0.231156921E-02
-0.232641243E-02-0.233755830E-02-0.234471470E-02-0.234759370E-02-0.234591558E-02
-0.233941315E-02-0.232783612E-02-0.231095570E-02-0.228856907E-02-0.226050397E-02
-0.222662283E-02-0.218682668E-02-0.214105848E-02-0.208930578E-02-0.203160262E-02
-0.196803056E-02-0.189871885E-02-0.182384355E-02-0.174362569E-02-0.165832839E-02
-0.156825302E-02-0.147373445E-02-0.137513545E-02-0.127284058E-02-0.116724967E-02
-0.105877123E-02-0.947815992E-03-0.834790888E-03-0.720093575E-03-0.604107752E-03
-0.487199266E-03-0.369713088E-03-0.251971125E-03-0.134270800E-03-0.168843445E-04
 0.999413239E-04 0.215984216E-03 0.331046502E-03 0.444953431E-03 0.557552054E-03
 0.668709794E-03 0.778312939E-03 0.886265117E-03 0.992485773E-03 0.109690869E-02
 0.119948056E-02 0.130015966E-02 0.139891458E-02 0.149572310E-02 0.159057103E-02
 0.168345133E-02 0.177436317E-02 0.186331110E-02 0.195030438E-02 0.203535629E-02
 0.211848358E-02 0.219970590E-02 0.227904540E-02 0.235652630E-02 0.243217450E-02
 0.250601732E-02 0.257808320E-02 0.264840146E-02 0.271700206E-02 0.278391547E-02
 0.284917250E-02 0.291280412E-02 0.297484140E-02 0.303531538E-02 0.309425699E-02
 0.315169698E-02 0.320766586E-02-0.483540041E-04-0.667915864E-04-0.879321983E-04
-0.111638914E-03-0.137765644E-03-0.166159809E-03-0.196664776E-03-0.229121996E-03
-0.263372840E-03-0.299260142E-03-0.336629471E-03-0.375330178E-03-0.415216234E-03
-0.456146905E-03-0.497987285E-03-0.540608711E-03-0.583889081E-03-0.627713087E-03
-0.671972400E-03-0.716565793E-03-0.761399234E-03-0.806385951E-03-0.851446452E-03
-0.896508498E-03-0.941507014E-03-0.986383906E-03-0.103108777E-02-0.107557346E-02
-0.111980156E-02-0.116373764E-02-0.120735145E-02-0.125061598E-02-0.129350643E-02
-0.133599910E-02-0.137807023E-02-0.141969488E-02-0.146084568E-02-0.150149174E-02
-0.154159742E-02-0.158112120E-02-0.162001460E-02-0.165822103E-02-0.169567481E-02
-0.173230012E-02-0.176801017E-02-0.180270634E-02-0.183627759E-02-0.186859990E-02
-0.189953605E-02-0.192893557E-02-0.195663495E-02-0.198245820E-02-0.200621766E-02
-0.202771518E-02-0.204674352E-02-0.206308818E-02-0.207652935E-02-0.208684425E-02
-0.209380960E-02-0.209720431E-02-0.209681242E-02-0.209242604E-02-0.208384848E-02
-0.207089745E-02-0.205340819E-02-0.203123661E-02-0.200426227E-02-0.197239115E-02
-0.193555811E-02-0.189372900E-02-0.184690232E-02-0.179511033E-02-0.173841961E-02
-0.167693102E-02-0.161077898E-02-0.154013013E-02-0.146518139E-02-0.138615731E-02
-0.130330701E-02-0.121690059E-02-0.112722520E-02-0.103458089E-02-0.939276358E-03
-0.841624770E-03-0.741939726E-03-0.640531517E-03-0.537703755E-03-0.433750433E-03
-0.328953467E-03-0.223580723E-03-0.117884514E-03-0.121005598E-04 0.935526447E-04
 0.198874099E-03 0.303680248E-03 0.407804674E-03 0.511097578E-03 0.613425098E-03
 0.714668513E-03 0.814723359E-03 0.913498497E-03 0.101091516E-02 0.110690599E-02
 0.120141412E-02 0.129439223E-02 0.138580170E-02 0.147561178E-02 0.156379877E-02
 0.165034537E-02 0.173523993E-02 0.181847588E-02 0.190005111E-02 0.197996750E-02
 0.205823041E-02 0.213484826E-02 0.220983211E-02 0.228319538E-02 0.235495347E-02
 0.242512347E-02 0.249372398E-02 0.256077479E-02 0.262629676E-02 0.269031159E-02
 0.275284168E-02 0.281390999E-02 0.287353991E-02 0.293175518E-02 0.298857975E-02
 0.304403772E-02-0.417937204E-04-0.577968814E-04-0.761895299E-04-0.968679284E-04
-0.119719908E-03-0.144626676E-03-0.171464537E-03-0.200106495E-03-0.230423710E-03
-0.262286793E-03-0.295566940E-03-0.330136918E-03-0.365871897E-03-0.402650157E-03
-0.440353679E-03-0.478868623E-03-0.518085723E-03-0.557900596E-03-0.598213982E-03
-0.638931918E-03-0.679965857E-03-0.721232731E-03-0.762654956E-03-0.804160376E-03
-0.845682144E-03-0.887158529E-03-0.928532640E-03-0.969752071E-03-0.101076846E-02
-0.105153694E-02-0.109201556E-02-0.113216457E-02-0.117194569E-02-0.121132130E-02
-0.125025363E-02-0.128870386E-02-0.132663129E-02-0.136399244E-02-0.140074020E-02
-0.143682296E-02-0.147218382E-02-0.150675982E-02-0.154048117E-02-0.157327067E-02
-0.160504305E-02-0.163570459E-02-0.166515267E-02-0.169327565E-02-0.171995275E-02
-0.174505420E-02-0.176844155E-02-0.178996817E-02-0.180948001E-02-0.182681651E-02
-0.184181178E-02-0.185429590E-02-0.186409655E-02-0.187104065E-02-0.187495630E-02
-0.187567474E-02-0.187303248E-02-0.186687355E-02-0.185705166E-02-0.184343251E-02
-0.182589601E-02-0.180433841E-02-0.177867435E-02-0.174883866E-02-0.171478808E-02
-0.167650253E-02-0.163398620E-02-0.158726822E-02-0.153640297E-02-0.148146995E-02
-0.142257329E-02-0.135984075E-02-0.129342241E-02-0.122348892E-02-0.115022941E-02
-0.107384915E-02-0.994566948E-03-0.912612404E-03-0.828223088E-03-0.741641717E-03
-0.653113394E-03-0.562882989E-03-0.471192705E-03-0.378279893E-03-0.284375118E-03
-0.189700529E-03-0.944685049E-04 0.111939341E-05 0.968732099E-04 0.192615115E-03
 0.288179700E-03 0.383414063E-03 0.478177727E-03 0.572342398E-03 0.665791621E-03
 0.758420324E-03 0.850134304E-03 0.940849656E-03 0.103049217E-02 0.111899673E-02
 0.120630663E-02 0.129237306E-02 0.137715438E-02 0.146061563E-02 0.154272790E-02
 0.162346786E-02 0.170281719E-02 0.178076214E-02 0.185729310E-02 0.193240417E-02
 0.200609275E-02 0.207835926E-02 0.214920676E-02 0.221864068E-02 0.228666852E-02
 0.235329966E-02 0.241854509E-02 0.248241722E-02 0.254492969E-02 0.260609723E-02
 0.266593549E-02 0.272446090E-02 0.278169057E-02 0.283764218E-02 0.289233385E-02
-0.364095051E-04-0.503937310E-04-0.664941453E-04-0.846304399E-04-0.104714933E-03
-0.126653801E-03-0.150348297E-03-0.175695920E-03-0.202591524E-03-0.230928340E-03
-0.260598907E-03-0.291495914E-03-0.323512938E-03-0.356545094E-03-0.390489597E-03
-0.425246236E-03-0.460717773E-03-0.496810270E-03-0.533433347E-03-0.570500379E-03
-0.607928628E-03-0.645639328E-03-0.683557697E-03-0.721612908E-03-0.759737986E-03
-0.797869658E-03-0.835948135E-03-0.873916832E-03-0.911722033E-03-0.949312487E-03
-0.986638965E-03-0.102365375E-02-0.106031009E-02-0.109656164E-02-0.113236181E-02
-0.116766320E-02-0.120241691E-02-0.123657193E-02-0.127007453E-02-0.130286764E-02
-0.133489027E-02-0.136607700E-02-0.139635746E-02-0.142565591E-02-0.145389094E-02
-0.148097511E-02-0.150681486E-02-0.153131040E-02-0.155435580E-02-0.157583914E-02
-0.159564287E-02-0.161364426E-02-0.162971604E-02-0.164372712E-02-0.165554357E-02
-0.166502959E-02-0.167204878E-02-0.167646534E-02-0.167814557E-02-0.167695929E-02
-0.167278141E-02-0.166549355E-02-0.165498564E-02-0.164115752E-02-0.162392050E-02
-0.160319891E-02-0.157893141E-02-0.155107233E-02-0.151959271E-02-0.148448124E-02
-0.144574489E-02-0.140340940E-02-0.135751938E-02-0.130813826E-02-0.125534786E-02
-0.119924776E-02-0.113995432E-02-0.107759954E-02-0.101232964E-02-0.944303431E-03
-0.873690613E-03-0.800669868E-03-0.725426948E-03-0.648152714E-03-0.569041211E-03
-0.488287797E-03-0.406087376E-03-0.322632763E-03-0.238113195E-03-0.152713025E-03
-0.666105836E-04 0.200227676E-04 0.107023401E-03 0.194236013E-03 0.281514052E-03
 0.368719990E-03 0.455725459E-03 0.542411270E-03 0.628667327E-03 0.714392449E-03
 0.799494126E-03 0.883888217E-03 0.967498599E-03 0.105025679E-02 0.113210153E-02
 0.121297841E-02 0.129283939E-02 0.137164242E-02 0.144935102E-02 0.152593386E-02
 0.160136439E-02 0.167562043E-02 0.174868387E-02 0.182054028E-02 0.189117859E-02
 0.196059083E-02 0.202877181E-02 0.209571890E-02 0.216143172E-02 0.222591198E-02
 0.228916325E-02 0.235119075E-02 0.241200121E-02 0.247160268E-02 0.253000437E-02
 0.258721658E-02 0.264325049E-02 0.269811812E-02 0.275183218E-02-0.319136210E-04
-0.441991808E-04-0.583626735E-04-0.743407067E-04-0.920635583E-04-0.111456033E-03
-0.132438326E-03-0.154926880E-03-0.178835209E-03-0.204074689E-03-0.230555294E-03
-0.258186277E-03-0.286876792E-03-0.316536449E-03-0.347075809E-03-0.378406815E-03
-0.410443160E-03-0.443100600E-03-0.476297206E-03-0.509953562E-03-0.543992908E-03
-0.578341238E-03-0.612927333E-03-0.647682762E-03-0.682541816E-03-0.717441407E-03
-0.752320908E-03-0.787121955E-03-0.821788199E-03-0.856265015E-03-0.890499178E-03
-0.924438495E-03-0.958031413E-03-0.991226605E-03-0.102397253E-02-0.105621699E-02
-0.108790666E-02-0.111898668E-02-0.114940018E-02-0.117908788E-02-0.120798766E-02
-0.123603426E-02-0.126315892E-02-0.128928914E-02-0.131434843E-02-0.133825624E-02
-0.136092783E-02-0.138227434E-02-0.140220286E-02-0.142061667E-02-0.143741555E-02
-0.145249615E-02-0.146575254E-02-0.147707682E-02-0.148635984E-02-0.149349199E-02
-0.149836415E-02-0.150086863E-02-0.150090023E-02-0.149835735E-02-0.149314313E-02
-0.148516659E-02-0.147434384E-02-0.146059917E-02-0.144386624E-02-0.142408904E-02
-0.140122295E-02-0.137523556E-02-0.134610740E-02-0.131383264E-02-0.127841941E-02
-0.123989019E-02-0.119828185E-02-0.115364557E-02-0.110604655E-02-0.105556354E-02
-0.100228820E-02-0.946324294E-03-0.887786660E-03-0.826800163E-03-0.763498450E-03
-0.698022666E-03-0.630520099E-03-0.561142797E-03-0.490046200E-03-0.417387782E-03
-0.343325753E-03-0.268017832E-03-0.191620108E-03-0.114286001E-03-0.361653392E-04
 0.425964487E-04 0.121859021E-03 0.201487688E-03 0.281353870E-03 0.361335433E-03
 0.441316934E-03 0.521189766E-03 0.600852220E-03 0.680209477E-03 0.759173529E-03
 0.837663053E-03 0.915603235E-03 0.992925555E-03 0.106956755E-02 0.114547256E-02
 0.122058944E-02 0.129487225E-02 0.136828004E-02 0.144077645E-02 0.151232951E-02
 0.158291131E-02 0.165249773E-02 0.172106817E-02 0.178860530E-02 0.185509480E-02
 0.192052513E-02 0.198488732E-02 0.204817474E-02 0.211038291E-02 0.217150932E-02
 0.223155325E-02 0.229051562E-02 0.234839882E-02 0.240520660E-02 0.246094391E-02
 0.251561680E-02 0.256923229E-02 0.262179832E-02-0.281063396E-04-0.389451691E-04
-0.514535978E-04-0.655807019E-04-0.812701530E-04-0.984608224E-04-0.117087403E-03
-0.137081032E-03-0.158369915E-03-0.180879918E-03-0.204535146E-03-0.229258478E-03
-0.254972078E-03-0.281597845E-03-0.309057839E-03-0.337274648E-03-0.366171712E-03
-0.395673609E-03-0.425706282E-03-0.456197231E-03-0.487075660E-03-0.518272574E-03
-0.549720844E-03-0.581355216E-03-0.613112297E-03-0.644930487E-03-0.676749883E-03
-0.708512136E-03-0.740160288E-03-0.771638566E-03-0.802892150E-03-0.833866922E-03
-0.864509182E-03-0.894765359E-03-0.924581705E-03-0.953903978E-03-0.982677132E-03
-0.101084501E-02-0.103835002E-02-0.106513291E-02-0.109113243E-02-0.111628515E-02
-0.114052527E-02-0.116378443E-02-0.118599161E-02-0.120707310E-02-0.122695245E-02
-0.124555061E-02-0.126278598E-02-0.127857468E-02-0.129283079E-02-0.130546668E-02
-0.131639351E-02-0.132552163E-02-0.133276121E-02-0.133802285E-02-0.134121826E-02
-0.134226104E-02-0.134106741E-02-0.133755707E-02-0.133165402E-02-0.132328741E-02
-0.131239241E-02-0.129891101E-02-0.128279283E-02-0.126399585E-02-0.124248712E-02
-0.121824336E-02-0.119125147E-02-0.116150896E-02-0.112902424E-02-0.109381683E-02
-0.105591738E-02-0.101536765E-02-0.972220224E-03-0.926538254E-03-0.878394952E-03
-0.827873024E-03-0.775063984E-03-0.720067378E-03-0.662989923E-03-0.603944590E-03
-0.543049640E-03-0.480427632E-03-0.416204427E-03-0.350508193E-03-0.283468443E-03
-0.215215107E-03-0.145877652E-03-0.755842749E-04-0.446115100E-05 0.673682297E-04
 0.139783655E-03 0.212668697E-03 0.285911146E-03 0.359403354E-03 0.433042518E-03
 0.506730879E-03 0.580375865E-03 0.653890171E-03 0.727191785E-03 0.800203970E-03
 0.872855196E-03 0.945079051E-03 0.101681411E-02 0.108800378E-02 0.115859615E-02
 0.122854377E-02 0.129780349E-02 0.136633625E-02 0.143410684E-02 0.150108375E-02
 0.156723890E-02 0.163254747E-02 0.169698772E-02 0.176054071E-02 0.182319022E-02
 0.188492247E-02 0.194572601E-02 0.200559152E-02 0.206451165E-02 0.212248091E-02
 0.217949547E-02 0.223555306E-02 0.229065284E-02 0.234479527E-02 0.239798203E-02
 0.245021586E-02 0.250150053E-02-0.248446069E-04-0.344385064E-04-0.455191002E-04
-0.580448289E-04-0.719695131E-04-0.872427873E-04-0.103810552E-03-0.121615435E-03
-0.140597252E-03-0.160693466E-03-0.181839623E-03-0.203969783E-03-0.227016915E-03
-0.250913274E-03-0.275590742E-03-0.300981139E-03-0.327016506E-03-0.353629343E-03
-0.380752821E-03-0.408320955E-03-0.436268744E-03-0.464532274E-03-0.493048788E-03
-0.521756726E-03-0.550595726E-03-0.579506602E-03-0.608431286E-03-0.637312743E-03
-0.666094866E-03-0.694722336E-03-0.723140471E-03-0.751295052E-03-0.779132135E-03
-0.806597849E-03-0.833638187E-03-0.860198799E-03-0.886224775E-03-0.911660439E-03
-0.936449154E-03-0.960533137E-03-0.983853292E-03-0.100634907E-02-0.102795836E-02
-0.104861738E-02-0.106826069E-02-0.108682113E-02-0.110422987E-02-0.112041652E-02
-0.113530925E-02-0.114883498E-02-0.116091963E-02-0.117148836E-02-0.118046602E-02
-0.118777744E-02-0.119334792E-02-0.119710375E-02-0.119897266E-02-0.119888446E-02
-0.119677158E-02-0.119256972E-02-0.118621843E-02-0.117766176E-02-0.116684887E-02
-0.115373464E-02-0.113828024E-02-0.112045364E-02-0.110023013E-02-0.107759277E-02
-0.105253269E-02-0.102504943E-02-0.995151139E-03-0.962854706E-03-0.928185779E-03
-0.891178711E-03-0.851876414E-03-0.810330109E-03-0.766598998E-03-0.720749845E-03
-0.672856491E-03-0.622999291E-03-0.571264498E-03-0.517743604E-03-0.462532634E-03
-0.405731429E-03-0.347442906E-03-0.287772324E-03-0.226826558E-03-0.164713394E-03
-0.101540852E-03-0.374165467E-04 0.275529068E-04 0.932624406E-04 0.159609029E-03
 0.226492128E-03 0.293814061E-03 0.361480347E-03 0.429399978E-03 0.497485638E-03
 0.565653879E-03 0.633825247E-03 0.701924363E-03 0.769879971E-03 0.837624943E-03
 0.905096260E-03 0.972234960E-03 0.103898607E-02 0.110529849E-02 0.117112494E-02
 0.123642176E-02 0.130114884E-02 0.136526945E-02 0.142875009E-02 0.149156036E-02
 0.155367278E-02 0.161506266E-02 0.167570796E-02 0.173558909E-02 0.179468882E-02
 0.185299211E-02 0.191048598E-02 0.196715937E-02 0.202300302E-02 0.207800934E-02
 0.213217231E-02 0.218548735E-02 0.223795123E-02 0.228956197E-02 0.234031873E-02
 0.239022173E-02
 0.687850987E+01 0.190666576E+01 0.186006333E+01 0.184168919E+01 0.183097237E+01
 0.182581879E+01 0.182800594E+01 0.182521845E+01 0.182425991E+01 0.182571198E+01
 0.182599329E+01 0.182676794E+01 0.182833812E+01 0.183082800E+01 0.183334136E+01
 0.183521790E+01 0.183759466E+01 0.184085042E+01 0.184414509E+01 0.184738444E+01
 0.185072338E+01 0.185417916E+01 0.185800751E+01 0.186223869E+01 0.186649524E+01
 0.187079798E+01 0.187519025E+01 0.187977129E+01 0.188468036E+01 0.188991053E+01
 0.189510878E+01 0.190060051E+01 0.190606674E+01 0.191181481E+01 0.191772636E+01
 0.192397265E+01 0.193042787E+01 0.193694471E+01 0.194381391E+01 0.195076697E+01
 0.195793566E+01 0.196530052E+01 0.197296259E+01 0.198095983E+01 0.198909430E+01
 0.199747959E+01 0.200616445E+01 0.201498792E+01 0.202414090E+01 0.203354657E+01
 0.204328444E+01 0.205337830E+01 0.206365130E+01 0.207426500E+01 0.208525009E+01
 0.209651208E+01 0.210809652E+01 0.212005548E+01 0.213235740E+01 0.214508653E+01
 0.215819041E+01 0.217167989E+01 0.218558868E+01 0.219993011E+01 0.221466742E+01
 0.222989821E+01 0.224560055E+01 0.226184079E+01 0.227855971E+01 0.229581858E+01
 0.231360957E+01 0.233201035E+01 0.235100642E+01 0.237061498E+01 0.239086718E+01
 0.241180469E+01 0.243344098E+01 0.245585123E+01 0.247899632E+01 0.250295242E+01
 0.252775065E+01 0.255345048E+01 0.258002405E+01 0.260760189E+01 0.263618093E+01
 0.266583925E+01 0.269657420E+01 0.272851449E+01 0.276167444E+01 0.279616201E+01
 0.283200698E+01 0.286925552E+01 0.290808149E+01 0.294855748E+01 0.299065353E+01
 0.303460435E+01 0.308056311E+01 0.312844543E+01 0.317852573E+01 0.323095213E+01
 0.328595765E+01 0.334348011E+01 0.340371641E+01 0.346721552E+01 0.353401049E+01
 0.360417013E+01 0.367810048E+01 0.375620439E+01 0.383862584E+01 0.392586318E+01
 0.401858926E+01 0.411677820E+01 0.422085266E+01 0.433247089E+01 0.445150010E+01
 0.457825092E+01 0.471452005E+01 0.486130455E+01 0.501866498E+01 0.519026019E+01
 0.537526117E+01 0.557601844E+01 0.579742494E+01 0.603878734E+01 0.630686549E+01
 0.660440505E+01 0.693659864E+01 0.730990009E+01 0.772546345E+01
  106   17
 0.104203183E+00 0.000000000E+00 0.104057406E+00 0.468750000E-01 0.105000070E+00
 0.937500000E-01 0.107058204E+00 0.140625000E+00 0.110336083E+00 0.187500000E+00
 0.112890625E+00 0.214800680E+00 0.117653511E+00 0.257812500E+00 0.121875000E+00
 0.287768347E+00 0.128349691E+00 0.328125000E+00 0.132981837E+00 0.351562500E+00
 0.139843750E+00 0.378490298E+00 0.148828125E+00 0.404917451E+00 0.157812500E+00
 0.425067664E+00 0.169101301E+00 0.445312500E+00 0.184765625E+00 0.467589088E+00
 0.193750000E+00 0.478392407E+00 0.208036901E+00 0.492187500E+00 0.220703125E+00
 0.502642876E+00 0.238671875E+00 0.513408439E+00 0.247656250E+00 0.517626522E+00
 0.265625000E+00 0.524150547E+00 0.283593750E+00 0.527839875E+00 0.301562500E+00
 0.529202370E+00 0.319531250E+00 0.528552928E+00 0.337500000E+00 0.526058212E+00
 0.355468750E+00 0.521776318E+00 0.373437500E+00 0.515699590E+00 0.382421875E+00
 0.512397664E+00 0.400390625E+00 0.504443657E+00 0.418359375E+00 0.494444905E+00
 0.427343750E+00 0.488971929E+00 0.445312500E+00 0.476706074E+00 0.455215267E+00
 0.468750000E+00 0.472265625E+00 0.454338461E+00 0.481432970E+00 0.445312500E+00
 0.499218750E+00 0.426683665E+00 0.508203125E+00 0.416238973E+00 0.522189320E+00
 0.398437500E+00 0.535156250E+00 0.380950146E+00 0.544140625E+00 0.367901126E+00
 0.554732216E+00 0.351562500E+00 0.569234195E+00 0.328125000E+00 0.580078125E+00
 0.309711170E+00 0.589062500E+00 0.293726733E+00 0.598046875E+00 0.277096507E+00
 0.608055110E+00 0.257812500E+00 0.619577080E+00 0.234375000E+00 0.630329356E+00
 0.210937500E+00 0.640217915E+00 0.187500000E+00 0.649138620E+00 0.164062500E+00
 0.656981239E+00 0.140625000E+00 0.663633423E+00 0.117187500E+00 0.669921875E+00
 0.883135147E-01 0.675582485E+00 0.468750000E-01 0.676240284E+00 0.000000000E+00
 0.670752641E+00-0.468750000E-01 0.665746734E+00-0.703125000E-01 0.659279992E+00
-0.937500000E-01 0.651452726E+00-0.117187500E+00 0.642352112E+00-0.140625000E+00
 0.632062034E+00-0.164062500E+00 0.620663267E+00-0.187500000E+00 0.608226320E+00
-0.210937500E+00 0.598046875E+00-0.228830272E+00 0.589062500E+00-0.243913886E+00
 0.580078125E+00-0.258323545E+00 0.564974436E+00-0.281250000E+00 0.553125000E+00
-0.298348619E+00 0.544140625E+00-0.310684806E+00 0.530611605E+00-0.328125000E+00
 0.517187500E+00-0.344702250E+00 0.508203125E+00-0.355003492E+00 0.490234375E+00
-0.374116734E+00 0.481250000E+00-0.383184030E+00 0.464137001E+00-0.398437500E+00
 0.454296875E+00-0.406867026E+00 0.436328125E+00-0.420078283E+00 0.427343750E+00
-0.426225130E+00 0.409375000E+00-0.437077204E+00 0.392451442E+00-0.445312500E+00
 0.382421875E+00-0.449971682E+00 0.364453125E+00-0.456705181E+00 0.346484375E+00
-0.461568752E+00 0.328515625E+00-0.464666347E+00 0.310546875E+00-0.466014632E+00
 0.292578125E+00-0.465518536E+00 0.274609375E+00-0.462959330E+00 0.256640625E+00
-0.457936173E+00 0.238671875E+00-0.449796422E+00 0.229687500E+00-0.444385075E+00
 0.211718750E+00-0.431255558E+00 0.202080584E+00-0.421875000E+00 0.184765625E+00
-0.401341934E+00 0.175781250E+00-0.387910103E+00 0.166796875E+00-0.371708129E+00
 0.157489469E+00-0.351562500E+00 0.148547498E+00-0.328125000E+00 0.139843750E+00
-0.300398459E+00 0.130859375E+00-0.264955015E+00 0.124531483E+00-0.234375000E+00
 0.120553573E+00-0.210937500E+00 0.114217656E+00-0.164062500E+00 0.111728381E+00
-0.140625000E+00 0.107845732E+00-0.937500000E-01 0.105419073E+00-0.468750000E-01
 0.104203183E+00 0.000000000E+00
 0.104000000E+00 0.575000000E+00 0.133700000E+00 0.727900000E+00 0.133700000E+00
 0.118500000E+01 0.600000000E+00 0.118500000E+01 0.600000000E+00 0.600000000E+00
 0.700000000E+00 0.600000000E+00 0.700000000E+00 0.585000000E+00 0.760000000E+00
 0.585000000E+00 0.760000000E+00-0.585000000E+00 0.700000000E+00-0.585000000E+00
 0.700000000E+00-0.600000000E+00 0.600000000E+00-0.600000000E+00 0.600000000E+00
-0.118500000E+01 0.133700000E+00-0.118500000E+01 0.133700000E+00-0.727900000E+00
 0.104000000E+00-0.575000000E+00 0.104000000E+00 0.575000000E+00
    0 0.170000000E+01    0
 0.000000000E+00 0.821902107E-01 0.109825708E+00 0.131492499E+00 0.149932227E+00
 0.166267557E+00 0.180002557E+00 0.193722034E+00 0.206571407E+00 0.218745415E+00
 0.230267019E+00 0.241140665E+00 0.251629479E+00 0.261745564E+00 0.271468019E+00
 0.280832675E+00 0.289917160E+00 0.298747366E+00 0.307370496E+00 0.315779188E+00
 0.323915207E+00 0.331884194E+00 0.339715302E+00 0.347393388E+00 0.354899647E+00
 0.362279645E+00 0.369510556E+00 0.376621164E+00 0.383613962E+00 0.390529156E+00
 0.397338282E+00 0.404043735E+00 0.410645238E+00 0.417164376E+00 0.423601891E+00
 0.429974574E+00 0.436278192E+00 0.442513740E+00 0.448674297E+00 0.454772346E+00
 0.460809244E+00 0.466789804E+00 0.472726469E+00 0.478611238E+00 0.484447118E+00
 0.490236341E+00 0.495988368E+00 0.501695099E+00 0.507348579E+00 0.512974139E+00
 0.518571278E+00 0.524143157E+00 0.529671903E+00 0.535170499E+00 0.540642397E+00
 0.546096361E+00 0.551515640E+00 0.556911335E+00 0.562288450E+00 0.567653399E+00
 0.572994708E+00 0.578323213E+00 0.583629963E+00 0.588927512E+00 0.594206105E+00
 0.599477098E+00 0.604741456E+00 0.610000724E+00 0.615242529E+00 0.620484802E+00
 0.625719356E+00 0.630956536E+00 0.636194005E+00 0.641430283E+00 0.646657763E+00
 0.651895761E+00 0.657135298E+00 0.662385417E+00 0.667640094E+00 0.672906780E+00
 0.678177071E+00 0.683466058E+00 0.688757409E+00 0.694071427E+00 0.699402691E+00
 0.704753895E+00 0.710119720E+00 0.715510291E+00 0.720921533E+00 0.726362833E+00
 0.731829397E+00 0.737322354E+00 0.742852931E+00 0.748421161E+00 0.754016351E+00
 0.759653464E+00 0.765340249E+00 0.771058703E+00 0.776826748E+00 0.782650787E+00
 0.788537101E+00 0.794466528E+00 0.800447447E+00 0.806507981E+00 0.812642517E+00
 0.818838156E+00 0.825111967E+00 0.831471319E+00 0.837910227E+00 0.844447532E+00
 0.851098540E+00 0.857839163E+00 0.864675974E+00 0.871674730E+00 0.878796521E+00
 0.886030874E+00 0.893425246E+00 0.900991290E+00 0.908707441E+00 0.916661033E+00
 0.924785163E+00 0.933114749E+00 0.941744456E+00 0.950583151E+00 0.959743158E+00
 0.969209680E+00 0.979060962E+00 0.989351135E+00 0.100000000E+01
    0
&OUT1
 ISHOT=48224      ,
 ITIME=300        ,
 BETAP0= 0.50000000000000000     ,
 RZERO= 0.40000000000000002     ,
 QENP= 0.94999999999999996     ,
 ENP=  1.0000000000000000     ,
 EMP=  1.0000000000000000     ,
 PLASMA=  143167.39099125596     ,
 EXPMP2=  4.6188751895714399E-002,  6.0536374453040373E-002,  7.7754640212028409E-002,  9.7997057717172362E-002, 0.10032359824967167     ,
  0.10691236221802564     , 0.11207855449520027     , 0.12273140718589984     , 0.13288959221065180     , 0.14548818429760113     , 0.15188695101550187     ,
  0.15628150108086483     , 0.15806299380179545     , 0.15733712608860073     , 0.15443855978549070     , 0.14915459382283858     , 0.14154831792670883     ,
  0.13192362588041920     , 0.11515106995475177     , 0.10233908490200425     ,  8.9275402644471452E-002,  7.7881791855445262E-002,  6.9845293471408484E-002,
   6.6077968049154973E-002,  5.7836110044061695E-002,  4.5118473057245825E-002,  3.0453547850824672E-002, -8.5381214303108285E-002, -7.1820715140206895E-002,
  -5.9138850443630278E-002, -5.0844322210882517E-002, -4.5556907070003205E-002, -4.1821050620516116E-002, -3.9420829411322938E-002, -3.7658576428545990E-002,
  -3.7604946949868247E-002, -3.7150080249775320E-002, -3.5095518865685321E-002, -3.4975256764223805E-002, -3.6486621188593568E-002, -3.8499092762655535E-002,
  -3.9864984353591544E-002, -4.1783344681669610E-002, -4.5419935910428193E-002, -4.8743168632895212E-002, -5.4935194777712831E-002, -6.7808009906560732E-002,
  -8.6150189123217966E-002, -8.0355601338242752E-003, -7.4569262297398964E-003, -5.9917397857871327E-003, -3.5966476550036222E-003, -2.3015106346482156E-004,
   4.2822485240851874E-003,  1.0514276507060098E-002,  2.0124393492146356E-002, -1.1661939146470277E-002, -1.0565830149288434E-002, -8.6674503111963397E-003,
  -5.9075140744634380E-003, -2.2324433944629976E-003,  2.5410553100303976E-003,  8.9925433707064642E-003,  1.8784179117489398E-002,
 COILS= -2.4418872410999666E-003, -9.5781878496567930E-003, -1.0476750338331956E-002, -2.9439660700571590E-003,  1.0842103750557711E-003,
   1.6226631892506612E-003,  1.1244192957330157E-003,  1.2083468117221185E-003,  1.2104884034877762E-003,  1.1509896386144114E-003,  1.1546662148512769E-003,
 
 BTOR= 0.15086964300016498     ,
 RCENTR= 0.40000000000000002     ,
 BRSP=  1694.3806955931136     ,  1694.3806955931263     ,  1694.3806955931159     ,  1694.3806955931223     ,  1694.3806955931211     ,
   1694.3806955931229     ,  1694.3806955931166     ,  1694.3806955931250     ,  7.6427880713695690E-011,  1.1380179987159692E-010, -9.1117457653014093E-012,
  -2.2954236335603926E-011, -1.4261903903365206E-011, -2.7699809035962441E-011,  1690.6991794045819     ,  1690.6991794045832     , -2058.2245457185218     ,
  -2058.2245457185177     , -5.1272956549076637E-011, -8.1160707315526140E-011, -1.0824662200924926E-010, -1.6499445240680875E-010, 2*-1313.4652588983106      ,
  -1313.4652588983126     , -1313.4652588983136     ,  4.7447585272344410     ,  1.2206049780753538     ,  35.963945145011493     ,  10.270372053650448     ,
  -1.5627216660403818E-004, -3.9325551712879857E-007,  1.1832479918682842E-008,  4.7984423678749195E-006,  1.7391766742065902E-005,  3.5876033244796015E-005,
   5.7723260858854363E-005,  8.1103781393124656E-005,  1.2311167670333583E-004,  1.3670291776820865E-004,  1.4212995786860898E-004,  1.3748286633449329E-004,
   1.2660035164217007E-004,  1.1043105490220434E-004,  8.9773044891746945E-005,  6.5711873875677070E-005,  4.1617817512840163E-005,  2.0482666097098399E-005,
   1.5912210286522075E-006, -1.1112489423682772E-005, -1.3557351474984987E-005, -7.0857139940231565E-006, -1.3586051788054104E-004, -1.3450139982891372E-004,
  -1.3376470017554989E-004, -1.3384528891478134E-004, -1.3488386477302918E-004, -1.3711843458091169E-004, -1.4116191602840057E-004, -1.4869545259439109E-004,
  -1.3212419397108394E-004, -1.3060259575553533E-004, -1.2986909965590076E-004, -1.3005798239103822E-004, -1.3126820806530555E-004, -1.3370869520910896E-004,
  -1.3797152211953334E-004, -1.4572276302484438E-004,  8.8748243500074038E-005, -4.4865013945044970E-006,  6.3880185377986065E-005,  4.6643669608794486E-005,
   4.6698317591613997E-005,  4.7240881349060182E-005,  1.1240858910186585E-004,  9.4373269485466954E-005,  7.3804148488121335E-005,  5.2171215969697149E-005,
   1.3334419345647358E-004,  1.0124117130088685E-004,  1.4558116973498181E-004,  1.0318159133224092E-004,  4.1597919448577159E-005,  3.6874616824889017E-005,
   4.1602492785841605E-005,  4.3579842895269394E-005,  2.9205219901835486E-005,  2.9112624537339787E-005,  2.8193315662315005E-005, -8.2225590671735488E-005,
  -5.1666893440013503E-005, -1.6814971604033752E-005,  1.9839451615388110E-005,  1.5144773007865105E-005, -6.0185072207633465E-006, -2.7101387039358472E-005,
   5.4276553087699575E-005,  8.7267852893046366E-005,  1.5645691468291622E-005,  1.6988418537129790E-005,  6.2038942232334193E-006, -2.5971806394409214E-006,
  -6.2099005333493551E-006,  6.2419735617171452E-005,  3.8703656040238544E-005,  9.9549415428599742E-005,  1.6083173431551411E-004,  9.1943352568908026E-005,
  466*0.0000000000000000       ,
 ICURRT=2          ,
 RBDRY= 0.10420318283558097     , 0.10405740593113545     , 0.10500006987526574     , 0.10705820387190339     , 0.11033608258786340     ,
  0.11289062499999999     , 0.11765351091736614     , 0.12187500000000000     , 0.12834969051326447     , 0.13298183669400485     , 0.13984374999999999     ,
  0.14882812499999998     , 0.15781249999999999     , 0.16910130116012134     , 0.18476562499999999     , 0.19374999999999998     , 0.20803690108460240     ,
  0.22070312500000000     , 0.23867187499999998     , 0.24765624999999997     , 0.26562500000000000     , 0.28359374999999998     , 0.30156249999999996     ,
  0.31953124999999999     , 0.33749999999999997     , 0.35546874999999994     , 0.37343749999999998     , 0.38242187499999997     , 0.40039062499999994     ,
  0.41835937499999998     , 0.42734374999999997     , 0.44531249999999994     , 0.45521526712710708     , 0.47226562499999997     , 0.48143296988344914     ,
  0.49921874999999993     , 0.50820312499999998     , 0.52218931967986726     , 0.53515625000000000     , 0.54414062499999993     , 0.55473221588578059     ,
  0.56923419464605829     , 0.58007812500000000     , 0.58906250000000004     , 0.59804687499999998     , 0.60805511016112457     , 0.61957707972597431     ,
  0.63032935606951979     , 0.64021791532773575     , 0.64913862042134352     , 0.65698123875723624     , 0.66363342317937879     , 0.66992187500000000     ,
  0.67558248541331933     , 0.67624028427269633     , 0.67075264073392737     , 0.66574673357668157     , 0.65927999231081802     , 0.65145272578121138     ,
  0.64235211178893070     , 0.63206203388876625     , 0.62066326736394217     , 0.60822631968226282     , 0.59804687499999998     , 0.58906250000000004     ,
  0.58007812500000000     , 0.56497443605409758     , 0.55312499999999998     , 0.54414062499999993     , 0.53061160485240355     , 0.51718750000000002     ,
  0.50820312499999998     , 0.49023437499999994     , 0.48124999999999996     , 0.46413700123451651     , 0.45429687499999993     , 0.43632812499999996     ,
  0.42734374999999997     , 0.40937499999999999     , 0.39245144180458852     , 0.38242187499999997     , 0.36445312499999999     , 0.34648437499999996     ,
  0.32851562499999998     , 0.31054687499999994     , 0.29257812499999997     , 0.27460937499999999     , 0.25664062500000001     , 0.23867187499999998     ,
  0.22968749999999999     , 0.21171875000000001     , 0.20208058374805329     , 0.18476562499999999     , 0.17578125000000000     , 0.16679687500000001     ,
  0.15748946915172057     , 0.14854749849635421     , 0.13984374999999999     , 0.13085937500000000     , 0.12453148340590607     , 0.12055357290871224     ,
  0.11421765587240963     , 0.11172838123443457     , 0.10784573188770818     , 0.10541907260963798     , 0.10420318283558097     , 194*0.0000000000000000       ,
 
 ZBDRY=  0.0000000000000000     ,  4.6875000000000000E-002,  9.3750000000000000E-002, 0.14062500000000000     , 0.18750000000000000     ,
  0.21480067992253440     , 0.25781250000000000     , 0.28776834672794493     , 0.32812500000000000     , 0.35156250000000000     , 0.37849029807540807     ,
  0.40491745141596575     , 0.42506766369076870     , 0.44531250000000000     , 0.46758908816713923     , 0.47839240738856093     , 0.49218750000000000     ,
  0.50264287619615566     , 0.51340843909074141     , 0.51762652152420285     , 0.52415054654482995     , 0.52783987475175254     , 0.52920236954820077     ,
  0.52855292778327845     , 0.52605821236227834     , 0.52177631808881564     , 0.51569959047491909     , 0.51239766394481778     , 0.50444365731656327     ,
  0.49444490479730629     , 0.48897192931145023     , 0.47670607393420894     , 0.46875000000000000     , 0.45433846076884304     , 0.44531250000000000     ,
  0.42668366453959511     , 0.41623897345467786     , 0.39843750000000000     , 0.38095014638798586     , 0.36790112641366779     , 0.35156250000000000     ,
  0.32812500000000000     , 0.30971117008460314     , 0.29372673309088126     , 0.27709650741658337     , 0.25781250000000000     , 0.23437500000000000     ,
  0.21093750000000000     , 0.18750000000000000     , 0.16406250000000000     , 0.14062500000000000     , 0.11718750000000000     ,  8.8313514685776570E-002,
   4.6875000000000000E-002,  0.0000000000000000     , -4.6875000000000000E-002, -7.0312500000000000E-002, -9.3750000000000000E-002,-0.11718750000000000     ,
 -0.14062500000000000     ,-0.16406250000000000     ,-0.18750000000000000     ,-0.21093750000000000     ,-0.22883027181793966     ,-0.24391388561558389     ,
 -0.25832354502901239     ,-0.28125000000000000     ,-0.29834861851332717     ,-0.31068480643949536     ,-0.32812500000000000     ,-0.34470225038076702     ,
 -0.35500349211679499     ,-0.37411673420284608     ,-0.38318403038911852     ,-0.39843750000000000     ,-0.40686702561513510     ,-0.42007828330026425     ,
 -0.42622512964986564     ,-0.43707720357547947     ,-0.44531250000000000     ,-0.44997168194125664     ,-0.45670518094160911     ,-0.46156875203810821     ,
 -0.46466634686754360     ,-0.46601463233113971     ,-0.46551853647928226     ,-0.46295933027348291     ,-0.45793617336816683     ,-0.44979642193248320     ,
 -0.44438507506202218     ,-0.43125555774202634     ,-0.42187500000000000     ,-0.40134193432397347     ,-0.38791010349392774     ,-0.37170812859082286     ,
 -0.35156250000000000     ,-0.32812500000000000     ,-0.30039845923003333     ,-0.26495501488373446     ,-0.23437500000000000     ,-0.21093750000000000     ,
 -0.16406250000000000     ,-0.14062500000000000     , -9.3750000000000000E-002, -4.6875000000000000E-002, 195*0.0000000000000000       ,
 NBDRY=106        ,
 FWTSI= 4*0.0000000000000000       , 3*1.0000000000000000E-002  , 3*0.0000000000000000       ,  1.0000000000000000E-002,
 FWTCUR=  1.0000000000000000E-004,
 MXITER=100        ,
 NXITER=1          ,
 LIMITR=16         ,
 XLIM= 0.10400000000000000     , 2*0.13370000000000001      , 2*0.59999999999999998      , 2*0.69999999999999996      , 2*0.76000000000000001      ,
  2*0.69999999999999996      , 2*0.59999999999999998      , 2*0.13370000000000001      , 2*0.10400000000000000      , 143*0.0000000000000000       ,
 YLIM= 0.57499999999999996     , 0.72789999999999999     , 2*1.1850000000000001       , 2*0.59999999999999998      , 2*0.58499999999999996      ,
  2*-0.58499999999999996     , 2*-0.59999999999999998     , 2*-1.1850000000000001      ,-0.72789999999999999     ,-0.57499999999999996     , 0.57499999999999996     ,
  143*0.0000000000000000       ,
 ERROR=  1.0000000000000001E-005,
 ICONVR=2          ,
 IBUNMN=1          ,
 PRESSR= 201*0.0000000000000000       ,
 RPRESS= 201*0.0000000000000000       ,
 NQPSI=129        ,
 NPRESS=0          ,
 SIGPRE= 201*0.0000000000000000       ,
 QPSI=  6.8785098746436724     ,  1.9066657608731670     ,  1.8600633302403133     ,  1.8416891885385809     ,  1.8309723654075174     ,
   1.8258187857950379     ,  1.8280059375966555     ,  1.8252184484191156     ,  1.8242599139453146     ,  1.8257119792634227     ,  1.8259932856788723     ,
   1.8267679448858529     ,  1.8283381150159914     ,  1.8308280046422152     ,  1.8333413606339855     ,  1.8352179030417197     ,  1.8375946602035753     ,
   1.8408504232052243     ,  1.8441450907197334     ,  1.8473844366109748     ,  1.8507233842962594     ,  1.8541791605383464     ,  1.8580075139332100     ,
   1.8622386891640486     ,  1.8664952412552349     ,  1.8707979808693684     ,  1.8751902488398851     ,  1.8797712892171534     ,  1.8846803631878790     ,
   1.8899105313853330     ,  1.8951087795167809     ,  1.9006005096042751     ,  1.9060667445423252     ,  1.9118148095842942     ,  1.9177263625812806     ,
   1.9239726536779791     ,  1.9304278690172660     ,  1.9369447118222047     ,  1.9438139078048031     ,  1.9507669673224215     ,  1.9579356591695145     ,
   1.9653005180664331     ,  1.9729625895577789     ,  1.9809598294511366     ,  1.9890943041099627     ,  1.9974795851822749     ,  2.0061644464770123     ,
   2.0149879200780410     ,  2.0241409047848085     ,  2.0335465685448417     ,  2.0432844422267031     ,  2.0533783006852482     ,  2.0636513029572918     ,
   2.0742650024411464     ,  2.0852500923233821     ,  2.0965120780573714     ,  2.1080965165241796     ,  2.1200554843382768     ,  2.1323573970645224     ,
   2.1450865258695511     ,  2.1581904147635096     ,  2.1716798869111247     ,  2.1855886761332690     ,  2.1999301147168673     ,  2.2146674152979888     ,
   2.2298982112773427     ,  2.2456005494236377     ,  2.2618407881323668     ,  2.2785597138775504     ,  2.2958185786145968     ,  2.3136095739922493     ,
   2.3320103522031306     ,  2.3510064229324779     ,  2.3706149755398713     ,  2.3908671819545608     ,  2.4118046917501061     ,  2.4334409776234769     ,
   2.4558512329234023     ,  2.4789963189822726     ,  2.5029524225424811     ,  2.5277506546669199     ,  2.5534504846267199     ,  2.5800240498382525     ,
   2.6076018938169785     ,  2.6361809284552891     ,  2.6658392538192976     ,  2.6965742022969903     ,  2.7285144853531849     ,  2.7616744354204328     ,
   2.7961620128010956     ,  2.8320069800624692     ,  2.8692555159548530     ,  2.9080814946894016     ,  2.9485574784658599     ,  2.9906535342810563     ,
   3.0346043451698144     ,  3.0805631131762481     ,  3.1284454298774182     ,  3.1785257287462931     ,  3.2309521342653995     ,  3.2859576537546942     ,
   3.3434801097051947     ,  3.4037164069438486     ,  3.4672155221138388     ,  3.5340104918463791     ,  3.6041701284542360     ,  3.6781004793808920     ,
   3.7562043880791225     ,  3.8386258376827116     ,  3.9258631839318348     ,  4.0185892624282245     ,  4.1167782032207505     ,  4.2208526647146103     ,
   4.3324708862102792     ,  4.4515001013385920     ,  4.5782509180341018     ,  4.7145200459856298     ,  4.8613045542968587     ,  5.0186649813284667     ,
   5.1902601948221205     ,  5.3752611725321815     ,  5.5760184431205211     ,  5.7974249369012911     ,  6.0387873377201222     ,  6.3068654855070951     ,
   6.6044050509635586     ,  6.9365986408555633     ,  7.3099000901343434     ,  7.7254634483685765     ,
 PRESSW= 129*0.0000000000000000       ,
 /
&BASIS
 KPPFNC=0          ,
 KPPKNT=0          ,
 PPKNT= 64*0.0000000000000000       ,
 PPTENS=  0.0000000000000000     ,
 KFFFNC=0          ,
 KFFKNT=0          ,
 FFKNT= 64*0.0000000000000000       ,
 FFTENS=  0.0000000000000000     ,
 KWWFNC=0          ,
 KWWKNT=0          ,
 WWKNT= 64*0.0000000000000000       ,
 WWTENS=  0.0000000000000000     ,
 PPBDRY=  22532.789481220017     ,  5796.6353509526352     , 62*0.0000000000000000       ,
 PP2BDRY= 64*0.0000000000000000       ,
 KPPBDRY= 64*0          ,
 KPP2BDRY= 64*0          ,
 FFBDRY= 0.21462387653074466     ,  6.1291025071904141E-002, 62*0.0000000000000000       ,
 FF2BDRY= 64*0.0000000000000000       ,
 KFFBDRY= 64*0          ,
 KFF2BDRY= 64*0          ,
 WWBDRY=-0.74213425438856828     , -1.8675647514893431E-003, 62*0.0000000000000000       ,
 WW2BDRY= 64*0.0000000000000000       ,
 KWWBDRY= 64*0          ,
 KWW2BDRY= 64*0          ,
 KEEFNC=0          ,
 KEEKNT=0          ,
 EEKNT= 32*0.0000000000000000       ,
 EETENS=  5.0000000000000000     ,
 EEBDRY= 32*0.0000000000000000       ,
 EE2BDRY= 32*0.0000000000000000       ,
 KEEBDRY= 32*0          ,
 KEE2BDRY= 32*0          ,
 /
&CHIOUT
 SAISIL= 4*0.0000000000000000       ,  4.5394085799036739E-011,  1.7583524582275599E-012,  4.4379257462858628E-011, 3*0.0000000000000000       ,
   1.7107483509446643E-011,
 SAIMPI=  2.0614243200494164E-008,  2.4380536858191924E-008,  2.9122823498081180E-008,  3.4958530723544296E-008,  3.3810439492020343E-008,
   3.3612732247997223E-008,  3.2260940324260472E-008,  3.2319292014673886E-008,  3.1784524846985080E-008,  2.9885171142029099E-008,  2.8345065987304357E-008,
   2.6886117101073312E-008,  2.5613802330650888E-008,  2.4754971245820244E-008,  2.4466807349274057E-008,  2.4599713845648789E-008,  2.4970730237796872E-008,
   2.5379268960410059E-008,  2.5774256263681147E-008,  2.5403051964253693E-008,  2.4589424996090876E-008,  2.3810707095689183E-008,  2.3530899713872911E-008,
   2.4041406610851121E-008,  2.2721213471124695E-008,  1.9803463620179575E-008,  1.6343425309333143E-008,  1.2914918071593827E-011,  1.3763605106340505E-010,
   2.9882453088753897E-010,  2.7857048874437707E-010,  1.3195937334792105E-010,  1.2755660218954096E-011,  3.7436170703984153E-011,  6.7123828272500005E-010,
   1.1025517788873109E-009,  1.3433198565549250E-009,  1.1969362719724648E-009,  9.3483092754171659E-010,  6.1188510400561016E-010,  2.8121769272827589E-010,
   4.3068577670006918E-011,  1.3026415984388430E-011,  1.3512500769379923E-010,  3.5312365295417582E-010,  4.6182859145583356E-010,  2.4789067948848049E-010,
   7.9792597151808486E-012,  8.4542994449054421E-009,  8.5628656348750932E-009,  8.8369893622533928E-009,  9.2933789322281272E-009,  9.9539337877799563E-009,
   1.0874753582099361E-008,  1.2213392821369617E-008,  1.4429865359921161E-008,  7.8005788093055697E-009,  7.9971613863223987E-009,  8.3410870488784594E-009,
   8.8531739477840791E-009,  9.5584079411114452E-009,  1.0514634812896523E-008,  1.1879362191894887E-008,  1.4109676707466380E-008,
 CHIPASMA=  686.53077310475715     ,
 SAIPRE= 201*0.0000000000000000       ,
 /
                                            MAG
